Date,Close,SMA20,SMA50,SMA200,Bullish Crossover,Bearish Crossover,Crossover Type
2021-08-16,151.1199951171875,,,,False,False,
2021-08-17,150.19000244140625,,,,False,False,
2021-08-18,146.36000061035156,,,,False,False,
2021-08-19,146.6999969482422,,,,False,False,
2021-08-20,148.19000244140625,,,,False,False,
2021-08-23,149.7100067138672,,,,False,False,
2021-08-24,149.6199951171875,,,,False,False,
2021-08-25,148.36000061035156,,,,False,False,
2021-08-26,147.5399932861328,,,,False,False,
2021-08-27,148.60000610351562,,,,False,False,
2021-08-30,153.1199951171875,,,,False,False,
2021-08-31,151.8300018310547,,,,False,False,
2021-09-01,152.50999450683594,,,,False,False,
2021-09-02,153.64999389648438,,,,False,False,
2021-09-03,154.3000030517578,,,,False,False,
2021-09-07,156.69000244140625,,,,False,False,
2021-09-08,155.11000061035156,,,,False,False,
2021-09-09,154.07000732421875,,,,False,False,
2021-09-10,148.97000122070312,,,,False,False,
2021-09-13,149.5500030517578,150.80950012207032,,,False,False,
2021-09-14,148.1199951171875,150.6595001220703,,,False,False,
2021-09-15,149.02999877929688,150.60149993896485,,,False,False,
2021-09-16,148.7899932861328,150.7229995727539,,,False,False,
2021-09-17,146.05999755859375,150.69099960327148,,,False,False,
2021-09-20,142.94000244140625,150.4284996032715,,,False,False,
2021-09-21,143.42999267578125,150.1144989013672,,,False,False,
2021-09-22,145.85000610351562,149.9259994506836,,,False,False,
2021-09-23,146.8300018310547,149.84949951171876,,,False,False,
2021-09-24,146.9199981689453,149.81849975585936,,,False,False,
2021-09-27,145.3699951171875,149.65699920654296,,,False,False,
2021-09-28,141.91000366210938,149.09649963378905,,,False,False,
2021-09-29,142.8300018310547,148.64649963378906,,,False,False,
2021-09-30,141.5,148.09599990844725,,,False,False,
2021-10-01,142.64999389648438,147.54599990844727,,,False,False,
2021-10-04,139.13999938964844,146.7879997253418,,,False,False,
2021-10-05,141.11000061035156,146.00899963378907,,,False,False,
2021-10-06,142.0,145.35349960327147,,,False,False,
2021-10-07,143.2899932861328,144.8144989013672,,,False,False,
2021-10-08,142.89999389648438,144.51099853515626,,,False,False,
2021-10-11,142.80999755859375,144.17399826049805,,,False,False,
2021-10-12,141.50999450683594,143.84349822998047,,,False,False,
2021-10-13,140.91000366210938,143.4374984741211,,,False,False,
2021-10-14,143.75999450683594,143.18599853515624,,,False,False,
2021-10-15,144.83999633789062,143.1249984741211,,,False,False,
2021-10-18,146.5500030517578,143.30549850463868,,,False,False,
2021-10-19,148.75999450683594,143.5719985961914,,,False,False,
2021-10-20,149.25999450683594,143.74249801635742,,,False,False,
2021-10-21,149.47999572753906,143.87499771118163,,,False,False,
2021-10-22,148.69000244140625,143.9634979248047,,,False,False,
2021-10-25,148.63999938964844,144.12699813842772,147.24139892578125,,False,False,
2021-10-26,149.32000732421875,144.49749832153321,147.20539916992186,,False,False,
2021-10-27,148.85000610351562,144.79849853515626,147.17859924316406,,False,False,
2021-10-28,152.57000732421875,145.35199890136718,147.3027993774414,,False,False,
2021-10-29,149.8000030517578,145.70949935913086,147.36479949951172,,False,False,
2021-11-01,148.9600067138672,146.20049972534179,147.38019958496093,,False,False,
2021-11-02,150.02000427246094,146.64599990844727,147.3863995361328,,False,False,
2021-11-03,151.49000549316406,147.12050018310546,147.42379974365235,,False,False,
2021-11-04,150.9600067138672,147.50400085449218,147.47579986572265,,True,False,Bullish
2021-11-05,151.27999877929688,147.92300109863282,147.55059997558592,,False,False,
2021-11-08,150.44000244140625,148.30450134277345,147.58739990234375,,False,False,
2021-11-09,150.80999755859375,148.76950149536134,147.54119995117188,,False,False,
2021-11-10,147.9199981689453,149.12000122070313,147.4629998779297,,False,False,
2021-11-11,147.8699951171875,149.32550125122071,147.37019989013672,,False,False,
2021-11-12,149.99000549316406,149.58300170898437,147.2970001220703,,False,False,
2021-11-15,150.0,149.7555015563965,147.21100006103515,,False,False,
2021-11-16,151.0,149.86750183105468,147.09720001220703,,False,False,
2021-11-17,153.49000549316406,150.0790023803711,147.06480010986328,,False,False,
2021-11-18,157.8699951171875,150.4985023498535,147.14079986572267,,False,False,
2021-11-19,160.5500030517578,151.09150238037108,147.37239990234374,,False,False,
2021-11-22,161.02000427246094,151.71050262451172,147.60179992675782,,False,False,
2021-11-23,161.41000366210938,152.31500244140625,147.86760009765624,,False,False,
2021-11-24,161.94000244140625,152.9695022583008,148.12580017089843,,False,False,
2021-11-26,156.80999755859375,153.18150177001954,148.28620025634766,,False,False,
2021-11-29,160.24000549316406,153.70350189208983,148.56980041503905,,False,False,
2021-11-30,165.3000030517578,154.52050170898437,149.0170004272461,,False,False,
2021-12-01,164.77000427246094,155.25800170898438,149.4438006591797,,False,False,
2021-12-02,163.75999450683594,155.87150115966796,149.8020004272461,,False,False,
2021-12-03,161.83999633789062,156.41550064086914,150.10220031738282,,False,False,
2021-12-06,165.32000732421875,157.11750106811525,150.4702005004883,,False,False,
2021-12-07,171.17999267578125,158.15450057983398,150.98640045166016,,False,False,
2021-12-08,175.0800018310547,159.36800079345704,151.64980041503907,,False,False,
2021-12-09,174.55999755859375,160.70000076293945,152.28440032958986,,False,False,
2021-12-10,179.4499969482422,162.27900085449218,153.04340026855468,,False,False,
2021-12-13,175.74000549316406,163.56650085449218,153.70520050048827,,False,False,
2021-12-14,174.3300018310547,164.78300094604492,154.4090005493164,,False,False,
2021-12-15,179.3000030517578,166.1980010986328,155.17280059814453,,False,False,
2021-12-16,172.25999450683594,167.1365005493164,155.77800048828124,,False,False,
2021-12-17,171.13999938964844,167.80000076293945,156.33500061035156,,False,False,
2021-12-20,169.75,168.26000061035157,156.87200073242187,,False,False,
2021-12-21,172.99000549316406,168.8585006713867,157.4756008911133,,False,False,
2021-12-22,175.63999938964844,169.57000045776368,158.15820098876952,,False,False,
2021-12-23,176.27999877929688,170.2870002746582,158.86560089111327,,False,False,
2021-12-27,180.3300018310547,171.46300048828124,159.59700103759766,,False,False,
2021-12-28,179.2899932861328,172.41549987792968,160.2860009765625,,False,False,
2021-12-29,179.3800048828125,173.11949996948243,160.9426010131836,,False,False,
2021-12-30,178.1999969482422,173.79099960327147,161.53140106201172,,False,False,
2021-12-31,177.57000732421875,174.48150024414062,162.09760131835938,,False,False,
2022-01-03,182.009994506836,175.4900001525879,162.7482012939453,,False,False,
2022-01-04,179.6999969482422,176.20899963378906,163.36840118408202,,False,False,
2022-01-05,174.9199981689453,176.39599990844727,163.89400115966797,,False,False,
2022-01-06,172.0,176.24199981689452,164.3476010131836,,False,False,
2022-01-07,172.1699981689453,176.12249984741212,164.81400085449218,,False,False,
2022-01-10,172.19000244140625,175.7595001220703,165.20640075683593,,False,False,
2022-01-11,175.0800018310547,175.72649993896485,165.71200073242187,,False,False,
2022-01-12,175.52999877929688,175.78649978637696,166.24340057373047,,False,False,
2022-01-13,172.19000244140625,175.43099975585938,166.68680053710938,,False,False,
2022-01-14,173.07000732421875,175.47150039672852,167.11840057373047,,False,False,
2022-01-18,169.8000030517578,175.40450057983398,167.4952005004883,,False,False,
2022-01-19,166.22999572753906,175.22850036621094,167.79420043945314,,False,False,
2022-01-20,164.50999450683594,174.80449981689452,168.0756002807617,,False,False,
2022-01-21,162.41000366210938,174.14300003051758,168.30760040283204,,False,False,
2022-01-24,161.6199951171875,173.4099998474121,168.58160034179687,,False,False,
2022-01-25,159.77999877929688,172.38249969482422,168.81980041503905,,False,False,
2022-01-26,159.69000244140625,171.4025001525879,169.0138003540039,,False,False,
2022-01-27,159.22000122070312,170.3944999694824,169.19820037841797,,False,False,
2022-01-28,170.3300018310547,170.00100021362306,169.58480041503907,,False,False,
2022-01-31,174.77999877929688,169.86149978637695,170.0106002807617,,False,True,Bearish
2022-02-01,174.61000061035156,169.49150009155272,170.345400390625,,False,False,
2022-02-02,175.83999633789062,169.29850006103516,170.65120025634766,,False,False,
2022-02-03,172.89999389648438,169.1974998474121,170.88880004882813,,False,False,
2022-02-04,172.38999938964844,169.21699981689454,171.1083999633789,,False,False,
2022-02-07,171.66000366210938,169.19150009155274,171.30279998779298,,False,False,
2022-02-08,174.8300018310547,169.32350006103516,171.6632000732422,,False,False,
2022-02-09,176.27999877929688,169.38349990844728,171.98399993896484,,False,False,
2022-02-10,172.1199951171875,169.2129997253418,172.12039978027343,,False,False,
2022-02-11,168.63999938964844,169.0354995727539,172.1977996826172,,False,False,
2022-02-14,168.8800048828125,168.82599945068358,172.30019989013672,,False,False,
2022-02-15,172.7899932861328,168.97549896240236,172.51919982910155,,False,False,
2022-02-16,172.5500030517578,169.29149932861327,172.66379974365233,,False,False,
2022-02-17,168.8800048828125,169.5099998474121,172.61779998779298,,False,False,
2022-02-18,167.3000030517578,169.75449981689454,172.46220001220703,,False,False,
2022-02-22,164.32000732421875,169.8895004272461,172.25740020751954,,False,False,
2022-02-23,160.07000732421875,169.90400085449218,171.86980041503907,,False,False,
2022-02-24,162.74000549316406,170.05650100708007,171.60980041503908,,False,False,
2022-02-25,164.85000610351562,170.3380012512207,171.42020050048828,,False,False,
2022-02-28,165.1199951171875,170.07750091552734,171.13660034179688,,False,False,
2022-03-01,163.1999969482422,169.4985008239746,170.955400390625,,False,False,
2022-03-02,166.55999755859375,169.09600067138672,170.8638003540039,,False,False,
2022-03-03,166.22999572753906,168.61550064086913,170.79340026855468,,False,False,
2022-03-04,163.1699981689453,168.12900085449218,170.5970001220703,,False,False,
2022-03-07,159.3000030517578,167.47450103759766,170.2702001953125,,False,False,
2022-03-08,157.44000244140625,166.7635009765625,169.8934002685547,,False,False,
2022-03-09,162.9499969482422,166.16950073242188,169.54580017089845,,False,False,
2022-03-10,158.52000427246094,165.28150100708007,169.130400390625,,False,False,
2022-03-11,154.72999572753906,164.41200103759766,168.63740020751953,,False,False,
2022-03-14,150.6199951171875,163.5110008239746,168.08580017089844,,False,False,
2022-03-15,155.08999633789062,162.8215003967285,167.63619995117188,,False,False,
2022-03-16,159.58999633789062,162.1615005493164,167.18779998779297,,False,False,
2022-03-17,160.6199951171875,161.56500015258788,166.80619995117186,,False,False,
2022-03-18,163.97999572753906,161.31999969482422,166.58739990234375,,False,False,
2022-03-21,165.3800048828125,161.22399978637696,166.455,,False,False,
2022-03-22,168.82000732421875,161.44899978637696,166.38800018310548,,False,False,
2022-03-23,170.2100067138672,161.95599975585938,166.34840026855468,,False,False,
2022-03-24,174.07000732421875,162.52249984741212,166.32820037841796,,False,False,
2022-03-25,174.72000122070312,163.0159996032715,166.3120004272461,,False,False,
2022-03-28,175.60000610351562,163.54000015258788,166.3802005004883,,False,False,
2022-03-29,178.9600067138672,164.32800064086913,166.49800048828126,,False,False,
2022-03-30,177.77000427246094,164.8885009765625,166.65740051269532,,False,False,
2022-03-31,174.61000061035156,165.30750122070313,166.82500061035157,,False,False,
2022-04-01,174.30999755859375,165.86450119018554,167.02100067138673,,False,False,
2022-04-04,178.44000244140625,166.82150115966797,167.34160064697267,,False,False,
2022-04-05,175.05999755859375,167.70250091552734,167.6104006958008,,True,False,Bullish
2022-04-06,171.8300018310547,168.14650115966796,167.85140075683594,,False,False,
2022-04-07,172.13999938964844,168.82750091552734,168.10040069580077,,False,False,
2022-04-08,170.08999633789062,169.59550094604492,168.31780059814454,,False,False,
2022-04-11,165.75,170.35200119018555,168.22620056152343,,False,False,
2022-04-12,167.66000366210938,170.9805015563965,168.0838006591797,,False,False,
2022-04-13,170.39999389648438,171.52100143432617,167.99960052490235,,False,False,
2022-04-14,165.2899932861328,171.75450134277344,167.7886004638672,,False,False,
2022-04-18,165.07000732421875,171.80900192260742,167.6320007324219,,False,False,
2022-04-19,167.39999389648438,171.910001373291,167.5322006225586,,False,False,
2022-04-20,167.22999572753906,171.83050079345702,167.4436004638672,,False,False,
2022-04-21,166.4199981689453,171.64100036621093,167.275400390625,,False,False,
2022-04-22,161.7899932861328,171.02699966430663,166.98560028076173,,False,False,
2022-04-25,162.8800048828125,170.43499984741212,166.80080047607422,,False,False,
2022-04-26,156.8000030517578,169.49499969482423,166.5640005493164,,False,False,
2022-04-27,156.57000732421875,168.3754997253418,166.31780059814454,,False,False,
2022-04-28,163.63999938964844,167.66899948120118,166.13480072021486,,False,False,
2022-04-29,157.64999389648438,166.8209991455078,165.83680053710938,,False,False,
2022-05-02,157.9600067138672,166.00349960327148,165.61840057373047,,False,False,
2022-05-03,159.47999572753906,165.0554992675781,165.4620004272461,,False,True,Bearish
2022-05-04,166.02000427246094,164.60349960327147,165.49600036621095,,False,False,
2022-05-05,156.77000427246094,163.8504997253418,165.43000030517578,,False,False,
2022-05-06,157.27999877929688,163.1074996948242,165.32080017089845,,False,False,
2022-05-09,152.05999755859375,162.20599975585938,165.065,,False,False,
2022-05-10,154.50999450683594,161.64399948120118,164.85279998779296,,False,False,
2022-05-11,146.5,160.58599929809571,164.51880004882813,,False,False,
2022-05-12,142.55999755859375,159.19399948120116,164.03880004882814,,False,False,
2022-05-13,147.11000061035156,158.2849998474121,163.65640014648437,,False,False,
2022-05-16,145.5399932861328,157.30849914550782,163.30380004882812,,False,False,
2022-05-17,149.24000549316406,156.4004997253418,163.10260009765625,,False,False,
2022-05-18,140.82000732421875,155.0800003051758,162.7702001953125,,False,False,
2022-05-19,137.35000610351562,153.6265007019043,162.25820037841797,,False,False,
2022-05-20,137.58999633789062,152.4165008544922,161.83960021972655,,False,False,
2022-05-23,143.11000061035156,151.42800064086913,161.60720031738282,,False,False,
2022-05-24,140.36000061035156,150.60600051879882,161.4020004272461,,False,False,
2022-05-25,140.52000427246094,149.80350036621093,161.1106005859375,,False,False,
2022-05-26,143.77999877929688,148.81050033569335,160.79440063476562,,False,False,
2022-05-27,149.63999938964844,148.41000061035157,160.57480072021485,,False,False,
2022-05-31,148.83999633789062,147.95400009155273,160.27200073242187,159.4987001800537,False,False,
2022-06-01,148.7100067138672,147.41550064086914,159.93860076904298,159.4866502380371,False,False,
2022-06-02,151.2100067138672,146.67500076293945,159.58640075683593,159.49175025939942,False,False,
2022-06-03,145.3800048828125,146.10550079345703,159.08980072021484,159.48685028076173,False,False,
2022-06-06,146.13999938964844,145.54850082397462,158.53120056152343,159.48405029296876,False,False,
2022-06-07,148.7100067138672,145.3810012817383,158.0110006713867,159.48665031433106,False,False,
2022-06-08,147.9600067138672,145.05350189208986,157.45820068359376,159.47790031433107,False,False,
2022-06-09,142.63999938964844,144.86050186157226,156.73180053710936,159.44300033569337,False,False,
2022-06-10,137.1300048828125,144.5890022277832,155.9190005493164,159.38685035705566,False,False,
2022-06-13,131.8800048828125,143.82750244140624,155.06440063476563,159.30855041503906,False,False,
2022-06-14,132.75999450683594,143.1885025024414,154.23340057373048,159.22935035705567,False,False,
2022-06-15,135.42999267578125,142.49800186157228,153.37320037841798,159.14090034484863,False,False,
2022-06-16,130.05999755859375,141.96000137329102,152.47320037841797,159.03205032348632,False,False,
2022-06-17,131.55999755859375,141.6705009460449,151.66780029296876,158.9273003387451,False,False,
2022-06-21,135.8699951171875,141.58450088500976,150.94240020751954,158.83840034484862,False,False,
2022-06-22,135.35000610351562,141.19650115966797,150.24760040283203,158.7436503601074,False,False,
2022-06-23,138.27000427246094,141.09200134277344,149.69800048828125,158.6515503692627,False,False,
2022-06-24,141.66000366210938,141.14900131225585,149.17800048828124,158.5843003845215,False,False,
2022-06-27,141.66000366210938,141.0430015563965,148.60320068359374,158.52225036621093,False,False,
2022-06-28,137.44000244140625,140.43300170898436,148.04620086669922,158.46460037231446,False,False,
2022-06-29,139.22999572753906,139.9525016784668,147.52940063476564,158.41300033569337,False,False,
2022-06-30,136.72000122070312,139.3530014038086,146.91580078125,158.35600036621094,False,False,
2022-07-01,138.92999267578125,138.7390007019043,146.34980072021483,158.30550033569335,False,False,
2022-07-05,141.55999755859375,138.54800033569336,145.8526007080078,158.26935035705566,False,False,
2022-07-06,142.9199981689453,138.3870002746582,145.47520080566406,158.25365036010743,False,False,
2022-07-07,146.35000610351562,138.2690002441406,145.14460083007813,158.27070037841796,False,False,
2022-07-08,147.0399932861328,138.2229995727539,144.94940063476562,158.28875038146973,False,False,
2022-07-11,144.8699951171875,138.33449935913086,144.715400390625,158.28385032653807,False,False,
2022-07-12,145.86000061035156,138.7709991455078,144.35980041503908,158.27900032043456,False,False,
2022-07-13,145.49000549316406,139.45149917602538,144.11660064697264,158.27185035705565,False,False,
2022-07-14,148.47000122070312,140.23699951171875,143.9268005371094,158.28735038757324,False,False,
2022-07-15,150.1699981689453,140.97399978637696,143.7406005859375,158.32865036010742,False,False,
2022-07-18,147.07000732421875,141.8245002746582,143.36160064697265,158.34985038757324,False,False,
2022-07-19,151.0,142.7965003967285,143.24620056152344,158.39735038757325,False,False,
2022-07-20,153.0399932861328,143.65500030517578,143.16140045166014,158.44930038452148,True,False,Bullish
2022-07-21,155.35000610351562,144.65500030517578,143.2272006225586,158.53035041809082,False,False,
2022-07-22,154.08999633789062,145.44599990844728,143.2188006591797,158.59525039672852,False,False,
2022-07-25,152.9499969482422,146.0104995727539,143.34780059814454,158.65000038146974,False,False,
2022-07-26,151.60000610351562,146.50749969482422,143.52860076904298,158.69155044555663,False,False,
2022-07-27,156.7899932861328,147.47499923706056,143.7222006225586,158.7610004425049,False,False,
2022-07-28,157.35000610351562,148.38099975585936,143.95840087890625,158.83370048522949,False,False,
2022-07-29,162.50999450683594,149.670499420166,144.2238006591797,158.9387004852295,False,False,
2022-08-01,161.50999450683594,150.79949951171875,144.63760040283202,159.04170043945314,False,False,
2022-08-02,160.00999450683594,151.72199935913085,145.09080017089843,159.12295043945312,False,False,
2022-08-03,166.1300048828125,152.88249969482422,145.66160034179688,159.22940048217774,False,False,
2022-08-04,165.80999755859375,153.85549926757812,146.11560028076173,159.32570045471192,False,False,
2022-08-05,165.35000610351562,154.77099990844727,146.615400390625,159.40865051269532,False,False,
2022-08-08,164.8699951171875,155.77099990844727,147.10240020751954,159.48670051574706,False,False,
2022-08-09,164.9199981689453,156.72399978637696,147.5252001953125,159.5639005279541,False,False,
2022-08-10,169.24000549316406,157.91149978637696,147.91720031738282,159.66665054321288,False,False,
2022-08-11,168.49000549316406,158.9125,148.3102005004883,159.76590057373048,False,False,
2022-08-12,172.10000610351562,160.0090003967285,148.77800048828124,159.87980056762694,False,False,
2022-08-15,173.19000244140625,161.31500015258788,149.21760040283203,160.0015005493164,False,False,
2022-08-16,173.02999877929688,162.41650009155273,149.77060028076173,160.1038005065918,False,False,
2022-08-17,174.5500030517578,163.49200057983398,150.3388003540039,160.2275505065918,False,False,
2022-08-18,174.14999389648438,164.43199996948243,150.84760009765625,160.3535004425049,False,False,
2022-08-19,171.52000427246094,165.30350036621093,151.31880004882814,160.46100044250488,False,False,
2022-08-22,167.57000732421875,166.03450088500978,151.81740020751954,160.54140045166017,False,False,
2022-08-23,167.22999572753906,166.81600036621094,152.41940002441407,160.62275039672852,False,False,
2022-08-24,167.52999877929688,167.35300064086914,153.13239990234376,160.7040003967285,False,False,
2022-08-25,170.02999877929688,167.98700027465821,153.87779998779297,160.80195037841796,False,False,
2022-08-26,163.6199951171875,168.0425003051758,154.44160003662108,160.86600036621093,False,False,
2022-08-29,161.3800048828125,168.0360008239746,155.06800018310548,160.93330039978028,False,False,
2022-08-30,158.91000366210938,167.9810012817383,155.61500030517578,160.9885004425049,False,False,
2022-08-31,157.22000122070312,167.5355010986328,156.04200042724608,161.02465042114258,False,False,
2022-09-01,157.9600067138672,167.14300155639648,156.49420043945312,161.0644504547119,False,False,
2022-09-02,155.80999755859375,166.6660011291504,156.84500030517577,161.08850044250488,False,False,
2022-09-06,154.52999877929688,166.14900131225585,157.10240020751954,161.09370040893555,False,False,
2022-09-07,155.9600067138672,165.70100173950195,157.38840026855468,161.08415046691894,False,False,
2022-09-08,154.4600067138672,164.9620018005371,157.7288003540039,161.05370048522948,False,False,
2022-09-09,157.3699951171875,164.40600128173827,158.09160034179686,161.03545043945311,False,False,
2022-09-12,163.42999267578125,163.97250061035157,158.62580017089843,161.04555038452148,False,False,
2022-09-13,153.83999633789062,163.00500030517577,158.92400024414061,161.0050503540039,False,False,
2022-09-14,155.30999755859375,162.11900024414064,159.19900024414062,160.99755035400392,False,False,
2022-09-15,152.3699951171875,161.0099998474121,159.38800018310548,160.95820030212403,False,False,
2022-09-16,150.6999969482422,159.8375,159.475,160.88520027160644,False,False,
2022-09-19,154.47999572753906,158.9854995727539,159.62380004882812,160.83375022888183,False,True,Bearish
2022-09-20,156.89999389648438,158.45199890136718,159.86440002441407,160.79945022583007,False,False,
2022-09-21,153.72000122070312,157.7764991760254,160.0216000366211,160.75885025024414,False,False,
2022-09-22,152.74000549316406,157.03699951171876,160.1666000366211,160.69595024108887,False,False,
2022-09-23,150.42999267578125,156.05699920654297,160.20579986572267,160.59220024108888,False,False,
2022-09-26,150.77000427246094,155.41449966430665,160.21779998779297,160.4706502532959,False,False,
2022-09-27,151.75999450683594,154.93349914550782,160.3115997314453,160.3566502380371,False,False,
2022-09-28,149.83999633789062,154.47999877929686,160.28839965820313,160.20860023498534,False,False,
2022-09-29,142.47999572753906,153.74299850463868,160.07719970703124,160.04230018615723,False,False,
2022-09-30,138.1999969482422,152.75499801635743,159.73419952392578,159.86165016174317,False,False,
2022-10-03,142.4499969482422,152.08699798583984,159.50139953613282,159.6774001312256,False,False,
2022-10-04,146.10000610351562,151.66549835205078,159.3643997192383,159.546600189209,False,False,
2022-10-05,146.39999389648438,151.18749771118163,159.26039947509764,159.42290016174317,False,False,
2022-10-06,145.42999267578125,150.73599700927736,159.03319946289062,159.30130012512208,False,False,
2022-10-07,140.08999633789062,149.8719970703125,158.68799926757814,159.1368000793457,False,False,
2022-10-10,140.4199981689453,148.72149734497071,158.2461993408203,158.96070007324218,False,False,
2022-10-11,138.97999572753906,147.97849731445314,157.79559936523438,158.7742000579834,False,False,
2022-10-12,138.33999633789062,147.12999725341797,157.36219940185546,158.56425003051757,False,False,
2022-10-13,142.99000549316406,146.6609977722168,156.8993994140625,158.38275009155274,False,False,
2022-10-14,138.3800048828125,146.0449981689453,156.35079956054688,158.17775009155272,False,False,
2022-10-17,142.41000366210938,145.44149856567384,155.89199951171875,157.99880012512207,False,False,
2022-10-18,143.75,144.78399887084962,155.469599609375,157.82970008850097,False,False,
2022-10-19,143.86000061035156,144.29099884033204,155.04839965820312,157.63895011901855,False,False,
2022-10-20,143.38999938964844,143.82349853515626,154.53139953613282,157.4574001312256,False,False,
2022-10-21,147.27000427246094,143.66549911499024,154.10699951171875,157.31915016174315,False,False,
2022-10-24,149.4499969482422,143.5994987487793,153.65399932861328,157.20640014648438,False,False,
2022-10-25,152.33999633789062,143.62849884033204,153.23699920654298,157.1072501373291,False,False,
2022-10-26,149.35000610351562,143.60399932861327,152.76339935302735,156.99305015563965,False,False,
2022-10-27,144.8000030517578,143.71999969482422,152.16839935302735,156.84165016174316,False,False,
2022-10-28,155.74000549316406,144.5970001220703,151.80019958496095,156.7427001953125,False,False,
2022-10-31,153.33999633789062,145.14150009155273,151.43659942626954,156.64845016479492,False,False,
2022-11-01,150.64999389648438,145.36899948120117,151.09819915771484,156.53635009765625,False,False,
2022-11-02,145.02999877929688,145.3004997253418,150.65419921875,156.41250007629395,False,False,
2022-11-03,138.8800048828125,144.97300033569337,150.08119934082032,156.27575012207032,False,False,
2022-11-04,138.3800048828125,144.88750076293945,149.4481994628906,156.1451001739502,False,False,
2022-11-07,138.9199981689453,144.81250076293946,148.95419952392578,156.02765014648438,False,False,
2022-11-08,139.5,144.8385009765625,148.51659942626952,155.91705017089845,False,False,
2022-11-09,134.8699951171875,144.66500091552734,148.0357992553711,155.79250015258788,False,False,
2022-11-10,146.8699951171875,144.8590003967285,147.82879913330078,155.7284001159668,False,False,
2022-11-11,149.6999969482422,145.425,147.66359893798827,155.68080009460448,False,False,
2022-11-14,148.27999877929688,145.71849975585937,147.51299896240235,155.5705500793457,False,False,
2022-11-15,150.0399932861328,146.03299942016602,147.42319885253906,155.4468500518799,False,False,
2022-11-16,148.7899932861328,146.27949905395508,147.2797985839844,155.31775001525878,False,False,
2022-11-17,150.72000122070312,146.6459991455078,147.20499847412108,155.19215003967284,False,False,
2022-11-18,151.2899932861328,146.8469985961914,147.0833984375,155.0841000366211,False,False,
2022-11-21,148.00999450683594,146.7749984741211,146.7749984741211,154.96220001220703,False,False,
2022-11-22,150.17999267578125,146.66699829101563,146.7017984008789,154.8547999572754,False,True,Bearish
2022-11-23,151.07000732421875,146.75299835205078,146.6169985961914,154.7359999847412,True,False,Bullish
2022-11-25,148.11000061035156,146.91849822998046,146.5317987060547,154.59514999389648,False,False,
2022-11-28,144.22000122070312,146.3424980163574,146.4021987915039,154.45565002441407,False,True,Bearish
2022-11-29,141.1699981689453,145.73399810791017,146.13599884033204,154.31830001831054,False,False,
2022-11-30,148.02999877929688,145.60299835205078,145.95859893798828,154.21404998779298,False,False,
2022-12-01,148.30999755859375,145.76699829101562,145.8503988647461,154.09165000915527,False,False,
2022-12-02,147.80999755859375,146.2134979248047,145.7517987060547,153.96794998168946,True,False,Bullish
2022-12-05,146.6300048828125,146.6259979248047,145.67579895019531,153.85669998168945,False,False,
2022-12-06,142.91000366210938,146.82549819946288,145.5185989379883,153.7347499847412,False,False,
2022-12-07,140.94000244140625,146.8974983215332,145.3021990966797,153.61784996032713,False,False,
2022-12-08,142.64999389648438,147.28649826049804,145.15839904785156,153.53074989318847,False,False,
2022-12-09,142.16000366210938,147.05099868774414,145.15199920654297,153.4278498840332,False,False,
2022-12-12,144.49000549316406,146.79049911499024,145.2777993774414,153.32604988098146,False,False,
2022-12-13,145.47000122070312,146.64999923706054,145.33819946289063,153.22779991149903,False,False,
2022-12-14,143.2100067138672,146.30849990844726,145.28039947509765,153.12784996032715,False,False,
2022-12-15,136.5,145.69400024414062,145.08239959716798,152.97754997253418,False,False,
2022-12-16,134.50999450683594,144.88349990844728,144.86399963378906,152.81894996643067,False,False,
2022-12-19,132.3699951171875,143.9375,144.709599609375,152.66494995117188,False,True,Bearish
2022-12-20,132.3000030517578,143.1520004272461,144.54719970703124,152.5299499511719,False,False,
2022-12-21,135.4499969482422,142.41550064086914,144.4765997314453,152.41999992370606,False,False,
2022-12-22,132.22999572753906,141.47350006103517,144.35439971923827,152.26639991760254,False,False,
2022-12-23,131.86000061035156,140.66100006103517,144.13179962158202,152.133099899292,False,False,
2022-12-27,130.02999877929688,139.95149993896484,143.9647994995117,152.0095999145508,False,False,
2022-12-28,126.04000091552734,139.19500007629395,143.63739944458007,151.88669994354248,False,False,
2022-12-29,129.61000061035156,138.27400016784668,143.3545994567871,151.75929996490478,False,False,
2022-12-30,129.92999267578125,137.35499992370606,143.0759992980957,151.61099994659423,False,False,
2023-01-03,125.06999969482422,136.21800003051757,142.70959930419923,151.43324996948243,False,False,
2023-01-04,126.36000061035156,135.20449981689453,142.29139923095704,151.2451499938965,False,False,
2023-01-05,125.0199966430664,134.30999946594238,141.80279922485352,151.04334995269775,False,False,
2023-01-06,129.6199951171875,133.74399909973144,141.34839920043945,150.8473498916626,False,False,
2023-01-09,130.14999389648438,133.11899909973144,140.96439895629882,150.64704982757567,False,False,
2023-01-10,130.72999572753906,132.54749870300293,140.68299880981445,150.43034976959228,False,False,
2023-01-11,133.49000549316406,131.99749870300292,140.23799880981446,150.2241997909546,False,False,
2023-01-12,133.41000366210938,131.39449882507324,139.83939895629882,150.01324977874756,False,False,
2023-01-13,134.75999450683594,130.97199821472168,139.52159896850586,149.7922497177124,False,False,
2023-01-17,135.94000244140625,130.943998336792,139.33979904174805,149.58309970855714,False,False,
2023-01-18,135.2100067138672,130.97899894714357,139.26639907836915,149.3860997390747,False,False,
2023-01-19,135.27000427246094,131.12399940490724,139.20419906616212,149.19089977264403,False,False,
2023-01-20,137.8699951171875,131.40249900817872,139.18319900512697,148.98804973602296,False,False,
2023-01-23,141.11000061035156,131.68549919128418,139.215399017334,148.81829975128173,False,False,
2023-01-24,142.52999877929688,132.20049934387208,139.36859909057617,148.67179973602296,False,False,
2023-01-25,141.86000061035156,132.70049934387208,139.26839920043946,148.52039974212647,False,False,
2023-01-26,143.9600067138672,133.3969997406006,139.15359939575194,148.38974979400635,False,False,
2023-01-27,145.92999267578125,134.3914993286133,139.10659927368164,148.29064975738527,False,False,
2023-01-30,143.0,135.0609992980957,138.965799407959,148.1673497390747,False,False,
2023-01-31,144.2899932861328,135.77899932861328,138.875799407959,148.03679973602294,False,False,
2023-02-01,145.42999267578125,136.79699897766113,138.76999923706055,147.9374997329712,False,False,
2023-02-02,150.82000732421875,138.0199993133545,138.76059951782227,147.8662497329712,False,False,
2023-02-03,154.5,139.49399948120117,138.89039962768555,147.80174976348877,True,False,Bullish
2023-02-06,151.72999572753906,140.59949951171876,138.9213996887207,147.72424976348876,False,False,
2023-02-07,154.64999389648438,141.82449951171876,138.99299942016603,147.66539974212645,False,False,
2023-02-08,151.9199981689453,142.88399963378907,139.0691993713379,147.61604976654053,False,False,
2023-02-09,150.8699951171875,143.75299911499025,139.20219924926758,147.5559997177124,False,False,
2023-02-10,151.00999450683594,144.63299865722655,139.3989991760254,147.52704967498778,False,False,
2023-02-13,153.85000610351562,145.58749923706054,139.51539932250978,147.51344966888428,False,False,
2023-02-14,153.1999969482422,146.45049896240235,139.61319931030275,147.46124965667724,False,False,
2023-02-15,155.3300018310547,147.4564987182617,139.76359939575195,147.4496496963501,False,False,
2023-02-16,153.7100067138672,148.37849884033204,139.90519943237305,147.42839969635008,False,False,
2023-02-17,152.5500030517578,149.11249923706055,140.09799942016602,147.3937497329712,False,False,
2023-02-21,148.47999572753906,149.48099899291992,140.24879928588868,147.3060496902466,False,False,
2023-02-22,148.91000366210938,149.79999923706055,140.37399948120117,147.26674968719482,False,False,
2023-02-23,149.39999389648438,150.1769989013672,140.51879928588866,147.22734966278077,False,False,
2023-02-24,146.7100067138672,150.3144989013672,140.56319931030274,147.20059970855712,False,False,
2023-02-27,147.9199981689453,150.41399917602538,140.61219924926758,147.16764972686767,False,False,
2023-02-28,147.41000366210938,150.63449935913087,140.6961991882324,147.17219974517823,False,False,
2023-03-01,145.30999755859375,150.6854995727539,140.8723991394043,147.18594974517822,False,False,
2023-03-02,145.91000366210938,150.70950012207032,141.10039932250976,147.179949760437,False,False,
2023-03-03,151.02999877929688,150.71999969482422,141.47359939575196,147.20739978790283,False,False,
2023-03-06,153.8300018310547,150.68649978637694,141.90419937133788,147.2303497695923,False,False,
2023-03-07,151.60000610351562,150.68000030517578,142.22719955444336,147.28424976348876,False,False,
2023-03-08,152.8699951171875,150.59100036621095,142.63999954223632,147.36184970855712,False,False,
2023-03-09,150.58999633789062,150.5245002746582,143.0145994567871,147.42684970855714,False,False,
2023-03-10,148.5,150.40600051879883,143.38399948120116,147.45379970550536,False,False,
2023-03-13,150.47000122070312,150.37900085449218,143.87259948730468,147.50434970855713,False,False,
2023-03-14,152.58999633789062,150.31600036621094,144.33219940185546,147.5646996688843,False,False,
2023-03-15,152.99000549316406,150.30550079345704,144.79339965820313,147.6107497024536,False,False,
2023-03-16,155.85000610351562,150.33150100708008,145.40899978637697,147.64179973602296,False,False,
2023-03-17,155.0,150.39600067138673,145.98179977416993,147.6725997543335,False,False,
2023-03-20,157.39999389648438,150.63850021362305,146.62939971923828,147.7160496902466,False,False,
2023-03-21,159.27999877929688,151.17850036621093,147.22259979248048,147.75639965057374,False,False,
2023-03-22,157.8300018310547,151.6245002746582,147.77619995117186,147.81864963531496,False,False,
2023-03-23,158.92999267578125,152.10100021362305,148.34019989013672,147.8825996017456,False,False,
2023-03-24,160.25,152.7779998779297,148.87539978027343,147.94029956817627,False,False,
2023-03-27,158.27999877929688,153.29599990844727,149.3727996826172,147.9918995285034,False,False,
2023-03-28,157.64999389648438,153.80799942016603,149.83059967041015,148.06694950103758,False,False,
2023-03-29,160.77000427246094,154.58099975585938,150.32719970703124,148.18514949798583,False,False,
2023-03-30,162.36000061035156,155.40349960327148,150.87019958496094,148.33754947662354,False,False,
2023-03-31,164.89999389648438,156.09699935913085,151.4627993774414,148.49824947357178,False,False,
2023-04-03,166.1699981689453,156.7139991760254,152.02879943847657,148.6519495010376,False,False,
2023-04-04,165.6300048828125,157.41549911499024,152.51919952392578,148.8297995376587,False,False,
2023-04-05,163.75999450683594,157.95999908447266,152.94379943847656,148.9907995223999,False,False,
2023-04-06,164.66000366210938,158.6634994506836,153.39979949951172,149.1347495651245,False,False,
2023-04-10,162.02999877929688,159.33999938964843,153.76119934082033,149.26814952850341,False,False,
2023-04-11,160.8000030517578,159.85649948120118,154.05859954833986,149.3807995223999,False,False,
2023-04-12,160.10000610351562,160.23199996948242,154.40059967041014,149.47299953460694,False,False,
2023-04-13,165.55999755859375,160.8604995727539,154.82599975585939,149.59249950408935,False,False,
2023-04-14,165.2100067138672,161.3284996032715,155.22160003662108,149.73134952545166,False,False,
2023-04-17,165.22999572753906,161.83999938964843,155.5097998046875,149.86134952545166,False,False,
2023-04-18,166.47000122070312,162.2934997558594,155.74919982910157,150.01009952545166,False,False,
2023-04-19,167.6300048828125,162.71100006103515,156.06720001220702,150.15359958648682,False,False,
2023-04-20,166.64999389648438,163.15199966430663,156.30720001220703,150.27904956817628,False,False,
2023-04-21,165.02000427246094,163.4565002441406,156.56920013427734,150.38954959869386,False,False,
2023-04-24,165.3300018310547,163.71050033569335,156.85840026855467,150.48444957733153,False,False,
2023-04-25,163.77000427246094,163.98500061035156,157.1136004638672,150.56809963226317,False,False,
2023-04-26,163.75999450683594,164.29050064086914,157.3118002319336,150.6625496292114,False,False,
2023-04-27,168.41000366210938,164.67250061035156,157.61600036621093,150.7752996444702,False,False,
2023-04-28,169.67999267578125,165.03850021362305,157.90300018310546,150.8962495803833,False,False,
2023-05-01,169.58999633789062,165.27300033569335,158.22059997558594,151.00184955596924,False,False,
2023-05-02,168.5399932861328,165.39150009155273,158.54039978027345,151.0936995315552,False,False,
2023-05-03,167.4499969482422,165.4824996948242,158.9197998046875,151.19559947967528,False,False,
2023-05-04,165.7899932861328,165.58399963378906,159.25739959716796,151.26954944610597,False,False,
2023-05-05,173.57000732421875,166.02949981689454,159.74079986572266,151.37219951629638,False,False,
2023-05-08,173.5,166.60299987792968,160.27659973144532,151.4629494857788,False,False,
2023-05-09,171.77000427246094,167.15149993896483,160.75359985351562,151.55134952545166,False,False,
2023-05-10,173.55999755859375,167.82449951171876,161.27659973144532,151.6543995285034,False,False,
2023-05-11,173.75,168.23399963378907,161.84539978027342,151.76514949798585,False,False,
2023-05-12,172.57000732421875,168.60199966430665,162.37859985351562,151.84404956817627,False,False,
2023-05-15,172.07000732421875,168.94400024414062,162.79940002441407,151.91764957427978,False,False,
2023-05-16,172.07000732421875,169.2240005493164,163.16420013427734,151.9654496383667,False,False,
2023-05-17,172.69000244140625,169.47700042724608,163.58600006103515,152.02134967803954,False,False,
2023-05-18,175.0500030517578,169.89700088500976,164.02960021972658,152.09654972076416,False,False,
2023-05-19,175.16000366210938,170.40400085449218,164.52100036621093,152.14169971466063,False,False,
2023-05-22,174.1999969482422,170.84750061035157,165.03500030517577,152.1836497116089,False,False,
2023-05-23,171.55999755859375,171.23700027465821,165.45680023193358,152.21469966888426,False,False,
2023-05-24,171.83999633789062,171.64100036621093,165.8418002319336,152.2495496749878,False,False,
2023-05-25,172.99000549316406,171.87000045776367,166.24180023193358,152.28989971160888,False,False,
2023-05-26,175.42999267578125,172.15750045776366,166.6333999633789,152.32084964752198,False,False,
2023-05-30,177.3000030517578,172.54300079345703,167.07940002441407,152.36489963531494,False,False,
2023-05-31,177.25,172.9785011291504,167.47640014648437,152.39064960479737,False,False,
2023-06-01,180.08999633789062,173.61050109863282,167.89260009765624,152.42514957427977,False,False,
2023-06-02,180.9499969482422,174.36850128173828,168.355,152.46474956512452,False,False,
2023-06-05,179.5800018310547,174.66900100708008,168.76800018310547,152.48989955902098,False,False,
2023-06-06,179.2100067138672,174.95450134277343,169.1472003173828,152.51519962310792,False,False,
2023-06-07,177.82000732421875,175.25700149536132,169.53800048828126,152.5466996383667,False,False,
2023-06-08,180.57000732421875,175.60750198364258,169.99640075683592,152.6116996383667,False,False,
2023-06-09,180.9600067138672,175.96800231933594,170.40020080566407,152.68034969329835,False,False,
2023-06-12,183.7899932861328,176.52900161743165,170.82880065917968,152.76164966583252,False,False,
2023-06-13,183.3099975585937,177.09100112915038,171.19700073242188,152.828049659729,False,False,
2023-06-14,183.9499969482422,177.68500061035155,171.55260070800782,152.92969966888427,False,False,
2023-06-15,186.009994506836,178.35100021362305,171.96020050048827,153.0528496170044,False,False,
2023-06-16,184.9199981689453,178.84449996948243,172.38340057373046,153.18289958953858,False,False,
2023-06-20,185.009994506836,179.33699951171874,172.790400390625,153.32184955596924,False,False,
2023-06-21,183.9600067138672,179.825,173.2290005493164,153.45184955596923,False,False,
2023-06-22,187.0,180.5970001220703,173.75300048828126,153.60779956817626,False,False,
2023-06-23,186.67999267578125,181.33899993896483,174.28460021972657,153.76854953765869,False,False,
2023-06-26,185.2700042724609,181.9529998779297,174.6788003540039,153.91509952545167,False,False,
2023-06-27,188.0599975585937,182.58450012207032,175.13580017089845,154.0830994796753,False,False,
2023-06-28,189.25,183.18199996948243,175.61620025634767,154.24249950408935,False,False,
2023-06-29,189.58999633789065,183.79899978637695,176.07860015869142,154.3732995223999,False,False,
2023-06-30,193.97000122070312,184.49300003051758,176.60540008544922,154.57394954681396,False,False,
2023-07-03,192.4600067138672,185.06850051879883,177.12160034179686,154.75969959259032,False,False,
2023-07-05,191.3300018310547,185.65600051879883,177.64780029296875,154.95449962615967,False,False,
2023-07-06,191.8099975585937,186.28600006103517,178.17740020751953,155.16004962921141,False,False,
2023-07-07,190.67999267578125,186.9289993286133,178.71559997558595,155.34104961395263,False,False,
2023-07-10,188.6100006103516,187.33099899291992,179.21260009765626,155.49959964752196,False,False,
2023-07-11,188.0800018310547,187.6869987487793,179.60600006103516,155.67139965057373,False,False,
2023-07-12,189.7700042724609,187.9859992980957,180.00780029296874,155.85654964447022,False,False,
2023-07-13,190.5399932861328,188.34749908447264,180.42680023193358,156.05709964752197,False,False,
2023-07-14,190.69000244140625,188.68449935913085,180.86980041503907,156.2566996383667,False,False,
2023-07-17,193.9900054931641,189.08349990844727,181.4006005859375,156.46784969329835,False,False,
2023-07-18,193.72999572753903,189.52399978637695,181.95940063476561,156.6872996902466,False,False,
2023-07-19,195.1000061035156,190.02850036621095,182.39000061035156,156.95039974212648,False,False,
2023-07-20,193.1300048828125,190.48700027465821,182.7826007080078,157.22504978179933,False,False,
2023-07-21,191.94000244140625,190.7340003967285,183.18600067138672,157.47249980926514,False,False,
2023-07-24,192.75,191.03750076293946,183.56980072021486,157.70574977874756,False,False,
2023-07-25,193.6199951171875,191.4550003051758,183.9672006225586,157.9418497848511,False,False,
2023-07-26,194.5,191.7770004272461,184.4058004760742,158.18719982147218,False,False,
2023-07-27,193.22000122070312,191.97550048828126,184.8288003540039,158.45284984588622,False,False,
2023-07-28,195.8300018310547,192.28750076293946,185.30400024414064,158.72989986419677,False,False,
2023-07-31,196.4499969482422,192.4115005493164,185.77920013427735,159.0172498703003,False,False,
2023-08-01,195.6100006103516,192.56900024414062,186.19040008544923,159.3035998916626,False,False,
2023-08-02,192.5800018310547,192.63150024414062,186.53880004882814,159.55154987335206,False,False,
2023-08-03,191.1699981689453,192.5995002746582,186.8782000732422,159.81549983978272,False,False,
2023-08-04,181.9900054931641,192.16500091552734,187.08680023193358,160.01339984893798,False,False,
2023-08-07,178.85000610351562,191.67700119018554,187.22700042724608,160.18889987945556,False,False,
2023-08-08,179.8000030517578,191.26300125122071,187.36320037841796,160.3685998916626,False,False,
2023-08-09,178.19000244140625,190.68400115966796,187.41840057373048,160.5425999069214,False,False,
2023-08-10,177.97000122070312,190.05550155639648,187.43180053710938,160.69609989166258,False,False,
2023-08-11,177.7899932861328,189.4105010986328,187.44260040283203,160.83779987335205,False,False,
2023-08-14,179.4600067138672,188.68400115966796,187.43000061035156,160.97339992523194,False,False,
2023-08-15,177.4499969482422,187.87000122070313,187.36000061035156,161.11389987945557,False,False,
2023-08-16,176.57000732421875,186.9435012817383,187.29980072021485,161.27274990081787,False,True,Bearish
2023-08-17,174.0,185.98700103759765,187.1956005859375,161.36404987335206,False,False,
2023-08-18,174.49000549316406,185.11450119018554,187.1290005493164,161.4697999191284,False,False,
2023-08-21,175.83999633789062,184.26900100708008,187.03440032958986,161.59574993133546,False,False,
2023-08-22,177.22999572753906,183.44950103759766,186.9598001098633,161.75674991607667,False,False,
2023-08-23,181.1199951171875,182.78050079345704,186.90640014648437,161.96794986724854,False,False,
2023-08-24,176.3800048828125,181.9385009765625,186.76780029296876,162.15794986724853,False,False,
2023-08-25,178.61000061035156,181.07750091552734,186.66100036621094,162.35639987945558,False,False,
2023-08-28,180.19000244140625,180.26450119018554,186.54460052490234,162.5598498916626,False,False,
2023-08-29,184.1199951171875,179.69000091552735,186.52860046386718,162.8060998916626,False,False,
2023-08-30,187.6499938964844,179.44350051879883,186.58140045166016,163.00999988555907,False,False,
2023-08-31,187.8699951171875,179.27850036621095,186.65960021972657,163.20084987640382,False,False,
2023-09-01,189.4600067138672,179.6520004272461,186.7088003540039,163.40674991607665,False,False,
2023-09-05,189.6999969482422,180.19449996948242,186.76920043945313,163.6050499343872,False,False,
2023-09-06,182.91000366210932,180.35,186.7220004272461,163.7756499862671,False,False,
2023-09-07,177.55999755859375,180.31849975585936,186.5120004272461,163.90984996795655,False,False,
2023-09-08,178.17999267578125,180.3289993286133,186.2906002807617,164.04429996490478,False,False,
2023-09-11,179.36000061035156,180.40749969482422,186.08600036621092,164.20104999542235,False,False,
2023-09-12,176.3000030517578,180.24949951171874,185.73260040283202,164.33165004730225,False,False,
2023-09-13,174.2100067138672,180.0875,185.36760040283204,164.4473500442505,False,False,
2023-09-14,175.74000549316406,180.04599990844727,185.0558004760742,164.58550006866454,False,False,
2023-09-15,175.00999450683594,180.09649963378905,184.71980041503906,164.73945003509522,False,False,
2023-09-18,177.97000122070312,180.270499420166,184.4656005859375,164.923450050354,False,False,
2023-09-19,179.07000732421875,180.43199996948243,184.27480072021484,165.0786500930786,False,False,
2023-09-20,175.49000549316406,180.34500045776366,184.02300079345704,165.21455013275147,False,False,
2023-09-21,173.92999267578125,179.98550033569336,183.70620056152345,165.3451501083374,False,False,
2023-09-22,174.7899932861328,179.90599975585937,183.39120056152345,165.485950050354,False,False,
2023-09-25,176.0800018310547,179.77949981689454,183.0990005493164,165.65180004119873,False,False,
2023-09-26,171.9600067138672,179.36800003051758,182.65840057373046,165.80690006256103,False,False,
2023-09-27,170.42999267578125,178.68349990844726,182.19240051269531,165.94580005645753,False,False,
2023-09-28,170.69000244140625,177.83550033569335,181.70420043945313,166.088450050354,False,False,
2023-09-29,171.2100067138672,177.00250091552735,181.26580047607422,166.22205005645753,False,False,
2023-10-02,173.75,176.21700057983398,180.9020004272461,166.363450050354,False,False,
2023-10-03,172.39999389648438,175.35200042724608,180.49500030517578,166.50939998626708,False,False,
2023-10-04,173.66000366210938,174.8895004272461,180.09580047607423,166.69520000457763,False,False,
2023-10-05,174.91000366210938,174.7570007324219,179.70400054931642,166.897200050354,False,False,
2023-10-06,177.49000549316406,174.722501373291,179.38940063476562,167.1228001022339,False,False,
2023-10-09,178.99000549316406,174.70400161743163,179.05260070800782,167.3562501144409,False,False,
2023-10-10,178.38999938964844,174.80850143432616,178.69140075683595,167.57095012664794,False,False,
2023-10-11,179.8000030517578,175.0880012512207,178.37520080566406,167.80880016326904,False,False,
2023-10-12,180.7100067138672,175.33650131225585,178.1378009033203,168.05305019378662,False,False,
2023-10-13,178.85000610351562,175.52850189208985,177.8914010620117,168.2971502304077,False,False,
2023-10-16,178.72000122070312,175.56600189208984,177.8260009765625,168.5605502319336,False,False,
2023-10-17,177.14999389648438,175.47000122070312,177.79200073242188,168.79825019836426,False,False,
2023-10-18,175.83999633789062,175.48750076293945,177.71280059814453,169.0278002166748,False,False,
2023-10-19,175.4600067138672,175.56400146484376,177.65820068359375,169.27975025177003,False,False,
2023-10-20,172.8800048828125,175.46850204467773,177.55640075683593,169.5123502731323,False,False,
2023-10-23,173.0,175.314501953125,177.46060089111327,169.752250289917,False,False,
2023-10-24,173.44000244140625,175.38850173950195,177.34020080566407,169.97135032653807,False,False,
2023-10-25,171.10000610351562,175.42200241088867,177.21320098876953,170.17610038757323,False,False,
2023-10-26,166.88999938964844,175.23200225830078,177.01960083007813,170.35690040588378,False,False,
2023-10-27,168.22000122070312,175.08250198364257,176.90400085449218,170.5305503845215,False,False,
2023-10-30,170.2899932861328,174.9095016479492,176.82000061035157,170.7149503326416,False,False,
2023-10-31,170.77000427246094,174.82800216674804,176.71860076904298,170.8950003814697,False,False,
2023-11-01,173.97000122070312,174.84350204467773,176.65340087890624,171.0851503753662,False,False,
2023-11-02,177.57000732421875,174.97650222778321,176.58240112304688,171.29695037841796,False,False,
2023-11-03,176.64999389648438,174.93450164794922,176.5878009033203,171.5038503265381,False,False,
2023-11-06,179.22999572753906,174.94650115966797,176.60020080566406,171.71065032958984,False,False,
2023-11-07,181.82000732421875,175.11800155639648,176.63280090332032,171.91420036315918,False,False,
2023-11-08,182.88999938964844,175.27250137329102,176.60820098876954,172.11600036621093,False,False,
2023-11-09,182.41000366210932,175.3575012207031,176.50340118408204,172.31875038146973,False,False,
2023-11-10,186.3999938964844,175.73500061035156,176.47400115966798,172.5309503173828,False,False,
2023-11-13,184.8000030517578,176.03900070190429,176.38080108642578,172.7253003692627,False,False,
2023-11-14,187.44000244140625,176.5535011291504,176.33560119628908,172.94750038146972,True,False,Bullish
2023-11-15,188.009994506836,177.16200103759766,176.43760101318358,173.16610038757324,False,False,
2023-11-16,189.7100067138672,177.87450103759767,176.68060119628908,173.38750045776368,False,False,
2023-11-17,189.69000244140625,178.71500091552736,176.91080139160155,173.58185043334962,False,False,
2023-11-20,191.4499969482422,179.63750076293945,177.1526013183594,173.76660041809083,False,False,
2023-11-21,190.63999938964844,180.49750061035155,177.43940124511718,173.96115043640137,False,False,
2023-11-22,191.3099975585937,181.50800018310548,177.78140106201172,174.14445045471192,False,False,
2023-11-24,189.97000122070312,182.6620002746582,178.0660009765625,174.3347004699707,False,False,
2023-11-27,189.7899932861328,183.7404998779297,178.36160095214845,174.52930046081542,False,False,
2023-11-28,190.3999938964844,184.74599990844726,178.61020080566405,174.72625045776368,False,False,
2023-11-29,189.3699951171875,185.6759994506836,178.81620056152343,174.90385040283203,False,False,
2023-11-30,189.9499969482422,186.47499923706056,179.105400390625,175.08760040283204,False,False,
2023-12-01,191.2400054931641,187.15849914550782,179.45160064697265,175.2671504211426,False,False,
2023-12-04,189.42999267578125,187.79749908447266,179.7444006347656,175.44575035095215,False,False,
2023-12-05,193.4199981689453,188.50699920654296,180.09120056152344,175.65010032653808,False,False,
2023-12-06,192.32000732421875,189.03199920654296,180.49840057373046,175.8693003845215,False,False,
2023-12-07,194.2700042724609,189.6009994506836,180.97520080566406,176.09610038757324,False,False,
2023-12-08,195.7100067138672,190.2659996032715,181.4756008911133,176.32765045166016,False,False,
2023-12-11,193.17999267578125,190.60499954223633,181.91500061035157,176.56000038146973,False,False,
2023-12-12,194.7100067138672,191.1004997253418,182.3342007446289,176.79395042419435,False,False,
2023-12-13,197.9600067138672,191.62649993896486,182.84540100097655,177.04670043945313,False,False,
2023-12-14,198.1100006103516,192.13150024414062,183.33440093994142,177.3107004547119,False,False,
2023-12-15,197.57000732421875,192.5245002746582,183.7876010131836,177.56900047302247,False,False,
2023-12-18,195.88999938964844,192.83450012207032,184.1556008911133,177.79330047607422,False,False,
2023-12-19,196.94000244140625,193.1090003967285,184.51460083007814,178.00885047912598,False,False,
2023-12-20,194.8300018310547,193.31850051879883,184.84340087890624,178.22500045776368,False,False,
2023-12-21,194.67999267578125,193.48700027465821,185.1410006713867,178.43405044555664,False,False,
2023-12-22,193.6000061035156,193.66850051879882,185.3988006591797,178.64910049438475,False,False,
2023-12-26,193.0500030517578,193.83150100708008,185.68280059814452,178.87185050964356,False,False,
2023-12-27,193.1499938964844,193.96900100708007,185.97140045166014,179.08525047302246,False,False,
2023-12-28,193.5800018310547,194.17950134277345,186.30000061035156,179.29020050048828,False,False,
2023-12-29,192.52999877929688,194.30850143432616,186.63380065917968,179.48790046691894,False,False,
2024-01-02,185.63999938964844,194.02850112915038,186.83740051269533,179.63685043334962,False,False,
2024-01-03,184.25,193.76950149536134,187.06480041503906,179.7831004333496,False,False,
2024-01-04,181.91000366210932,193.19400177001953,187.24300048828124,179.90565048217775,False,False,
2024-01-05,181.17999267578125,192.63700103759766,187.39780029296875,180.01515045166016,False,False,
2024-01-08,185.5599975585937,192.2015007019043,187.68700012207032,180.15380043029785,False,False,
2024-01-09,185.13999938964844,191.67300033569336,188.05200012207033,180.2848504638672,False,False,
2024-01-10,186.19000244140625,191.3235008239746,188.41140014648437,180.41455047607423,False,False,
2024-01-11,185.58999633789065,190.86750030517578,188.71740020751952,180.5511004638672,False,False,
2024-01-12,185.9199981689453,190.2654998779297,189.0204000854492,180.6924504852295,False,False,
2024-01-16,183.6300048828125,189.54150009155273,189.2136001586914,180.80675048828124,False,False,
2024-01-17,182.67999267578125,188.79699935913087,189.31579986572265,180.9083504486084,False,True,Bearish
2024-01-18,188.6300048828125,188.43399963378906,189.5554000854492,181.02700050354005,False,False,
2024-01-19,191.5599975585937,188.16499938964844,189.80200012207033,181.1539505004883,False,False,
2024-01-22,193.88999938964844,188.1179992675781,190.0433999633789,181.29525047302246,False,False,
2024-01-23,195.17999267578125,188.14299926757812,190.28919982910156,181.4523504638672,False,False,
2024-01-24,194.5,188.18799896240233,190.53099975585937,181.60155044555665,False,False,
2024-01-25,194.1699981689453,188.2439987182617,190.6863998413086,181.7622504425049,False,False,
2024-01-26,192.4199981689453,188.20749893188477,190.83879974365234,181.92035041809083,False,False,
2024-01-29,191.72999572753903,188.114998626709,190.924599609375,182.07850036621093,False,False,
2024-01-30,188.0399932861328,187.89049835205077,190.92519958496095,182.19090034484864,False,False,
2024-01-31,184.3999938964844,187.82849807739257,190.81899932861327,182.2868502807617,False,False,
2024-02-01,186.8600006103516,187.95899810791016,190.76239929199218,182.39500030517578,False,False,
2024-02-02,185.8500061035156,188.15599822998047,190.65039947509766,182.49190032958984,False,False,
2024-02-05,187.67999267578125,188.48099822998046,190.5911993408203,182.5921502685547,False,False,
2024-02-06,189.3000030517578,188.66799850463866,190.5509994506836,182.70540031433106,False,False,
2024-02-07,189.41000366210932,188.88149871826172,190.53979949951173,182.8273503112793,False,False,
2024-02-08,188.32000732421875,188.98799896240234,190.51039978027345,182.94230033874513,False,False,
2024-02-09,188.8500061035156,189.1509994506836,190.47940002441408,183.0677003479004,False,False,
2024-02-12,187.1499938964844,189.21249923706054,190.435,183.18465034484862,False,False,
2024-02-13,185.0399932861328,189.28299865722656,190.3367999267578,183.26780029296876,False,False,
2024-02-14,184.1499938964844,189.35649871826172,190.19499969482422,183.34015029907226,False,False,
2024-02-15,183.8600006103516,189.11799850463868,190.08359985351564,183.41150032043458,False,False,
2024-02-16,182.3099975585937,188.65549850463867,189.86139984130858,183.48035034179688,False,False,
2024-02-20,181.5599975585937,188.03899841308595,189.6461996459961,183.55090034484863,False,False,
2024-02-21,182.32000732421875,187.3959991455078,189.40719970703125,183.63355041503905,False,False,
2024-02-22,184.3699951171875,186.88949890136718,189.18039947509766,183.68755035400392,False,False,
2024-02-23,182.5200042724609,186.30699920654294,188.96719970703126,183.7326503753662,False,False,
2024-02-26,181.16000366210932,185.74399948120114,188.6961996459961,183.77960037231446,False,False,
2024-02-27,182.6300048828125,185.28899993896482,188.389599609375,183.82495040893554,False,False,
2024-02-28,181.4199981689453,184.95800018310544,188.0557995605469,183.8633003997803,False,False,
2024-02-29,180.75,184.77550048828124,187.7193994140625,183.9042003631592,False,False,
2024-03-01,179.66000366210938,184.4155006408691,187.39479949951172,183.94215034484864,False,False,
2024-03-04,175.10000610351562,183.87800064086912,186.95799957275392,183.9573003387451,False,False,
2024-03-05,170.1199951171875,183.00000076293944,186.46379943847657,183.944450302124,False,False,
2024-03-06,169.1199951171875,181.99100036621093,185.9525994873047,183.91480026245117,False,False,
2024-03-07,169.0,180.97050018310546,185.46059936523437,183.88400024414062,False,False,
2024-03-08,170.72999572753906,180.09099960327146,185.01419921875,183.8666502380371,False,False,
2024-03-11,172.75,179.28599929809567,184.60619934082033,183.87260025024415,False,False,
2024-03-12,173.22999572753906,178.58999938964843,184.19919921875,183.87955024719238,False,False,
2024-03-13,171.1300048828125,177.8944999694824,183.77119934082032,183.87025024414064,False,False,
2024-03-14,173.0,177.33700027465818,183.51839935302735,183.85810028076173,False,False,
2024-03-15,172.6199951171875,176.77499999999998,183.2857992553711,183.83470024108885,False,False,
2024-03-18,173.72000122070312,176.34550018310546,183.12199920654297,183.81705024719238,False,False,
2024-03-19,176.0800018310547,176.0715003967285,183.01999938964843,183.79700027465822,False,False,
2024-03-20,178.6699981689453,175.88899993896484,182.88219940185547,183.7856002807617,False,False,
2024-03-21,171.3699951171875,175.23899993896484,182.60679931640624,183.7445502471924,False,False,
2024-03-22,172.27999877929688,174.72699966430665,182.32859924316406,183.70990020751952,False,False,
2024-03-25,170.85000610351562,174.21149978637695,182.03379943847656,183.675050201416,False,False,
2024-03-26,169.7100067138672,173.56549987792968,181.709599609375,183.62075019836425,False,False,
2024-03-27,173.30999755859375,173.1599998474121,181.50319946289062,183.5825001525879,False,False,
2024-03-28,171.47999572753906,172.69649963378907,181.27919952392577,183.52095016479493,False,False,
2024-04-01,170.02999877929688,172.21499938964843,180.90719940185548,183.45455017089844,False,False,
2024-04-02,168.83999633789062,171.9019989013672,180.4527993774414,183.37900016784667,False,False,
2024-04-03,169.64999389648438,171.87849884033204,179.96799926757814,183.29720016479493,False,False,
2024-04-04,168.82000732421875,171.8634994506836,179.44079956054688,183.21670021057128,False,False,
2024-04-05,169.5800018310547,171.89249954223632,178.94239959716796,183.13955024719237,False,False,
2024-04-08,168.4499969482422,171.77849960327148,178.42799957275392,183.06200019836425,False,False,
2024-04-09,169.6699981689453,171.62449951171874,177.9729995727539,182.975350189209,False,False,
2024-04-10,167.77999877929688,171.35199966430665,177.49399963378906,182.88085021972657,False,False,
2024-04-11,175.0399932861328,171.54749908447266,177.23399963378907,182.82970016479493,False,False,
2024-04-12,176.5500030517578,171.72499923706056,177.07699981689453,182.77215019226074,False,False,
2024-04-15,172.69000244140625,171.72849960327147,176.79359985351562,182.6893502044678,False,False,
2024-04-16,169.3800048828125,171.51149978637696,176.46419982910157,182.5883002471924,False,False,
2024-04-17,168.0,171.1074996948242,176.07059997558594,182.45845024108885,False,False,
2024-04-18,167.0399932861328,170.5259994506836,175.62539978027343,182.3313501739502,False,False,
2024-04-19,165.0,170.2074996948242,175.13719970703124,182.19970016479493,False,False,
2024-04-22,165.83999633789062,169.8854995727539,174.68759948730468,182.0698501586914,False,False,
2024-04-23,166.89999389648438,169.68799896240233,174.24859924316405,181.95095016479493,False,False,
2024-04-24,169.02000427246094,169.65349884033202,173.88599945068358,181.85300018310548,False,False,
2024-04-25,169.88999938964844,169.48249893188478,173.58299957275392,181.76205017089845,False,False,
2024-04-26,169.3000030517578,169.3734992980957,173.28599975585936,181.6597001647949,False,False,
2024-04-29,173.5,169.54699935913087,173.07879974365235,181.57450019836426,False,False,
2024-04-30,170.3300018310547,169.62149963378906,172.83919982910157,181.4727001953125,False,False,
2024-05-01,169.3000030517578,169.60400009155273,172.59399993896486,181.34925018310548,False,False,
2024-05-02,173.02999877929688,169.81449966430665,172.4081997680664,181.24575019836425,False,False,
2024-05-03,183.3800048828125,170.50449981689454,172.3883999633789,181.18715019226073,False,False,
2024-05-06,181.7100067138672,171.1675003051758,172.37220001220703,181.13005020141603,False,False,
2024-05-07,182.3999938964844,171.80400009155272,172.39699981689452,181.0823501586914,False,False,
2024-05-08,182.7400054931641,172.5520004272461,172.39919982910158,181.03230018615722,True,False,Bullish
2024-05-09,184.57000732421875,173.02850112915038,172.46220001220703,180.98705024719237,False,False,
2024-05-10,183.0500030517578,173.3535011291504,172.5082000732422,180.92980026245118,False,False,
2024-05-13,186.27999877929688,174.03300094604492,172.64059997558593,180.89510025024413,False,False,
2024-05-14,187.42999267578125,174.93550033569335,172.88719970703124,180.85310020446778,False,False,
2024-05-15,189.72000122070312,176.02150039672853,173.27919982910157,180.81945022583008,False,False,
2024-05-16,189.83999633789065,177.1615005493164,173.69359985351562,180.79060020446778,False,False,
2024-05-17,189.8699951171875,178.40500030517578,174.11099975585938,180.77705017089843,False,False,
2024-05-20,191.0399932861328,179.66500015258788,174.51719970703124,180.77640014648438,False,False,
2024-05-21,192.3500061035156,180.93750076293946,174.90919982910157,180.82820014953614,False,False,
2024-05-22,190.8999938964844,182.03150024414063,175.26259979248047,180.88845008850097,False,False,
2024-05-23,186.8800048828125,182.88100051879883,175.57759979248047,180.92385009765624,False,False,
2024-05-24,189.97999572753903,183.91500015258788,175.91719970703124,180.98280006408692,False,False,
2024-05-28,189.9900054931641,184.7395004272461,176.2645999145508,181.04290008544922,False,False,
2024-05-29,190.2899932861328,185.7375,176.59599975585937,181.10540008544922,False,False,
2024-05-30,191.2899932861328,186.83699951171874,176.90019958496094,181.16455001831054,False,False,
2024-05-31,192.25,187.7979995727539,177.17179962158204,181.23855003356934,False,False,
2024-06-03,194.02999877929688,188.33049926757812,177.62499969482423,181.32584999084472,False,False,
2024-06-04,194.3500061035156,188.96249923706054,178.0663998413086,181.4276000213623,False,False,
2024-06-05,195.8699951171875,189.6359992980957,178.56679962158202,181.53449996948243,False,False,
2024-06-06,194.47999572753903,190.22299880981444,179.06219940185548,181.62769996643067,False,False,
2024-06-07,196.88999938964844,190.83899841308593,179.53379943847656,181.7259999847412,False,False,
2024-06-10,193.1199951171875,191.3424980163574,179.96659942626954,181.7859999847412,False,False,
2024-06-11,207.1499938964844,192.3859977722168,180.7089993286133,181.93984992980958,False,False,
2024-06-12,213.07000732421875,193.66799850463866,181.59359954833985,182.1121499633789,False,False,
2024-06-13,214.2400054931641,194.8939987182617,182.48539978027344,182.2823999786377,False,False,
2024-06-14,212.4900054931641,196.02649917602542,183.35879974365236,182.42425003051758,False,False,
2024-06-17,216.6699981689453,197.3664993286133,184.30059967041015,182.5693500518799,False,False,
2024-06-18,214.2899932861328,198.52899932861328,185.21739959716797,182.70145004272462,False,False,
2024-06-20,209.67999267578125,199.3954986572266,186.0175994873047,182.80254997253417,False,False,
2024-06-21,207.4900054931641,200.22499923706056,186.81179962158203,182.8915000152588,False,False,
2024-06-24,208.13999938964844,201.28799896240236,187.47379974365234,183.0176499938965,False,False,
2024-06-25,209.07000732421875,202.24249954223635,188.12419982910157,183.1752000427246,False,False,
2024-06-26,213.25,203.40549926757814,188.93539978027343,183.3505500793457,False,False,
2024-06-27,214.1000061035156,204.59599990844725,189.8297998046875,183.52425010681154,False,False,
2024-06-28,210.6199951171875,205.5625,190.68219970703126,183.69585006713868,False,False,
2024-07-01,216.75,206.7875,191.67639984130858,183.90855003356933,False,False,
2024-07-02,220.2700042724609,208.0995002746582,192.7817999267578,184.1312000274658,False,False,
2024-07-03,221.5500030517578,209.45950012207032,193.89600006103515,184.36390007019043,False,False,
2024-07-05,226.33999633789065,210.98300018310547,195.0848001098633,184.60575004577638,False,False,
2024-07-08,227.82000732421875,212.65000076293944,196.26080017089845,184.84950004577638,False,False,
2024-07-09,228.67999267578125,214.2395004272461,197.4366000366211,185.11544998168947,False,False,
2024-07-10,232.97999572753903,216.23250045776368,198.71019989013672,185.41069999694824,False,False,
2024-07-11,227.57000732421875,217.25350112915038,199.7916000366211,185.67460006713867,False,False,
2024-07-12,230.5399932861328,218.1270004272461,200.99579986572266,185.94690002441405,False,False,
2024-07-15,234.3999938964844,219.1349998474121,202.29779968261718,186.25909996032715,False,False,
2024-07-16,234.82000732421875,220.25149993896486,203.53359985351562,186.58105003356934,False,False,
2024-07-17,228.8800048828125,220.86200027465821,204.44359985351562,186.87200004577636,False,False,
2024-07-18,224.17999267578125,221.35650024414062,205.2929995727539,187.13684997558593,False,False,
2024-07-19,224.3099975585937,222.08800048828124,206.1311996459961,187.3896499633789,False,False,
2024-07-22,223.9600067138672,222.9115005493164,206.95559967041015,187.64745002746582,False,False,
2024-07-23,225.009994506836,223.75500030517577,207.7643994140625,187.90419998168946,False,False,
2024-07-24,218.5399932861328,224.22849960327147,208.47419921875,188.12234992980956,False,False,
2024-07-25,217.4900054931641,224.44049987792968,209.09839935302733,188.32234992980958,False,False,
2024-07-26,217.9600067138672,224.63349990844728,209.70899963378906,188.51719993591308,False,False,
2024-07-29,218.2400054931641,225.0145004272461,210.27939971923828,188.71644996643067,False,False,
2024-07-30,218.8000030517578,225.11700057983398,210.8585998535156,188.91144996643067,False,False,
2024-07-31,222.0800018310547,225.20750045776367,211.50279998779297,189.1182999420166,False,False,
2024-08-01,218.3600006103516,225.04800033569336,212.04920013427736,189.31584991455077,False,False,
2024-08-02,219.8600006103516,224.7240005493164,212.59940002441405,189.52154991149902,False,False,
2024-08-05,209.2700042724609,223.7965003967285,212.9668002319336,189.68214996337892,False,False,
2024-08-06,207.22999572753903,222.7240005493164,213.37380004882812,189.83909996032716,False,False,
2024-08-07,209.82000732421875,221.56600112915038,213.77060028076173,190.0108999633789,False,False,
2024-08-08,213.3099975585937,220.85300064086914,214.2370001220703,190.2130499267578,False,False,
2024-08-09,216.2400054931641,220.13800125122071,214.75600036621094,190.42924995422362,False,False,
2024-08-12,217.52999877929688,219.29450149536132,215.2808004760742,190.64969993591308,False,False,
2024-08-13,221.2700042724609,218.61700134277345,215.86120056152345,190.9005499267578,False,False,
2024-08-14,221.72000122070312,218.25900115966797,216.41500061035157,191.17469993591308,False,False,
2024-08-15,224.72000122070312,218.28600158691407,217.0224005126953,191.45719993591308,False,False,
2024-08-16,226.0500030517578,218.37300186157228,217.62600067138672,191.7359999847412,False,False,
2024-08-19,225.88999938964844,218.46950149536133,218.25420074462892,192.01159996032715,False,False,
2024-08-20,226.509994506836,218.54450149536132,218.84660064697266,192.2742999267578,False,True,Bearish
2024-08-21,226.3999938964844,218.9375015258789,219.5122006225586,192.51844985961915,False,False,
2024-08-22,224.52999877929688,219.28950119018555,219.85980072021485,192.7578498840332,False,False,
2024-08-23,226.83999633789065,219.7335006713867,220.13520050048828,192.99589988708496,False,False,
2024-08-26,227.17999267578125,220.18050003051758,220.3940002441406,193.22269981384278,False,False,
2024-08-27,228.02999877929688,220.64199981689453,220.70480010986327,193.44839981079102,False,False,
2024-08-28,226.4900054931641,220.8625,220.90120025634766,193.6687998199463,False,False,
2024-08-29,229.7899932861328,221.43399963378906,221.21120025634767,193.88574981689453,True,False,Bullish
2024-08-30,229.0,221.8909996032715,221.59760040283203,194.10674980163574,False,False,
2024-09-03,222.7700042724609,222.56599960327148,221.90320037841798,194.28339981079102,False,False,
2024-09-04,220.8500061035156,223.24700012207032,222.15740051269532,194.4475998687744,False,False,
2024-09-05,222.3800048828125,223.875,222.4236004638672,194.61094985961915,False,False,
2024-09-06,220.82000732421875,224.25050048828126,222.57500061035157,194.7665998840332,False,False,
2024-09-09,220.91000366210932,224.4840003967285,222.71120056152344,194.91389991760255,False,False,
2024-09-10,220.1100006103516,224.61300048828124,222.90100067138673,195.06124992370604,False,False,
2024-09-11,222.66000366210932,224.68250045776367,223.0192007446289,195.21799995422364,False,False,
2024-09-12,222.7700042724609,224.73500061035156,223.06920074462892,195.38199996948242,False,False,
2024-09-13,222.5,224.6240005493164,223.08820068359375,195.54555000305174,False,False,
2024-09-16,216.32000732421875,224.13750076293945,222.8878009033203,195.67515007019043,False,False,
2024-09-17,216.7899932861328,223.68250045776367,222.6672006225586,195.81225006103514,False,False,
2024-09-18,220.69000244140625,223.3915008544922,222.5074008178711,195.965950088501,False,False,
2024-09-19,228.8699951171875,223.51500091552734,222.42520080566408,196.1541000366211,False,False,
2024-09-20,228.1999969482422,223.6985008239746,222.43780059814452,196.3479500579834,False,False,
2024-09-23,226.47000122070312,223.68000106811525,222.35640075683594,196.5132000732422,False,False,
2024-09-24,227.3699951171875,223.68950119018555,222.21580078125,196.68845001220703,False,False,
2024-09-25,226.3699951171875,223.60650100708008,222.04680053710936,196.84894996643067,False,False,
2024-09-26,227.5200042724609,223.65800094604492,222.01960052490233,197.00799995422364,False,False,
2024-09-27,227.7899932861328,223.55800094604493,222.09180053710938,197.18104995727538,False,False,
2024-09-30,233.0,223.75800094604492,222.2656005859375,197.37249992370604,False,False,
2024-10-01,226.2100067138672,223.93000106811525,222.3106005859375,197.51374992370606,False,False,
2024-10-02,226.77999877929688,224.22650070190429,222.34600067138672,197.65709991455077,False,False,
2024-10-03,225.6699981689453,224.39100036621093,222.48860076904296,197.79759986877443,False,False,
2024-10-04,226.8000030517578,224.69000015258788,222.67480072021485,197.95214988708497,False,False,
2024-10-07,221.69000244140625,224.72900009155273,222.74940063476564,198.07589988708497,False,False,
2024-10-08,225.7700042724609,225.0120002746582,222.90000061035155,198.230599899292,False,False,
2024-10-09,229.5399932861328,225.3559997558594,223.11480041503907,198.40489990234374,False,False,
2024-10-10,229.0399932861328,225.66949920654298,223.25400024414063,198.58209983825682,False,False,
2024-10-11,227.5500030517578,225.92199935913087,223.43780029296875,198.75459983825684,False,False,
2024-10-14,231.3000030517578,226.6709991455078,223.66660034179688,198.9453498840332,False,False,
2024-10-15,233.8500061035156,227.52399978637695,224.15820037841797,199.1466999053955,False,False,
2024-10-16,231.77999877929688,228.0784996032715,224.64920043945312,199.3429499053955,False,False,
2024-10-17,232.1499938964844,228.24249954223632,225.09580017089843,199.5754998779297,False,False,
2024-10-18,235.0,228.5824996948242,225.52960021972658,199.8292498779297,False,False,
2024-10-21,236.47999572753903,229.082999420166,225.93440002441406,200.10209983825683,False,False,
2024-10-22,235.8600006103516,229.50749969482422,226.30100006103515,200.37549987792968,False,False,
2024-10-23,230.759994506836,229.72699966430665,226.49079986572266,200.6014998626709,False,False,
2024-10-24,230.57000732421875,229.87949981689454,226.66779998779296,200.82864990234376,False,False,
2024-10-25,231.41000366210932,230.06050033569335,226.8016000366211,201.05474990844726,False,False,
2024-10-28,233.3999938964844,230.08050003051758,226.94859985351562,201.29379989624024,False,False,
2024-10-29,233.6699981689453,230.4534996032715,227.10419982910156,201.53254989624023,False,False,
2024-10-30,230.1000061035156,230.61949996948243,227.17600006103515,201.76489990234376,False,False,
2024-10-31,225.91000366210932,230.63150024414062,227.16620025634765,201.9810499572754,False,False,
2024-11-01,222.91000366210932,230.4370002746582,227.1338003540039,202.1524499511719,False,False,
2024-11-04,222.009994506836,230.4529998779297,227.03720031738283,202.30469993591308,False,False,
2024-11-05,223.4499969482422,230.33699951171874,226.96260040283204,202.45249992370606,False,False,
2024-11-06,222.72000122070312,229.99599990844726,226.85640045166016,202.59019996643067,False,False,
2024-11-07,227.47999572753903,229.9180000305176,226.87620025634766,202.75509994506837,False,False,
2024-11-08,226.9600067138672,229.88850021362305,226.81960052490234,202.91904998779296,False,False,
2024-11-11,224.22999572753903,229.5349998474121,226.7242004394531,203.07809997558593,False,False,
2024-11-12,224.22999572753903,229.0539993286133,226.75340026855469,203.24059997558595,False,False,
2024-11-13,225.1199951171875,228.72099914550782,226.83880004882812,203.42599998474122,False,False,
2024-11-14,228.22000122070312,228.52449951171874,226.95559997558593,203.6451000213623,False,False,
2024-11-15,225.0,228.02449951171874,227.03919982910156,203.83580001831055,False,False,
2024-11-18,228.0200042724609,227.60149993896485,227.1813998413086,204.0466500091553,False,False,
2024-11-19,228.27999877929688,227.2224998474121,227.3447998046875,204.24965003967284,False,True,Bearish
2024-11-20,229.0,227.1345001220703,227.4715997314453,204.44815002441408,False,False,
2024-11-21,228.5200042724609,227.03199996948243,227.58659973144532,204.64370002746583,False,False,
2024-11-22,229.8699951171875,226.95499954223632,227.73399963378907,204.85144996643066,False,False,
2024-11-25,232.8699951171875,226.9284996032715,228.06499938964845,205.07154991149903,False,False,
2024-11-26,235.0599975585937,226.9979995727539,228.43039947509766,205.31109992980956,False,False,
2024-11-27,234.92999267578125,227.2394989013672,228.71519927978517,205.5605499267578,False,False,
2024-11-29,237.3300018310547,227.81049880981445,228.8843994140625,205.82644996643066,False,False,
2024-12-02,239.58999633789065,228.6444984436035,229.11219940185546,206.10509994506836,False,False,
2024-12-03,242.6499938964844,229.67649841308594,229.43579925537108,206.4067999267578,True,False,Bullish
2024-12-04,243.009994506836,230.6544982910156,229.74859924316405,206.71404991149902,False,False,
2024-12-05,243.0399932861328,231.6704978942871,230.08199920654297,207.01764984130858,False,False,
2024-12-06,242.83999633789065,232.4384979248047,230.38839904785155,207.30999984741212,False,False,
2024-12-09,246.75,233.42799758911133,230.76759918212892,207.6311498260498,False,False,
2024-12-10,247.7700042724609,234.60499801635743,231.06299926757814,207.96419982910157,False,False,
2024-12-11,246.4900054931641,235.71799850463867,231.46859924316405,208.28349983215332,False,False,
2024-12-12,247.9600067138672,236.85999908447266,231.89219940185546,208.61619987487794,False,False,
2024-12-13,248.1300048828125,237.85549926757812,232.34139953613283,208.953099899292,False,False,
2024-12-16,251.0399932861328,239.15749893188476,232.82619934082032,209.30999984741212,False,False,
2024-12-17,253.47999572753903,240.43049850463868,233.46199920654297,209.70189979553223,False,False,
2024-12-18,248.0500030517578,241.41899871826172,233.9075991821289,210.0915498352051,False,False,
2024-12-19,249.7899932861328,242.45849838256837,234.3125991821289,210.49489982604982,False,False,
2024-12-20,254.4900054931641,243.75699844360352,234.82159942626953,210.9223498535156,False,False,
2024-12-23,255.2700042724609,245.0269989013672,235.3759994506836,211.34504989624023,False,False,
2024-12-24,258.20001220703125,246.2934997558594,235.91399963378908,211.77229995727538,False,False,
2024-12-26,259.0199890136719,247.4914993286133,236.41739929199218,212.20124992370606,False,False,
2024-12-27,255.58999633789065,248.52449951171874,236.89359924316406,212.62354988098144,False,False,
2024-12-30,252.1999969482422,249.26799926757812,237.2945993041992,213.01954986572267,False,False,
2024-12-31,250.4199981689453,249.80949935913085,237.60299926757813,213.40854988098144,False,False,
2025-01-02,243.8500061035156,249.86949996948243,237.75039947509765,213.75919990539552,False,False,
2025-01-03,243.3600006103516,249.8870002746582,237.90039947509766,214.09559989929198,False,False,
2025-01-06,245.0,249.98500061035156,238.18519958496094,214.42724990844727,False,False,
2025-01-07,242.2100067138672,249.9535011291504,238.4179995727539,214.78144996643067,False,False,
2025-01-08,242.6999969482422,249.7510009765625,238.64379943847655,215.1335499572754,False,False,
2025-01-10,236.8500061035156,249.20500106811522,238.71279968261717,215.4635499572754,False,False,
2025-01-13,234.3999938964844,248.60050048828126,238.72739959716796,215.78699989318847,False,False,
2025-01-14,233.27999877929688,247.86650009155272,238.7909994506836,216.086849899292,False,False,
2025-01-15,237.8699951171875,247.35349960327147,239.03019927978517,216.41879989624024,False,False,
2025-01-16,228.259994506836,246.21449966430663,239.1371990966797,216.70994987487794,False,False,
2025-01-17,229.97999572753903,245.03949966430665,239.29659912109375,217.01564987182618,False,False,
2025-01-21,222.63999938964844,243.76899948120118,239.28039916992188,217.28059989929199,False,False,
2025-01-22,223.8300018310547,242.47099990844725,239.30259918212892,217.55564987182618,False,False,
2025-01-23,223.66000366210932,240.92949981689452,239.2261993408203,217.82604988098146,False,False,
2025-01-24,222.77999877929688,239.30499954223632,239.14259918212892,218.0976998901367,False,False,
2025-01-27,229.8600006103516,237.88799896240235,239.25519927978516,218.39864990234375,False,True,Bearish
2025-01-28,238.259994506836,236.84999923706056,239.5357992553711,218.75104988098144,False,False,
2025-01-29,239.3600006103516,236.0384994506836,239.8205993652344,219.07264991760255,False,False,
2025-01-30,237.58999633789065,235.30799942016603,240.00799926757813,219.3778498840332,False,False,
2025-01-31,236.0,234.58699951171874,240.22799926757813,219.69439987182616,False,False,
2025-02-03,228.009994506836,233.79499893188478,240.2277990722656,219.98754981994628,False,False,
2025-02-04,232.8000030517578,233.2669990539551,240.31819915771484,220.31154983520508,False,False,
2025-02-05,232.47000122070312,232.64049911499023,240.3875991821289,220.63869987487794,False,False,
2025-02-06,233.22000122070312,232.19099884033204,240.48159912109375,220.97979988098143,False,False,
2025-02-07,227.6300048828125,231.43749923706054,240.43679931640625,221.28874992370606,False,False,
2025-02-10,227.6499938964844,230.97749862670898,240.33239929199217,221.59249992370604,False,False,
2025-02-11,232.6199951171875,230.88849868774415,240.28359924316408,221.91049987792968,False,False,
2025-02-12,236.8699951171875,231.06799850463867,240.32239929199218,222.2453998565674,False,False,
2025-02-13,241.52999877929688,231.25099868774413,240.40639923095702,222.60654983520507,False,False,
2025-02-14,244.6000061035156,232.06799926757813,240.50659942626953,222.96204986572266,False,False,
2025-02-18,244.47000122070312,232.79249954223633,240.5429995727539,223.3327498626709,False,False,
2025-02-19,244.8699951171875,233.90399932861328,240.58019958496095,223.71059982299803,False,False,
2025-02-20,245.8300018310547,235.00399932861328,240.6359997558594,224.07459983825683,False,False,
2025-02-21,245.5500030517578,236.0984992980957,240.6901998901367,224.38544982910156,False,False,
2025-02-24,247.1000061035156,237.31449966430665,240.69720001220702,224.71239982604982,False,False,
2025-02-25,247.0399932861328,238.1734992980957,240.68259979248046,225.03559982299805,False,False,
2025-02-26,240.3600006103516,238.27849960327148,240.55999969482423,225.323699798584,False,False,
2025-02-27,237.3000030517578,238.1754997253418,240.34679962158202,225.58734977722168,False,False,
2025-02-28,241.83999633789065,238.38799972534179,240.2209994506836,225.88129974365233,False,False,
2025-03-03,238.02999877929688,238.48949966430663,239.9607995605469,226.14004974365236,False,False,
2025-03-04,235.92999267578125,238.8854995727539,239.60979949951172,226.38254974365233,False,False,
2025-03-05,235.7400054931641,239.03249969482422,239.36359954833983,226.61264976501465,False,False,
2025-03-06,235.3300018310547,239.1754997253418,239.07439971923827,226.84009979248046,True,False,Bullish
2025-03-07,239.07000732421875,239.46800003051757,238.76599975585938,227.08609985351563,False,False,
2025-03-10,227.47999572753903,239.46049957275392,238.21019958496095,227.26829986572267,False,False,
2025-03-11,220.83999633789065,239.11999969482423,237.4629992675781,227.41074981689454,False,False,
2025-03-12,216.97999572753903,238.3379997253418,236.62219940185548,227.5411498260498,False,False,
2025-03-13,209.67999267578125,236.97849960327147,235.7039993286133,227.65514976501464,False,False,
2025-03-14,213.4900054931641,235.57649993896484,234.92979949951172,227.77269981384276,False,False,
2025-03-17,214.0,234.04649963378907,234.2013995361328,227.89274978637695,False,True,Bearish
2025-03-18,212.69000244140625,232.4574996948242,233.57819946289064,228.00474983215332,False,False,
2025-03-19,215.2400054931641,230.97600021362305,233.01579956054687,228.12449989318847,False,False,
2025-03-20,214.1000061035156,229.3895004272461,232.39779968261718,228.23374992370606,False,False,
2025-03-21,218.2700042724609,228.02550048828124,231.91899963378907,228.35494995117188,False,False,
2025-03-24,220.72999572753903,226.7069999694824,231.479599609375,228.486849899292,False,False,
2025-03-25,223.75,225.5425003051758,231.21759948730468,228.62624992370604,False,False,
2025-03-26,221.52999877929688,224.60100021362305,230.96019958496095,228.76149993896485,False,False,
2025-03-27,223.8500061035156,223.92850036621093,230.77159973144532,228.89629997253417,False,False,
2025-03-28,217.8999938964844,222.73150024414062,230.37219970703126,229.02019996643065,False,False,
2025-03-31,222.1300048828125,221.9365005493164,230.24959991455077,229.0951000213623,False,False,
2025-04-01,223.19000244140625,221.29950103759765,230.11380004882812,229.14569999694825,False,False,
2025-04-02,223.88999938964844,220.70700073242188,230.13880004882813,229.19394996643067,False,False,
2025-04-03,203.19000244140625,219.10000076293946,229.72600006103517,229.14744995117186,False,False,
2025-04-04,188.3800048828125,216.56550064086915,229.0204000854492,229.0059999847412,False,False,
2025-04-07,181.4600067138672,214.26450119018554,228.19400024414062,228.84185005187987,False,False,
2025-04-08,172.4199981689453,211.84350128173827,227.0452001953125,228.65555007934572,False,False,
2025-04-09,198.8500061035156,210.9370018005371,226.25700042724608,228.61235008239746,False,False,
2025-04-10,190.4199981689453,209.9740020751953,225.27820037841798,228.52375007629394,False,False,
2025-04-11,198.1499938964844,209.20700149536134,224.48940032958984,228.46915000915527,False,False,
2025-04-14,202.5200042724609,208.63300170898438,223.81980041503905,228.4155000305176,False,False,
2025-04-15,202.13999938964844,208.1055015563965,223.3024005126953,228.35569999694823,False,False,
2025-04-16,194.2700042724609,207.05700149536133,222.53180053710938,228.2739500427246,False,False,
2025-04-17,196.97999572753903,206.2010009765625,221.82200042724608,228.1751000213623,False,False,
2025-04-21,193.16000366210932,204.94550094604492,221.0208004760742,228.03955001831054,False,False,
2025-04-22,199.7400054931641,203.89600143432617,220.46300048828124,227.93050003051758,False,False,
2025-04-23,204.6000061035156,202.93850173950196,220.00200073242186,227.8218000793457,False,False,
2025-04-24,208.3699951171875,202.28050155639647,219.51700073242188,227.72455001831054,False,False,
2025-04-25,209.27999877929688,201.55200119018554,218.96520080566407,227.6275500488281,False,False,
2025-04-28,210.13999938964844,201.16400146484375,218.3374008178711,227.51335006713867,False,False,
2025-04-29,211.2100067138672,200.61800155639648,217.66960083007814,227.4315500640869,False,False,
2025-04-30,212.5,200.08350143432617,217.03020080566407,227.34135009765626,False,False,
2025-05-01,213.32000732421875,199.55500183105468,216.39920104980467,227.23595016479493,False,False,
2025-05-02,205.3500061035156,199.66300201416016,215.5896011352539,227.0886001586914,False,False,
2025-05-05,198.88999938964844,200.18850173950196,214.65640106201172,226.9386501312256,False,False,
2025-05-06,198.509994506836,201.0410011291504,213.68460083007812,226.81030014038086,False,False,
2025-05-07,196.25,202.2325012207031,212.66880096435546,226.6700001525879,False,False,
2025-05-08,197.4900054931641,202.16450119018555,211.81140106201173,226.53765014648437,False,False,
2025-05-09,198.52999877929688,202.57000122070312,211.0360009765625,226.40525016784667,False,False,
2025-05-12,210.7899932861328,203.20200119018554,210.41500091552734,226.36650016784668,False,False,
2025-05-13,212.92999267578125,203.72250061035157,209.91300079345703,226.34370010375977,False,False,
2025-05-14,212.3300018310547,204.23200073242188,209.4410009765625,226.3155500793457,False,False,
2025-05-15,211.4499969482422,205.09100036621095,208.95520080566405,226.2816000366211,False,False,
2025-05-16,211.259994506836,205.80500030517578,208.4738006591797,226.2438999938965,False,False,
2025-05-19,208.77999877929688,206.58600006103515,207.86800048828124,226.1773999786377,False,False,
2025-05-20,206.8600006103516,206.94199981689454,207.4556005859375,226.1198999786377,False,False,
2025-05-21,202.08999633789065,206.81649932861328,207.0806005859375,226.0310499572754,False,False,
2025-05-22,201.3600006103516,206.46599960327148,206.76820068359376,225.99149993896484,False,False,
2025-05-23,195.2700042724609,205.7654998779297,206.48000091552734,225.93169998168946,False,False,
2025-05-27,200.2100067138672,205.2690002441406,206.2144009399414,225.8836499786377,False,False,
2025-05-28,200.4199981689453,204.72949981689453,205.94280090332032,225.81919998168945,False,False,
2025-05-29,199.9499969482422,204.10199966430665,205.68800079345704,225.73774993896484,False,False,
2025-05-30,200.8500061035156,203.47849960327147,205.40020080566407,225.65434997558594,False,False,
2025-06-02,201.6999969482422,203.2959991455078,205.15220062255858,225.55649993896483,False,False,
2025-06-03,203.2700042724609,203.51499938964844,204.8522006225586,225.46424995422365,False,False,
2025-06-04,202.82000732421875,203.7305000305176,204.49400085449219,225.3547499847412,False,False,
2025-06-05,200.6300048828125,203.9495002746582,204.03160095214844,225.22764999389648,False,False,
2025-06-06,203.9199981689453,204.27099990844727,203.67940093994142,225.11779998779298,True,False,Bullish
2025-06-09,201.4499969482422,204.41699981689453,203.23140075683594,224.9925,False,False,
2025-06-10,202.6699981689453,204.01100006103516,202.92680084228516,224.8738500213623,False,False,
2025-06-11,198.77999877929688,203.30350036621093,202.45980072021484,224.7451000213623,False,False,
2025-06-12,199.1999969482422,202.64700012207032,201.98000061035157,224.60690002441407,False,False,
2025-06-13,196.4499969482422,201.89700012207032,201.43120056152344,224.45325004577637,False,False,
2025-06-16,198.4199981689453,201.25500030517577,201.3358004760742,224.3052000427246,False,True,Bearish
2025-06-17,195.63999938964844,200.59800033569337,201.48100036621094,224.15095001220703,False,False,
2025-06-18,196.5800018310547,200.08400039672853,201.7834002685547,223.98490005493164,False,False,
2025-06-20,201.0,200.02950057983398,202.3550003051758,223.84490005493163,False,False,
2025-06-23,201.5,200.03650054931637,202.40800018310546,223.73855003356934,False,False,
2025-06-24,200.3000030517578,200.28800048828126,202.6056002807617,223.63580001831053,False,False,
2025-06-25,201.5599975585937,200.3555000305176,202.6738003540039,223.53169998168946,False,False,
2025-06-26,201.0,200.3845001220703,202.6434002685547,223.43259994506835,False,False,
2025-06-27,201.0800018310547,200.44100036621094,202.6222003173828,223.33344993591308,False,False,
2025-06-30,205.1699981689453,200.65699996948243,202.8402001953125,223.25874992370606,False,False,
2025-07-01,207.82000732421875,200.96300048828124,203.0570004272461,223.1845499420166,False,False,
2025-07-02,212.44000244140625,201.4215003967285,203.44260040283203,223.13289993286133,False,False,
2025-07-03,213.5500030517578,201.95800018310547,203.71880035400392,223.0881499481201,False,False,
2025-07-07,209.9499969482422,202.42399978637695,203.82580017089845,223.05629989624023,False,False,
2025-07-08,210.009994506836,202.72849960327147,203.85860015869142,223.02239990234375,False,False,
2025-07-09,211.13999938964844,203.2129997253418,203.89580017089844,222.97464988708495,False,False,
2025-07-10,212.41000366210932,203.7,203.94120025634766,222.89234992980957,False,False,
2025-07-11,211.16000366210932,204.31900024414062,203.9402001953125,222.80714996337892,True,False,Bullish
2025-07-14,208.6199951171875,204.79000015258788,203.86260009765624,222.71789993286131,False,False,
2025-07-15,209.1100006103516,205.42300033569336,203.77839996337892,222.62659996032716,False,False,
2025-07-16,210.16000366210932,206.01000061035157,203.87459991455077,222.54555000305174,False,False,
2025-07-17,210.0200042724609,206.7290008544922,204.09720001220703,222.45805000305177,False,False,
2025-07-18,211.17999267578125,207.45900039672853,204.35059997558594,222.375,False,False,
2025-07-21,212.47999572753903,208.03300018310546,204.67519989013672,222.2723999786377,False,False,
2025-07-22,214.3999938964844,208.6779998779297,205.01339965820313,222.21334991455078,False,False,
2025-07-23,214.1499938964844,209.37049942016603,205.32579956054687,222.15019989013672,False,False,
2025-07-24,213.759994506836,209.98049926757812,205.38519958496093,222.09064987182617,False,False,
2025-07-25,213.8800048828125,210.62449951171874,205.40419982910157,222.02604988098145,False,False,
2025-07-28,214.0500030517578,211.27299957275392,205.43859985351563,221.9878498840332,False,False,
2025-07-29,211.2700042724609,211.5779998779297,205.435,221.9153498840332,False,False,
2025-07-30,209.0500030517578,211.63949966430664,205.39080017089844,221.81289993286134,False,False,
2025-07-31,207.57000732421875,211.39599990844727,205.36660034179687,221.70555000305177,False,False,
2025-08-01,202.3800048828125,210.8375,205.2770004272461,221.57970001220704,False,False,
2025-08-04,203.3500061035156,210.50750045776368,205.3022006225586,221.4399500274658,False,False,
2025-08-05,202.9199981689453,210.15300064086915,205.33340057373047,221.28529998779297,False,False,
2025-08-06,213.25,210.2585006713867,205.69300048828126,221.19264999389648,False,False,
2025-08-07,220.02999877929688,210.6395004272461,206.08940032958984,221.13205001831054,False,False,
2025-08-08,229.3500061035156,211.54900054931642,206.66800048828125,221.10380004882813,False,False,
2025-08-11,227.17999267578125,212.47700042724608,207.21260040283204,221.05730003356933,False,False,
2025-08-12,229.6499938964844,213.50400009155274,207.7886001586914,221.02625,False,False,
2025-08-13,233.3300018310547,214.6625,208.42120025634765,221.0391000366211,False,False,
2025-08-14,232.77999877929688,215.8004997253418,209.01140014648436,221.0501499938965,False,False,
2025-08-15,231.58999633789065,216.82099990844728,209.5867999267578,221.05104995727538,False,False,
2025-08-18,230.88999938964844,217.74150009155272,210.19199981689454,221.0384999847412,False,False,
2025-08-19,230.5599975585937,218.54950027465821,210.7247998046875,221.02294998168946,False,False,
2025-08-20,226.009994506836,219.1425003051758,211.21599975585937,221.00249992370607,False,False,
2025-08-21,224.8999938964844,219.6995002746582,211.66059967041016,220.99744987487793,False,False,
2025-08-22,227.759994506836,220.39349975585938,212.24019958496095,221.02169982910155,False,False,
2025-08-25,227.16000366210932,221.04899978637695,212.7993997192383,221.04744987487794,False,False,
2025-08-26,229.3099975585937,221.95099945068358,213.45659973144532,221.0767498779297,False,False,
2025-08-27,230.4900054931641,223.02299957275392,214.09799987792968,221.115599899292,False,False,
2025-08-28,232.5599975585937,224.27249908447266,214.8363998413086,221.14099990844727,False,False,
2025-08-29,232.13999938964844,225.76049880981446,215.54759979248047,221.16689987182616,False,False,
2025-09-02,229.72000122070312,227.07899856567383,216.12199981689454,221.19434989929198,False,False,
2025-09-03,238.47000122070312,228.85649871826172,216.86139984130858,221.2655499267578,False,False,
2025-09-04,239.77999877929688,230.18299865722656,217.65099975585937,221.33884994506835,False,False,
2025-09-05,239.69000244140625,231.16599884033204,218.41359985351562,221.39619995117187,False,False,
2025-09-08,237.8800048828125,231.59249877929688,219.15119995117186,221.46059997558595,False,False,
2025-09-09,234.3500061035156,231.95099945068358,219.81660003662108,221.49224998474122,False,False,
2025-09-10,226.7899932861328,231.80799942016603,220.24899993896486,221.48479995727538,False,False,
2025-09-11,230.02999877929688,231.64299926757812,220.6931997680664,221.48994995117187,False,False,
2025-09-12,234.07000732421875,231.7074996948242,221.12579986572266,221.51769996643065,False,False,
2025-09-15,236.6999969482422,231.9629997253418,221.58879974365234,221.55184997558592,False,False,
2025-09-16,238.1499938964844,232.32599945068358,222.1527996826172,221.5782499694824,False,False,
2025-09-17,238.9900054931641,232.74749984741212,222.73239990234376,221.59790000915527,False,False,
2025-09-18,237.8800048828125,233.34100036621095,223.26720001220704,221.61265007019043,False,False,
2025-09-19,245.5,234.37100067138672,223.92899993896484,221.65350006103515,False,False,
2025-09-22,256.0799865722656,235.7870002746582,224.82739959716798,221.73595001220704,False,False,
2025-09-23,254.42999267578125,237.1504997253418,225.74359954833983,221.7948500061035,False,False,
2025-09-24,252.3099975585937,238.3004997253418,226.6075994873047,221.8413500213623,False,False,
2025-09-25,256.8699951171875,239.61949920654297,227.54179931640624,221.91050003051757,False,False,
2025-09-26,255.4600067138672,240.76449966430664,228.45059936523438,221.97360008239747,False,False,
2025-09-29,254.42999267578125,241.87899932861328,229.31559936523436,222.01200004577638,False,False,
2025-09-30,254.6300048828125,243.12449951171874,230.15859954833985,222.04630004882813,False,False,
2025-10-01,255.4499969482422,243.9734992980957,230.979599609375,222.09110000610352,False,False,
2025-10-02,257.1300048828125,244.84099960327148,231.83919982910157,222.13694999694823,False,False,
2025-10-03,258.0199890136719,245.75749893188475,232.72439971923828,222.18639991760253,False,False,
2025-10-06,256.69000244140625,246.69799880981446,233.58059967041015,222.21464996337892,False,False,
2025-10-07,256.4800109863281,247.80449905395508,234.42919982910155,222.22965003967286,False,False,
2025-10-08,258.0599975585937,249.3679992675781,235.3649996948242,222.27970001220703,False,False,
2025-10-09,254.0399932861328,250.56849899291993,236.26479949951172,222.30095001220704,False,False,
2025-10-10,245.2700042724609,251.12849884033204,237.01879943847655,222.2548500061035,False,False,
2025-10-13,247.66000366210932,251.6764991760254,237.9243994140625,222.21680000305176,False,False,
2025-10-14,247.7700042724609,252.15749969482422,238.8127993774414,222.1646499633789,False,False,
2025-10-15,249.33999633789065,252.67499923706055,239.74119934082032,222.11625,False,False,
2025-10-16,247.4499969482422,253.15349884033202,240.42519927978515,222.07555000305175,False,False,
2025-10-17,252.2899932861328,253.49299850463868,241.07039916992187,222.0759999847412,False,False,
2025-10-20,262.239990234375,253.80099868774414,241.72819885253907,222.13509994506836,False,False,
2025-10-21,262.7699890136719,254.21799850463867,242.43999877929687,222.22969985961913,False,False,
2025-10-22,258.45001220703125,254.52499923706054,243.0159991455078,222.30514991760253,False,False,
2025-10-23,259.5799865722656,254.66049880981444,243.54099884033204,222.37804985046387,False,False,
2025-10-24,262.82000732421875,255.02849884033202,244.14179901123046,222.48109985351562,False,False,
2025-10-27,268.8099975585937,255.74749908447265,244.88619903564452,222.6116498565674,False,False,
2025-10-28,269.0,256.465998840332,245.64839904785157,222.7723998260498,False,False,
2025-10-29,269.70001220703125,257.17849960327146,246.4311993408203,222.94889991760255,False,False,
2025-10-30,271.3999938964844,257.8919990539551,247.33899932861328,223.13949989318849,False,False,
2025-10-31,270.3699951171875,258.50949935913087,248.24839935302734,223.30199989318848,False,False,
2025-11-03,269.04998779296875,259.127498626709,249.07419921875,223.50594985961914,False,False,
2025-11-04,270.0400085449219,259.80549850463865,249.93179931640626,223.70624992370605,False,False,
2025-11-05,270.1400146484375,260.40949935913085,250.7483996582031,223.94375,False,False,
2025-11-06,269.7699890136719,261.1959991455078,251.53399932861328,224.17344993591308,False,False,
2025-11-07,268.4700012207031,262.3559989929199,252.25219940185548,224.39749992370605,False,False,
2025-11-10,269.42999267578125,263.4444984436035,252.99799926757814,224.63074989318847,False,False,
2025-11-11,275.25,264.8184982299805,253.90859924316408,224.85769989013673,False,False,
2025-11-12,273.4700012207031,266.0249984741211,254.60859924316406,225.03374992370607,False,False,
2025-11-13,272.95001220703125,267.29999923706055,255.27199951171875,225.20169998168944,False,False,
2025-11-14,272.4100036621094,268.3059997558594,255.9263995361328,225.37580001831054,False,False,
2025-11-17,267.4599914550781,268.5669998168945,256.51799926757815,225.53309997558594,False,False,
2025-11-18,267.44000244140625,268.8005004882813,257.17979919433594,225.73025001525878,False,False,
2025-11-19,268.5599975585937,269.3059997558594,258.0151992797852,225.90904998779297,False,False,
2025-11-20,266.25,269.6395004272461,258.7395993041992,226.07794998168944,False,False,
2025-11-21,271.489990234375,270.07299957275393,259.48799896240234,226.2692999267578,False,False,
2025-11-24,275.9200134277344,270.4285003662109,260.2723992919922,226.51074996948242,False,False,
2025-11-25,276.9700012207031,270.8270004272461,261.0487994384766,226.7573500061035,False,False,
2025-11-26,277.54998779296875,271.219499206543,261.81999908447267,226.98199996948242,False,False,
2025-11-28,278.8500061035156,271.59199981689454,262.6393991088867,227.19190002441405,False,False,
2025-12-01,283.1000061035156,272.22850036621094,263.391399230957,227.39975006103515,False,False,
2025-12-02,286.19000244140625,273.0855010986328,263.99359954833983,227.60770004272462,False,False,
2025-12-03,284.1499938964844,273.79100036621094,264.5879995727539,227.80610000610352,False,False,
2025-12-04,280.70001220703125,274.3190002441406,265.15579986572266,227.98525009155273,False,False,
2025-12-05,278.7799987792969,274.7695007324219,265.5939999389648,228.15000007629394,False,False,
2025-12-08,277.8900146484375,275.2405014038086,266.04260009765625,228.31170013427734,False,False,
2025-12-09,277.17999267578125,275.6280014038086,266.49760009765623,228.46210006713866,False,False,
2025-12-10,278.7799987792969,275.80450134277345,266.98059997558596,228.6208000946045,False,False,
2025-12-11,278.0299987792969,276.0325012207031,267.43220001220703,228.80915008544923,False,False,
2025-12-12,278.2799987792969,276.2990005493164,267.8551998901367,229.01405006408692,False,False,
2025-12-15,274.1099853515625,276.3839996337891,268.1769998168945,229.17540000915528,False,False,
2025-12-16,274.6099853515625,276.74149932861326,268.5353994750977,229.3582999420166,False,False,
2025-12-17,271.8399963378906,276.9614990234375,268.8425991821289,229.53784996032715,False,False,
2025-12-18,272.19000244140625,277.14299926757815,269.12519927978514,229.72009994506837,False,False,
2025-12-19,273.6700134277344,277.51399993896484,269.5177996826172,229.91180000305175,False,False,
2025-12-22,270.9700012207031,277.4880004882813,270.031799621582,230.07129997253418,False,False,
2025-12-23,272.3599853515625,277.3099990844727,270.5257992553711,230.2956999206543,False,False,
2025-12-24,273.8099975585937,277.15199890136716,271.0465991210938,230.5605499267578,False,False,
2025-12-26,273.3999938964844,276.94449920654296,271.5277990722656,230.84264991760253,False,False,
2025-12-29,273.760009765625,276.68999938964845,272.05399932861326,231.16305000305175,False,False,
2025-12-30,273.0799865722656,276.1889984130859,272.46979919433596,231.46099990844726,False,False,
2025-12-31,271.8599853515625,275.4724975585938,272.6621990966797,231.75029983520508,False,False,
2026-01-02,271.010009765625,274.8154983520508,272.8269995117187,232.04189987182616,False,False,
2026-01-05,267.260009765625,274.1434982299805,273.0031994628906,232.30199989318848,False,False,
2026-01-06,262.3599853515625,273.32249755859374,273.05879943847657,232.54329978942872,False,False,
2026-01-07,260.3299865722656,272.44449615478516,273.0089990234375,232.75359970092774,False,True,Bearish
2026-01-08,259.0400085449219,271.53749694824216,272.81359924316405,232.94514976501466,False,False,
2026-01-09,259.3699951171875,270.5669967651367,272.6209991455078,233.12324974060058,False,False,
2026-01-12,260.25,269.67799682617186,272.4319989013672,233.3168497467041,False,False,
2026-01-13,261.04998779296875,268.81649627685545,272.22499877929687,233.50284965515138,False,False,
2026-01-14,259.9599914550781,268.10899658203124,272.0167987060547,233.71314964294433,False,False,
2026-01-15,258.2099914550781,267.288996887207,271.79999877929686,233.89354957580565,False,False,
2026-01-16,255.52999877929688,266.47349700927737,271.5097985839844,234.05524955749513,False,False,
2026-01-20,246.6999969482422,265.19899673461913,271.04099822998046,234.16929954528808,False,False,
2026-01-21,247.6499938964844,263.89799575805665,270.5985983276367,234.39159950256348,False,False,
2026-01-22,248.3500061035156,262.7669960021973,270.19619842529295,234.691449508667,False,False,
2026-01-23,248.0399932861328,261.5509963989258,269.7683984375,235.02434944152833,False,False,
2026-01-26,255.41000366210932,260.63099670410156,269.37159851074216,235.43929946899414,False,False,
2026-01-27,258.2699890136719,259.87449645996094,269.0675982666016,235.73639938354492,False,False,
2026-01-28,256.44000244140625,259.00849609375,268.7373980712891,236.06649940490723,False,False,
2026-01-29,258.2799987792969,258.26849670410155,268.4547979736328,236.3671494293213,False,False,
2026-01-30,259.4800109863281,257.64949798583984,268.2951983642578,236.65194946289063,False,False,
2026-02-02,270.010009765625,257.59949798583983,268.3465985107422,236.9912995147705,False,False,
2026-02-03,269.4800109863281,257.710498046875,268.36499877929685,237.36734954833983,False,False,
2026-02-04,276.489990234375,258.4169982910156,268.5697985839844,237.76489952087402,False,False,
2026-02-05,275.9100036621094,259.1959991455078,268.65819885253904,238.17864952087402,False,False,
2026-02-06,278.1199951171875,260.1499984741211,268.70219848632814,238.57054946899413,False,False,
2026-02-09,274.6199951171875,260.9124984741211,268.6551983642578,238.9206494140625,False,False,
2026-02-10,273.67999267578125,261.58399810791013,268.5777984619141,239.24719940185548,False,False,
2026-02-11,275.5,262.3064987182617,268.51079833984375,239.57829940795898,False,False,
2026-02-12,261.7300109863281,262.3949996948242,268.0833984375,239.8362494659424,False,False,
2026-02-13,255.77999877929688,262.2735000610352,267.47519836425784,240.05909942626954,False,False,
2026-02-17,263.8800048828125,262.6910003662109,267.0697985839844,240.3159994506836,False,False,
2026-02-18,264.3500061035156,263.5735008239746,266.74279846191405,240.57114944458007,False,False,
2026-02-19,260.5799865722656,264.22000045776366,266.37879821777346,240.84729934692382,False,False,
2026-02-20,264.5799865722656,265.0314994812012,266.11259765625,241.1757492828369,False,False,
2026-02-23,266.17999267578125,265.9384994506836,265.89259765625,241.51409927368164,True,False,Bullish
2026-02-24,272.1400146484375,266.775,265.7597979736328,241.89354934692383,False,False,
2026-02-25,274.2300109863281,267.5730010986328,265.6837982177734,242.27724937438964,False,False,
2026-02-26,272.95001220703125,268.39850158691405,265.57719848632814,242.64934944152833,False,False,
2026-02-27,264.17999267578125,268.6935012817383,265.3785986328125,242.91629943847656,False,False,
2026-03-02,264.7200012207031,268.955500793457,265.1807989501953,243.17524948120118,False,False,
2026-03-03,263.75,268.64250030517576,265.0189990234375,243.4323494720459,False,False,
2026-03-04,262.5199890136719,268.294499206543,264.82559875488283,243.68769943237305,False,False,
2026-03-05,260.2900085449219,267.4845001220703,264.55799865722656,243.93284950256347,False,False,
2026-03-06,257.4599914550781,266.56199951171874,264.28779846191406,244.1762494659424,False,False,
2026-03-09,259.8800048828125,265.65,264.03819885253904,244.44134948730468,False,False,
2026-03-10,260.8299865722656,264.9604995727539,263.7785986328125,244.73504943847655,False,False,
2026-03-11,260.8099975585937,264.3169998168945,263.52679870605465,245.03229942321778,False,False,
2026-03-12,255.759994506836,263.32999954223635,263.1667984008789,245.33474937438965,False,False,
2026-03-13,250.1199951171875,262.7494987487793,262.70759857177734,245.58429931640626,False,False,
2026-03-16,252.82000732421875,262.6014991760254,262.3267990112305,245.8462993621826,False,False,
2026-03-17,254.22999572753903,262.1189987182617,261.99119873046874,246.1176993560791,False,False,
2026-03-18,249.94000244140625,261.39849853515625,261.6447985839843,246.36314933776856,False,True,Bearish
2026-03-19,248.9600067138672,260.8174995422363,261.37679901123045,246.5994493865967,False,False,
2026-03-20,247.9900054931641,259.9880004882813,261.12999938964845,246.8230493927002,False,False,
2026-03-23,251.4900054931641,259.25350112915044,260.97899932861327,247.06639938354493,False,False,
2026-03-24,251.63999938964844,258.22850036621094,260.8243994140625,247.3214493560791,False,False,
2026-03-25,252.6199951171875,257.1479995727539,260.67179931640624,247.5649493408203,False,False,
2026-03-26,252.88999938964844,256.14499893188474,260.5085995483398,247.82214935302736,False,False,
2026-03-27,248.8000030517578,255.3759994506836,260.28539978027345,248.0527993774414,False,False,
2026-03-30,246.6300048828125,254.47149963378905,260.0538000488281,248.29204940795898,False,False,
2026-03-31,253.7899932861328,253.9734992980957,260.01899993896484,248.56499938964845,False,False,
2026-04-01,255.6300048828125,253.62900009155274,260.1976000976563,248.86089942932128,False,False,
2026-04-02,255.9199981689453,253.4104995727539,260.36300018310544,249.1483994293213,False,False,
2026-04-06,258.8599853515625,253.48049926757812,260.5731997680664,249.46449935913085,False,False,
2026-04-07,253.5,253.1614990234375,260.6823999023438,249.74909934997558,False,False,
2026-04-08,258.8999938964844,253.06499938964845,260.75219970703125,250.038599319458,False,False,
2026-04-09,260.489990234375,253.0489990234375,260.7965997314453,250.33354927062987,False,False,
2026-04-10,260.4800109863281,253.2849998474121,260.87739990234377,250.63444931030273,False,False,
2026-04-13,259.20001220703125,253.7390007019043,260.89580017089844,250.92264938354492,False,False,
2026-04-14,258.8299865722656,254.03949966430665,260.8827996826172,251.21179931640626,False,False,
2026-04-15,266.42999267578125,254.64949951171874,260.81119934082034,251.5385492706299,False,False,
2026-04-16,263.3999938964844,255.32249908447267,260.6895989990234,251.82969924926758,False,False,
2026-04-17,270.2300109863281,256.3859992980957,260.5643994140625,252.14174926757812,False,False,
2026-04-20,273.04998779296875,257.6389984130859,260.5071990966797,252.44479919433593,False,False,
2026-04-21,266.1700134277344,258.3729988098145,260.2681994628906,252.70789924621582,False,False,
2026-04-22,273.1700134277344,259.4494995117187,260.23919982910155,253.0239993286133,False,False,
2026-04-23,273.42999267578125,260.48999938964846,260.23419982910156,253.341099319458,True,False,Bullish
2026-04-24,271.0599975585937,261.39849929809566,260.1453997802734,253.64069931030272,False,False,
2026-04-27,267.6099853515625,262.3389984130859,260.26299926757815,253.91669921875,False,False,
2026-04-28,270.7099914550781,263.5429977416992,260.56159912109376,254.21444915771485,False,False,
2026-04-29,270.1700134277344,264.36199874877923,260.68739929199216,254.52219924926757,False,False,
2026-04-30,271.3500061035156,265.1479988098144,260.8273992919922,254.8333992767334,False,False,
2026-05-01,280.1400146484375,266.35899963378904,261.2185998535156,255.18329933166504,False,False,
2026-05-04,276.8299865722656,267.2574996948242,261.46359985351563,255.51734924316406,False,False,
2026-05-05,284.17999267578125,268.79149932861327,261.82359985351565,255.88234924316407,False,False,
2026-05-06,287.510009765625,270.2220001220703,262.13099975585936,256.2574993133545,False,False,
2026-05-07,287.44000244140625,271.5695007324219,262.39519958496095,256.6226993560791,False,False,
2026-05-08,293.32000732421875,273.2115005493164,262.8025994873047,257.0185494232178,False,False,
2026-05-11,292.67999267578125,274.88549957275393,263.3725994873047,257.4131494140625,False,False,
2026-05-12,294.79998779296875,276.6839996337891,263.97419921875,257.8177493286133,False,False,
2026-05-13,298.8699951171875,278.3059997558594,264.6765991210938,258.24184928894044,False,False,
2026-05-14,298.2099914550781,280.04649963378904,265.39039916992186,258.6765492248535,False,False,
2026-05-15,300.2300109863281,281.54649963378904,266.18919921875,259.1324492645264,False,False,
2026-05-18,297.8399963378906,282.78600006103517,266.9967993164062,259.5837992095947,False,False,
2026-05-19,298.9700012207031,284.4259994506836,267.7785992431641,260.0667491912842,False,False,
2026-05-20,302.25,285.8799987792969,268.60699951171875,260.5612491607666,False,False,
2026-05-21,304.989990234375,287.45799865722654,269.4905993652344,261.07159912109375,False,False,
2026-05-22,308.82000732421875,289.3459991455078,270.551799621582,261.54944915771483,False,False,
2026-05-26,308.3299865722656,291.38199920654296,271.71599945068357,261.9909490966797,False,False,
2026-05-27,310.8500061035156,293.38899993896484,272.87659942626954,262.3984490966797,False,False,
2026-05-28,312.510009765625,295.50599975585936,274.0421997070313,262.8250991821289,False,False,
2026-05-29,312.0599975585937,297.54149932861327,275.284599609375,263.23714920043943,False,False,
2026-06-01,306.3099975585937,298.8499984741211,276.43159942626954,263.60204917907714,False,False,
2026-06-02,315.20001220703125,300.76849975585935,277.7757995605469,264.0141492462158,False,False,
2026-06-03,310.260009765625,302.07250061035154,278.95119964599604,264.4074993133545,False,False,
2026-06-04,311.2300109863281,303.25850067138674,280.14299987792964,264.8091993713379,False,False,
2026-06-05,307.3399963378906,304.2535003662109,281.2373999023437,265.1930993652344,False,False,
2026-06-08,301.5400085449219,304.6645004272461,282.2104000854492,265.57074943542483,False,False,
2026-06-09,290.54998779296875,304.5580001831055,283.0453997802734,265.8989994049072,False,False,
2026-06-10,291.5799865722656,304.3970001220703,283.94439941406245,266.21809936523437,False,False,
2026-06-11,295.6300048828125,304.23500061035156,284.7811996459961,266.5604493713379,False,False,
2026-06-12,291.1300048828125,303.8810012817383,285.49119964599606,266.86954940795897,False,False,
2026-06-15,296.4200134277344,303.6905014038086,286.30119995117184,267.1991994476318,False,False,
2026-06-16,299.239990234375,303.7605010986328,287.10880004882813,267.5325994110107,False,False,
2026-06-17,295.95001220703125,303.60950164794923,287.9578002929687,267.85164947509764,False,False,
2026-06-18,298.010009765625,303.39750213623046,288.74000061035156,268.19309951782225,False,False,
2026-06-22,297.010009765625,302.99850311279295,289.47040100097655,268.48579956054687,False,False,
2026-06-23,294.29998779296875,302.27250213623046,290.14680053710936,268.7583995056152,False,False,
2026-06-24,293.0799865722656,301.51000213623047,290.82440002441405,269.02534942626954,False,False,
2026-06-25,275.1499938964844,299.7250015258789,291.15080017089844,269.2116993713379,False,False,
2026-06-26,283.7799987792969,298.2885009765625,291.49780029296875,269.4588493347168,False,False,
2026-06-29,281.739990234375,296.7725006103516,291.8646002197266,269.733599319458,False,False,
2026-06-30,289.3599853515625,295.925,292.24719970703126,270.0302492523193,False,False,
2026-07-01,294.3800048828125,294.8839996337891,292.6738000488281,270.33179924011233,False,False,
2026-07-02,308.6300048828125,294.80249938964846,293.5229998779297,270.69144927978516,False,False,
2026-07-06,312.6600036621094,294.8739990234375,294.3127996826172,271.0639993286133,False,False,
2026-07-07,310.6600036621094,295.0399993896484,295.0573999023438,271.422349319458,False,True,Bearish
2026-07-08,313.3900146484375,295.6324996948242,295.9040002441406,271.7998993682861,False,False,
2026-07-09,316.2200012207031,296.91600036621094,296.87620056152343,272.15349937438964,True,False,Bullish
2026-07-10,315.32000732421875,298.1030014038086,297.7684008789063,272.4496994781494,False,False,
2026-07-13,317.3099975585937,299.18700103759767,298.7112005615234,272.76409950256345,False,False,
2026-07-14,314.8599853515625,300.37350006103514,299.5814001464844,273.07684944152834,False,False,
2026-07-15,327.5,301.92749938964846,300.52859985351563,273.4299994659424,False,False,
2026-07-16,333.260009765625,303.6285003662109,301.65720031738283,273.81899948120116,False,False,
2026-07-17,333.739990234375,305.51799926757815,302.64840026855467,274.21554946899414,False,False,
2026-07-20,326.5899963378906,306.9469985961914,303.43,274.57534942626955,False,False,
2026-07-21,327.739990234375,308.4834976196289,304.2359997558594,274.9367993927002,False,False,
2026-07-22,325.8900146484375,310.06299896240233,304.88739990234376,275.2805994415283,False,False,
2026-07-23,321.6600036621094,311.4919998168945,305.4670001220703,275.5987995147705,False,False,
2026-07-24,333.0199890136719,314.38549957275393,306.23140014648436,275.9804494476318,False,False,
2026-07-27,336.9100036621094,317.04199981689453,306.9922003173828,276.38259941101074,False,False,
2026-07-28,340.0799865722656,319.95899963378906,307.82960021972656,276.7926993560791,False,False,
2026-07-29,338.19000244140625,322.40050048828124,308.58880004882815,277.2134494018555,False,False,
2026-07-30,333.42999267578125,324.3529998779297,309.30059997558595,277.6542493438721,False,False,
2026-07-31,308.9100036621094,324.3669998168945,309.49940002441406,277.9604993438721,False,False,
2026-08-03,303.4200134277344,323.9050003051758,309.5228002929687,278.23874938964843,False,False,
2026-08-04,309.3800048828125,323.84100036621095,309.6106005859375,278.53894943237304,False,False,
2026-08-05,311.0,323.72149963378905,309.6542004394531,278.85669944763185,False,False,
2026-08-06,312.4100036621094,323.5309997558594,309.73580078125,279.15729949951174,False,False,
2026-08-07,313.3299865722656,323.4314987182617,309.785400390625,279.41274948120116,False,False,
2026-08-10,308.260009765625,322.97899932861327,309.700400390625,279.64019958496095,False,False,
2026-08-11,304.9100036621094,322.48150024414065,309.5574005126953,279.8724995422363,False,False,
2026-08-12,302.25,321.2190002441406,309.47620056152346,280.085849609375,False,False,
2026-08-13,305.260009765625,319.8190002441406,309.2774005126953,280.29804962158204,False,False,
2026-08-14,305.92999267578125,318.4285003662109,309.19080017089846,280.483649597168,False,False,
