Date,Close,Daily Return,Cumulative Growth,Cumulative Return
2021-08-16,151.1199951171875,,1.0,0.0
2021-08-17,150.19000244140625,-0.006154001494375949,0.993845998505624,-0.006154001494375949
2021-08-18,146.36000061035156,-0.025501043803157875,0.968501888164139,-0.03149811183586104
2021-08-19,146.6999969482422,0.002323014050784167,0.9707517316585552,-0.029248268341444783
2021-08-20,148.19000244140625,0.010156820205591055,0.9806114824612774,-0.019388517538722616
2021-08-23,149.7100067138672,0.010257131030562805,0.9906697429269572,-0.009330257073042802
2021-08-24,149.6199951171875,-0.0006012396810035625,0.9900741129667399,-0.009925887033260139
2021-08-25,148.36000061035156,-0.008421297606974743,0.9817364042084854,-0.018263595791514597
2021-08-26,147.5399932861328,-0.005527145597501004,0.976310204164058,-0.023689795835941996
2021-08-27,148.60000610351562,0.007184579541948732,0.9833245824834909,-0.01667541751650914
2021-08-30,153.1199951171875,0.03041715227469921,1.0132345160443463,0.013234516044346334
2021-08-31,151.8300018310547,-0.008424721311841354,1.0046982976231342,0.004698297623134229
2021-09-01,152.50999450683594,0.004478644981759983,1.009197984611967,0.00919798461196697
2021-09-02,153.64999389648438,0.007474915944589711,1.0167416547183907,0.01674165471839073
2021-09-03,154.3000030517578,0.0042304535053308,1.0210429330156099,0.021042933015609888
2021-09-07,156.69000244140625,0.01548930228372547,1.0368581756497504,0.03685817564975036
2021-09-08,155.11000061035156,-0.010083616098260806,1.0264028958581553,0.02640289585815525
2021-09-09,154.07000732421875,-0.006704875778740793,1.0195209919424866,0.019520991942486576
2021-09-10,148.97000122070312,-0.03310187486902216,0.985772935640865,-0.014227064359135011
2021-09-13,149.5500030517578,0.003893413615506436,0.9896109574102869,-0.010389042589713071
2021-09-14,148.1199951171875,-0.009562072252685905,0.98014822593348,-0.019851774066519945
2021-09-15,149.02999877929688,0.006143692223250508,0.9861699549667804,-0.013830045033219607
2021-09-16,148.7899932861328,-0.0016104508832446296,0.9845817766917748,-0.015418223308225176
2021-09-17,146.05999755859375,-0.018347979371765355,0.9665166905632181,-0.033483309436781905
2021-09-20,142.94000244140625,-0.02136105141269684,0.9458708778448676,-0.054129122155132436
2021-09-21,143.42999267578125,0.003427943374884501,0.9491132696540721,-0.050886730345927944
2021-09-22,145.85000610351562,0.016872436389261614,0.9651271229225145,-0.03487287707748554
2021-09-23,146.8300018310547,0.0067192025130498045,0.971612007512268,-0.02838799248773205
2021-09-24,146.9199981689453,0.0006129288072487249,0.972207536501141,-0.027792463498859
2021-09-27,145.3699951171875,-0.010549980064493591,0.9619507663725035,-0.03804923362749646
2021-09-28,141.91000366210938,-0.0238012765446467,0.9390551101597368,-0.06094488984026325
2021-09-29,142.8300018310547,0.006482969101571312,0.945142975423575,-0.05485702457642505
2021-09-30,141.5,-0.009311781936598096,0.9363420101375232,-0.06365798986247684
2021-10-01,142.64999389648438,0.00812716534617941,0.9439518164744848,-0.056048183525515216
2021-10-04,139.13999938964844,-0.02460564077824645,0.9207252771663403,-0.07927472283365966
2021-10-05,141.11000061035156,0.014158410445197056,0.9337612835477292,-0.06623871645227075
2021-10-06,142.0,0.00630713192402288,0.9396506391486097,-0.06034936085139031
2021-10-07,143.2899932861328,0.009084459761498742,0.9481868575698218,-0.051813142430178205
2021-10-08,142.89999389648438,-0.00272174895611621,0.945606130980028,-0.05439386901997201
2021-10-11,142.80999755859375,-0.0006297854565047167,0.945010601991155,-0.05498939800884495
2021-10-12,141.50999450683594,-0.009103025516294383,0.9364081463680608,-0.0635918536319392
2021-10-13,140.91000366210938,-0.004239918507647045,0.9324378521375634,-0.06756214786243664
2021-10-14,143.75999450683594,0.02022561046524851,0.9512969769179507,-0.048703023082049324
2021-10-15,144.83999633789062,0.007512533892058082,0.9584436276984591,-0.041556372301540856
2021-10-18,146.5500030517578,0.01180617755525204,0.969759183343767,-0.030240816656233016
2021-10-19,148.75999450683594,0.01508011879261173,0.9843832670288172,-0.015616732971182823
2021-10-20,149.25999450683594,0.003361118704377386,0.9876918960399038,-0.012308103960096184
2021-10-21,149.47999572753906,0.0014739463272126496,0.9891477008824895,-0.010852299117510511
2021-10-22,148.69000244140625,-0.005284943194491021,0.9839201114723641,-0.016079888527635866
2021-10-25,148.63999938964844,-0.0003362906109138919,0.9835892283769866,-0.01641077162301341
2021-10-26,149.32000732421875,0.004574865025313457,0.9880890163371635,-0.011910983662836494
2021-10-27,148.85000610351562,-0.0031476104851951847,0.9849788969890344,-0.015021103010965597
2021-10-28,152.57000732421875,0.02499160946030532,1.0095951049092267,0.00959510490922666
2021-10-29,149.8000030517578,-0.0181556278395828,0.9912652719158301,-0.008734728084169863
2021-11-01,148.9600067138672,-0.005607452074619768,0.9857067994103272,-0.014293200589672761
2021-11-02,150.02000427246094,0.007115987586049588,0.9927210767584158,-0.00727892324158419
2021-11-03,151.49000549316406,0.009798701365408391,1.0024484541287182,0.0024484541287181916
2021-11-04,150.9600067138672,-0.003498572579567205,0.9989413154546739,-0.001058684545326094
2021-11-05,151.27999877929688,0.0021197141706292832,1.0010587855166702,0.0010587855166701576
2021-11-08,150.44000244140625,-0.005552593499925207,0.9955003130111673,-0.004499686988832741
2021-11-09,150.80999755859375,0.0024594197765426262,0.9979486661685413,-0.0020513338314587237
2021-11-10,147.9199981689453,-0.01916318172822462,0.9788247945233142,-0.021175205476685832
2021-11-11,147.8699951171875,-0.0003380411869712274,0.9784939114279366,-0.021506088572063375
2021-11-12,149.99000549316406,0.014336988205730705,0.9925225670954583,-0.007477432904541725
2021-11-15,150.0,6.663448543164918e-05,0.992588703325996,-0.007411296674003975
2021-11-16,151.0,0.006666666666666599,0.9992059613481693,-0.0007940386518306974
2021-11-17,153.49000549316406,0.016490102603735624,1.015682970173065,0.01568297017306497
2021-11-18,157.8699951171875,0.02853599235957094,1.04466649164967,0.04466649164966996
2021-11-19,160.5500030517578,0.016976043690765552,1.0624007956541934,0.06240079565419343
2021-11-22,161.02000427246094,0.002927444483147079,1.0655109150023223,0.06551091500232231
2021-11-23,161.41000366210938,0.0024220555167078217,1.068091641592116,0.068091641592116
2021-11-24,161.94000244140625,0.003283555958565998,1.0715987802661604,0.0715987802661604
2021-11-26,156.80999755859375,-0.031678429081589354,1.0376522143015812,0.037652214301581166
2021-11-29,160.24000549316406,0.02187365594013646,1.0603494618227347,0.06034946182273471
2021-11-30,165.3000030517578,0.031577617231232535,1.0938327712595164,0.09383277125951639
2021-12-01,164.77000427246094,-0.003206284147078464,1.090325632585472,0.090325632585472
2021-12-02,163.75999450683594,-0.006129815739731703,1.0836421373614167,0.08364213736141668
2021-12-03,161.83999633789062,-0.011724464053185835,1.0709370140754053,0.07093701407540531
2021-12-06,165.32000732421875,0.021502787105003085,1.0939651446919365,0.09396514469193651
2021-12-07,171.17999267578125,0.035446316791349686,1.1327421797693815,0.13274217976938152
2021-12-08,175.0800018310547,0.02278308985945654,1.158549546638664,0.15854954663866394
2021-12-09,174.55999755859375,-0.0029700951966102895,1.1551085441951574,0.1551085441951574
2021-12-10,179.4499969482422,0.028013287454401015,1.187466931884731,0.18746693188473107
2021-12-13,175.74000549316406,-0.020674235264256824,1.162916961166421,0.16291696116642096
2021-12-14,174.3300018310547,-0.008023236702153325,1.1535866031220339,0.15358660312203387
2021-12-15,179.3000030517578,0.02850915601733095,1.1864743835699427,0.18647438356994273
2021-12-16,172.25999450683594,-0.039263850669816525,1.13988883054989,0.13988883054989
2021-12-17,171.13999938964844,-0.006501771466984829,1.132477533875886,0.1324775338758859
2021-12-20,169.75,-0.00812200183829448,1.1232795492639187,0.12327954926391871
2021-12-21,172.99000549316406,0.01908692484927288,1.1447195016054443,0.14471950160544433
2021-12-22,175.63999938964844,0.01531876878626437,1.1622551949756659,0.16225519497566587
2021-12-23,176.27999877929688,0.0036438134358485197,1.166490236071003,0.166490236071003
2021-12-27,180.3300018310547,0.022974830268908786,1.1932901512550735,0.19329015125507354
2021-12-28,179.2899932861328,-0.00576725189575622,1.1864081463680605,0.18640814636806047
2021-12-29,179.3800048828125,0.0005020447322792165,1.1870037763282777,0.1870037763282777
2021-12-30,178.1999969482422,-0.006578257901939555,1.1791953593570141,0.17919535935701414
2021-12-31,177.57000732421875,-0.0035352953693170708,1.175026555463559,0.17502655546355905
2022-01-03,182.009994506836,0.025004150472947906,1.2044070962660796,0.20440709626607956
2022-01-04,179.6999969482422,-0.012691597320536374,1.189121246390274,0.18912124639027406
2022-01-05,174.9199981689453,-0.02659988236212174,1.1574907611219931,0.15749076112199312
2022-01-06,172.0,-0.016693335236175,1.1381683798138083,0.13816837981380825
2022-01-07,172.1699981689453,0.0009883614473564784,1.1392933015610165,0.1392933015610165
2022-01-10,172.19000244140625,0.00011618907285648739,1.1394256749934364,0.1394256749934364
2022-01-11,175.0800018310547,0.016783781570778755,1.1585495466386633,0.15854954663866327
2022-01-12,175.52999877929688,0.0025702361408266317,1.1615272925543723,0.16152729255437226
2022-01-13,172.19000244140625,-0.019028065636177538,1.1394256749934362,0.13942567499343617
2022-01-14,173.07000732421875,0.005110661887074208,1.1452488943637789,0.14524889436377886
2022-01-18,169.8000030517578,-0.018894112983626976,1.1236104323592957,0.1236104323592957
2022-01-19,166.22999572753906,-0.021024777738847034,1.0999867727538917,0.09998677275389167
2022-01-20,164.50999450683594,-0.010347117036099251,1.088605080878046,0.08860508087804608
2022-01-21,162.41000366210938,-0.01276512622240289,1.0747088996142886,0.07470889961428862
2022-01-24,161.6199951171875,-0.00486428500159064,1.0694812092328188,0.06948120923281875
2022-01-25,159.77999877929688,-0.011384707297859231,1.0573054787051426,0.057305478705142576
2022-01-26,159.69000244140625,-0.0005632515870458432,1.0567099497162697,0.05670994971626975
2022-01-27,159.22000122070312,-0.0029432100539642514,1.0535998303681409,0.053599830368140866
2022-01-28,170.3300018310547,0.06977766942076213,1.12711757103334,0.1271175710333401
2022-01-31,174.77999877929688,0.026125737688043937,1.1565643490377424,0.1565643490377424
2022-02-01,174.61000061035156,-0.0009726408635577499,1.1554394272905342,0.15543942729053417
2022-02-02,175.83999633789062,0.007044245594408194,1.163578626385831,0.16357862638583098
2022-02-03,172.89999389648438,-0.016719759455390393,1.1441238716452262,0.14412387164522622
2022-02-04,172.38999938964844,-0.0029496502304173777,1.140749106403602,0.14074910640360194
2022-02-07,171.66000366210938,-0.004234559603942367,1.135918536319392,0.135918536319392
2022-02-08,174.8300018310547,0.018466725511581794,1.15689523213312,0.15689523213312007
2022-02-09,176.27999877929688,0.008293753549481586,1.1664902360710026,0.16649023607100255
2022-02-10,172.1199951171875,-0.02359884099680365,1.138962418465639,0.13896241846563906
2022-02-11,168.63999938964844,-0.020218427993619836,1.1159343888204525,0.11593438882045248
2022-02-14,168.8800048828125,0.0014231824835904128,1.1175225670954578,0.11752256709545783
2022-02-15,172.7899932861328,0.023152465006342826,1.1433959692239337,0.14339596922393372
2022-02-16,172.5500030517578,-0.0013889128057177347,1.1418078919202725,0.14180789192027254
2022-02-17,168.8800048828125,-0.021269186346200564,1.1175225670954578,0.11752256709545783
2022-02-18,167.3000030517578,-0.009355766137921773,1.1070672873038627,0.10706728730386272
2022-02-22,164.32000732421875,-0.017812287347162448,1.0873478866697628,0.08734788666976279
2022-02-23,160.07000732421875,-0.02586416632525068,1.0592245400755262,0.059224540075526244
2022-02-24,162.74000549316406,0.01668019020913314,1.0768926068781677,0.07689260687816768
2022-02-25,164.85000610351562,0.012965469700934706,1.0908550253438072,0.09085502534380718
2022-02-28,165.1199951171875,0.0016377858882354879,1.0926416123104261,0.09264161231042611
2022-03-01,163.1999969482422,-0.011627896231359958,1.0799364890244147,0.07993648902441475
2022-03-02,166.55999755859375,0.02058823941900667,1.102170480017771,0.10217048001777096
2022-03-03,166.22999572753906,-0.001981279033932526,1.0999867727538923,0.09998677275389234
2022-03-04,163.1699981689453,-0.01840821534766368,1.079737979361457,0.07973797936145699
2022-03-07,159.3000030517578,-0.02371756548762427,1.0541292231264765,0.0541292231264765
2022-03-08,157.44000244140625,-0.011676086470301161,1.0418211191663804,0.04182111916638043
2022-03-09,162.9499969482422,0.034997423916368176,1.0782821745188713,0.07828217451887132
2022-03-10,158.52000427246094,-0.027186209013482565,1.048967769946889,0.048967769946888895
2022-03-11,154.72999572753906,-0.02390870831928371,1.0238883054988992,0.0238883054988992
2022-03-14,150.6199951171875,-0.026562403695717718,0.9966913709889131,-0.003308629011086861
2022-03-15,155.08999633789062,0.029677342754030223,1.0262705224257354,0.026270522425735354
2022-03-16,159.58999633789062,0.02901541109199557,1.056048183525515,0.056048183525515105
2022-03-17,160.6199951171875,0.006454030972694147,1.0628639512106461,0.06286395121064614
2022-03-18,163.97999572753906,0.020918943546848645,1.0850979422040021,0.08509794220400213
2022-03-21,165.3800048828125,0.008537682593916074,1.0943621640178514,0.09436216401785136
2022-03-22,168.82000732421875,0.0208005946295855,1.1171255477695425,0.11712554776954254
2022-03-23,170.2100067138672,0.008233617636201895,1.1263235323815095,0.1263235323815095
2022-03-24,174.07000732421875,0.02267787120671727,1.1518661523859521,0.15186615238595214
2022-03-25,174.72000122070312,0.003734094727035453,1.1561673297118271,0.15616732971182712
2022-03-28,175.60000610351562,0.005036657947940837,1.1619905490821698,0.1619905490821698
2022-03-29,178.9600067138672,0.019134399166084615,1.1842245400755258,0.1842245400755258
2022-03-30,177.77000427246094,-0.006649544014093012,1.1763499868737246,0.1763499868737246
2022-03-31,174.61000061035156,-0.017775797863323284,1.1554394272905342,0.15543942729053417
2022-04-01,174.30999755859375,-0.0017181321270783867,1.1534542296896133,0.1534542296896133
2022-04-04,178.44000244140625,0.023693448113463633,1.1807835376320193,0.18078353763201926
2022-04-05,175.05999755859375,-0.018941968373500706,1.1584171732062434,0.15841717320624338
2022-04-06,171.8300018310547,-0.018450792714411857,1.1370434580666,0.1370434580666
2022-04-07,172.13999938964844,0.0018040944846089424,1.1390947918980587,0.13909479189805873
2022-04-08,170.08999633789062,-0.01190892912179875,1.1255293927583347,0.12552939275833475
2022-04-11,165.75,-0.025515882364234077,1.0968105171752252,0.09681051717522515
2022-04-12,167.66000366210938,0.01152340067637625,1.1094495042306987,0.10944950423069866
2022-04-13,170.39999389648438,0.016342539511671417,1.127580726589793,0.12758072658979303
2022-04-14,165.2899932861328,-0.02998826756681583,1.0937665340576337,0.09376653405763369
2022-04-18,165.07000732421875,-0.0013309091345490298,1.0923108301863924,0.09231083018639241
2022-04-19,167.39999389648438,0.014115141872437453,1.1077289525232732,0.10772895252327319
2022-04-20,167.22999572753906,-0.0010155207595194948,1.106604030776065,0.10660403077606495
2022-04-21,166.4199981689453,-0.004843614060203949,1.1012440679335196,0.10124406793351959
2022-04-22,161.7899932861328,-0.02782120498590701,1.070606130980027,0.070606130980027
2022-04-25,162.8800048828125,0.006737200333224225,1.0778190189624175,0.0778190189624175
2022-04-26,156.8000030517578,-0.03732810442527357,1.0375860780710424,0.03758607807104242
2022-04-27,156.57000732421875,-0.001466809458308127,1.0360641369979189,0.03606413699791888
2022-04-28,163.63999938964844,0.04515546870218534,1.082848098709585,0.08284809870958498
2022-04-29,157.64999389648438,-0.036604775821961866,1.043210686807083,0.043210686807082954
2022-05-02,157.9600067138672,0.0019664626031408172,1.0452621216098859,0.04526212160988585
2022-05-03,159.47999572753906,0.009622619328101267,1.0553202811042213,0.05532028110422127
2022-05-04,166.02000427246094,0.0410083315784322,1.0985972051131874,0.09859720511318737
2022-05-05,156.77000427246094,-0.05571617733980727,1.0373875684080844,0.03738756840808444
2022-05-06,157.27999877929688,0.0032531383104996703,1.040762333649709,0.04076233364970894
2022-05-09,152.05999755859375,-0.03318922470255159,1.0062202386962569,0.0062202386962568745
2022-05-10,154.50999450683594,0.01611204121779708,1.0224325006563126,0.022432500656312637
2022-05-11,146.5,-0.05184127106082803,0.9694283002483886,-0.030571699751611447
2022-05-12,142.55999755859375,-0.026894214617107504,0.9433562874856106,-0.05664371251438938
2022-05-13,147.11000061035156,0.03191640803646689,0.9734648316807679,-0.026535168319232083
2022-05-16,145.5399932861328,-0.010672335787539122,0.9630756881197106,-0.03692431188028944
2022-05-17,149.24000549316406,0.02542264929033622,0.9875596235788272,-0.012440376421172794
2022-05-18,140.82000732421875,-0.056419176219683176,0.9318423231486894,-0.06815767685131058
2022-05-19,137.35000610351562,-0.024641393553644142,0.9088804297340405,-0.09111957026595952
2022-05-20,137.58999633789062,0.0017472895792529641,0.9104685070377018,-0.08953149296229823
2022-05-23,143.11000061035156,0.04011922682885327,0.9469957995920747,-0.053004200407925306
2022-05-24,140.36000061035156,-0.019215987619813357,0.9287983400310982,-0.07120165996890182
2022-05-25,140.52000427246094,0.0011399519906925004,0.9298571255477686,-0.07014287445223144
2022-05-26,143.77999877929688,0.02319950475175747,0.9514293503503696,-0.048570649649630426
2022-05-27,149.63999938964844,0.04075671623385313,0.9902064863991589,-0.00979351360084113
2022-05-31,148.83999633789062,-0.005346184543042365,0.9849126597871514,-0.015087340212848632
2022-06-01,148.7100067138672,-0.0008733514325567349,0.984052484904783,-0.01594751509521697
2022-06-02,151.2100067138672,0.016811242600575316,1.0005956299602163,0.0005956299602163373
2022-06-03,145.3800048828125,-0.03855566147871903,0.9620170035743846,-0.03798299642561542
2022-06-06,146.13999938964844,0.005227641225136415,0.9670460833215523,-0.032953916678447714
2022-06-07,148.7100067138672,0.017585926747997416,0.9840524849047829,-0.01594751509521708
2022-06-08,147.9600067138672,-0.005043372780172639,0.9790895413881529,-0.02091045861184715
2022-06-09,142.63999938964844,-0.0359557115626985,0.9438856802439457,-0.0561143197560543
2022-06-10,137.1300048828125,-0.038628677302390724,0.9074246248914548,-0.09257537510854519
2022-06-13,131.8800048828125,-0.03828483784046022,0.872684020275045,-0.127315979724955
2022-06-14,132.75999450683594,0.006672653862921818,0.8785071386740434,-0.1214928613259566
2022-06-15,135.42999267578125,0.020111466401181888,0.8961752054766848,-0.10382479452331517
2022-06-16,130.05999755859375,-0.039651446559871295,0.8606405622084444,-0.13935943779155557
2022-06-17,131.55999755859375,0.011533138767930717,0.8705664492417043,-0.12943355075829566
2022-06-21,135.8699951171875,0.032760699593918474,0.8990868151618561,-0.10091318483814393
2022-06-22,135.35000610351562,-0.003827107031419197,0.8956459136896938,-0.10435408631030618
2022-06-23,138.27000427246094,0.021573683319320303,0.9149682949978786,-0.08503170500212143
2022-06-24,141.66000366210938,0.024517243689154977,0.9374007956541922,-0.06259920434580779
2022-06-27,141.66000366210938,0.0,0.9374007956541922,-0.06259920434580779
2022-06-28,137.44000244140625,-0.029789645006425114,0.9094759587229134,-0.09052404127708658
2022-06-29,139.22999572753906,0.013023815878466127,0.9213208061552121,-0.07867919384478794
2022-06-30,136.72000122070312,-0.01802768500939822,0.9047115248692411,-0.09528847513075889
2022-07-01,138.92999267578125,0.016164360995803317,0.9193356085542912,-0.0806643914457088
2022-07-05,141.55999755859375,0.018930432746441683,0.9367390294634372,-0.06326097053656277
2022-07-06,142.9199981689453,0.009607238159132114,0.9457385044124468,-0.05426149558755322
2022-07-07,146.35000610351562,0.02399949607133145,0.9684357519336002,-0.03156424806639979
2022-07-08,147.0399932861328,0.004714637197412497,0.9730015751529705,-0.026998424847029523
2022-07-11,144.8699951171875,-0.014757877230874183,0.9586421373614158,-0.04135786263858421
2022-07-12,145.86000061035156,0.006833751132270249,0.9651932591530513,-0.03480674084694868
2022-07-13,145.49000549316406,-0.0025366455206311533,0.9627449059956773,-0.0372550940043227
2022-07-14,148.47000122070312,0.0204824772494705,0.9824643066297774,-0.01753569337022265
2022-07-15,150.1699981689453,0.011450103955445545,0.993713625073203,-0.006286374926796956
2022-07-18,147.07000732421875,-0.020643210245224752,0.9732001857872725,-0.02679981421272748
2022-07-19,151.0,0.026721917998667744,0.9992059613481682,-0.0007940386518318077
2022-07-20,153.0399932861328,0.013509889312137924,1.0127051232860103,0.012705123286010256
2022-07-21,155.35000610351562,0.015094177461599134,1.02799107413316,0.027991074133159932
2022-07-22,154.08999633789062,-0.008110780277571505,1.0196532644035612,0.019653264403561188
2022-07-25,152.9499969482422,-0.0073982699509488326,1.0121095942971374,0.012109594297137427
2022-07-26,151.60000610351562,-0.0088263541788981,1.00317635655001,0.003176356550010029
2022-07-27,156.7899932861328,0.034234742570348864,1.0375198408691602,0.03751984086916016
2022-07-28,157.35000610351562,0.0035717382573059453,1.0412255901775065,0.04122559017750649
2022-07-29,162.50999450683594,0.03279306134837845,1.075370564833699,0.07537056483369908
2022-08-01,161.50999450683594,-0.00615346768692393,1.0687533068115258,0.0687533068115258
2022-08-02,160.00999450683594,-0.009287350944318873,1.0588274197782659,0.05882741977826589
2022-08-03,166.1300048828125,0.038247675683253046,1.0993251075344805,0.09932510753448054
2022-08-04,165.80999755859375,-0.0019262464022948844,1.0972075365011398,0.09720753650113978
2022-08-05,165.35000610351562,-0.0027742082012610636,1.094163654354893,0.09416365435489293
2022-08-08,164.8699951171875,-0.0029029995077690662,1.0909872978048818,0.0909872978048818
2022-08-09,164.9199981689453,0.0003032877615012364,1.0913181809002592,0.09131818090025923
2022-08-10,169.24000549316406,0.026194563256017656,1.119904784022293,0.1199047840222931
2022-08-11,168.49000549316406,-0.0044315763156265175,1.114941840505663,0.11494184050566303
2022-08-12,172.10000610351562,0.021425606817361276,1.1388301460045624,0.13883014600456245
2022-08-15,173.19000244140625,0.006333505515595528,1.1460429330156088,0.14604293301560878
2022-08-16,173.02999877929688,-0.0009238620004263787,1.1449841474989384,0.1449841474989384
2022-08-17,174.5500030517578,0.00878462857992468,1.1550424079646182,0.1550424079646182
2022-08-18,174.14999389648438,-0.0022916594000563784,1.1523954441729423,0.15239544417294226
2022-08-19,171.52000427246094,-0.015101864577650947,1.1349921242351406,0.13499212423514062
2022-08-22,167.57000732421875,-0.023029365962279114,1.108853975241825,0.10885397524182494
2022-08-23,167.22999572753906,-0.0020290719210975805,1.1066040307760643,0.10660403077606428
2022-08-24,167.52999877929688,0.001793954789346408,1.1085892283769851,0.10858922837698515
2022-08-25,170.02999877929688,0.014922700520600518,1.1251323734324186,0.12513237343241856
2022-08-26,163.6199951171875,-0.03769925135640162,1.082715725277165,0.08271572527716509
2022-08-29,161.3800048828125,-0.013690198638440787,1.0678931319291571,0.06789313192915714
2022-08-30,158.91000366210938,-0.015305497248539135,1.0515484965366815,0.051548496536681476
2022-08-31,157.22000122070312,-0.010634965719336975,1.0403653143237934,0.04036531432379342
2022-09-01,157.9600067138672,0.004706815210650195,1.0452621216098856,0.04526212160988563
2022-09-02,155.80999755859375,-0.013611098150736467,1.0310349562794063,0.031034956279406334
2022-09-06,154.52999877929688,-0.008215126110989845,1.022564874088732,0.02256487408873209
2022-09-07,155.9600067138672,0.00925391798269981,1.032027605565539,0.032027605565539075
2022-09-08,154.4600067138672,-0.009617850316921195,1.0221017185322792,0.022101718532279158
2022-09-09,157.3699951171875,0.01883975318420772,1.0413578626385818,0.041357862638581766
2022-09-12,163.42999267578125,0.038507960517385253,1.081458430097537,0.08145843009753695
2022-09-13,153.83999633789062,-0.05867953721882391,1.0179989498980178,0.017998949898017758
2022-09-14,155.30999755859375,0.009555390377639084,1.02772632726832,0.027726327268319917
2022-09-15,152.3699951171875,-0.018929898188280392,1.0082715725277154,0.008271572527715376
2022-09-16,150.6999969482422,-0.010960151095764759,0.9972207637472473,-0.0027792362527526704
2022-09-19,154.47999572753906,0.025082938658552933,1.0222339909933549,0.02223399099335488
2022-09-20,156.89999389648438,0.01566544689199456,1.0382477432904529,0.038247743290452885
2022-09-21,153.72000122070312,-0.02026764053209118,1.0172049112461872,0.01720491124618717
2022-09-22,152.74000549316406,-0.006375199842290069,1.0107200266564338,0.01072002665643379
2022-09-23,150.42999267578125,-0.015123823060790742,0.9954340758092842,-0.0045659241907157755
2022-09-26,150.77000427246094,0.0022602646628622214,0.9976840202750449,-0.0023159797249551195
2022-09-27,151.75999450683594,0.0065662280713738586,1.004235041095336,0.004235041095336012
2022-09-28,149.83999633789062,-0.012651543479456517,0.9915299178093245,-0.008470082190675465
2022-09-29,142.47999572753906,-0.049119065604851575,0.9428268947272752,-0.05717310527272479
2022-09-30,138.1999969482422,-0.030039296095161427,0.914505038470081,-0.08549496152991898
2022-10-03,142.4499969482422,0.030752533240588242,0.9426283850643176,-0.057371614935682436
2022-10-04,146.10000610351562,0.02562309044204225,0.9667814374280568,-0.03321856257194322
2022-10-05,146.39999389648438,0.0020533044519943644,0.9687665340576334,-0.031233465942366645
2022-10-06,145.42999267578125,-0.0066256916744750205,0.9623477856984177,-0.037652214301582276
2022-10-07,140.08999633789062,-0.03671867294799025,0.927011652093135,-0.07298834790686504
2022-10-10,140.4199981689453,0.0023556416566585803,0.9291953593570135,-0.07080464064298653
2022-10-11,138.97999572753906,-0.01025496695758199,0.9196664916496687,-0.08033350835033126
2022-10-12,138.33999633789062,-0.004604974883602009,0.9154314505543316,-0.08456854944566838
2022-10-13,142.99000549316406,0.0336129050048255,0.946201760940244,-0.053798239059756
2022-10-14,138.3800048828125,-0.03224001981433555,0.9156961974191713,-0.0843038025808287
2022-10-17,142.41000366210938,0.02912269574429982,0.9423637391708222,-0.05763626082917783
2022-10-18,143.75,0.009409425626236034,0.9512308406874117,-0.048769159312588295
2022-10-19,143.86000061035156,0.0007652216372282528,0.9519587431087045,-0.04804125689129546
2022-10-20,143.38999938964844,-0.003267073673773546,0.9488486237605755,-0.05115137623942445
2022-10-21,147.27000427246094,0.027059103837980825,0.9745236171974382,-0.025476382802561814
2022-10-24,149.4499969482422,0.014802693097965003,0.9889491912195306,-0.011050808780469379
2022-10-25,152.33999633789062,0.019337567404898115,1.0080730628647578,0.00807306286475784
2022-10-26,149.35000610351562,-0.019627086164182295,0.98828752600012,-0.011712473999879958
2022-10-27,144.8000030517578,-0.03046536903791064,0.9581789818049626,-0.04182101819503736
2022-10-28,155.74000549316406,0.07555250145606562,1.0305718007229536,0.030571800722953624
2022-10-31,153.33999633789062,-0.015410357458724877,1.0146903208869311,0.014690320886931119
2022-11-01,150.64999389648438,-0.0175427318745901,0.9968898806518699,-0.0031101193481301026
2022-11-02,145.02999877929688,-0.03730498071609045,0.9597009228780862,-0.04029907712191383
2022-11-03,138.8800048828125,-0.04240497792352105,0.9190048264302582,-0.08099517356974184
2022-11-04,138.3800048828125,-0.003600230288167805,0.9156961974191715,-0.08430380258082848
2022-11-07,138.9199981689453,0.003902249364639898,0.9192694723237537,-0.08073052767624633
2022-11-08,139.5,0.004175078021159573,0.9231074940931755,-0.0768925059068245
2022-11-09,134.8699951171875,-0.03318999915994625,0.8924695571396829,-0.1075304428603171
2022-11-10,146.8699951171875,0.08897457132383879,0.9718766534057625,-0.02812334659423754
2022-11-11,149.6999969482422,0.019268754171310798,0.9906035057250743,-0.009396494274925726
2022-11-14,148.27999877929688,-0.009485625904429806,0.9812070114501495,-0.018792988549850453
2022-11-15,150.0399932861328,0.011869399253607638,0.9928533492194905,-0.007146650780509467
2022-11-16,148.7899932861328,-0.00833111207633952,0.9845817766917739,-0.015418223308226064
2022-11-17,150.72000122070312,0.01297135574741759,0.9973531371796674,-0.0026468628203325517
2022-11-18,151.2899932861328,0.003781794458686649,1.0011249217472074,0.0011249217472073525
2022-11-21,148.00999450683594,-0.02168020969565021,0.9794203235121864,-0.02057967648781356
2022-11-22,150.17999267578125,0.014661159715434469,0.9937797613037411,-0.006220238696258873
2022-11-23,151.07000732421875,0.0059263196953200925,0.999669217875966,-0.00033078212403403473
2022-11-25,148.11000061035156,-0.01959360938875554,0.9800820897029415,-0.019917910297058472
2022-11-28,144.22000122070312,-0.02626425881856731,0.9543409600355411,-0.04565903996445886
2022-11-29,141.1699981689453,-0.021148266717113118,0.9341583028736438,-0.06584169712635624
2022-11-30,148.02999877929688,0.04859389884061516,0.9795526969446063,-0.020447303055393662
2022-12-01,148.30999755859375,0.0018915002472865705,0.9814055211131073,-0.018594478886892696
2022-12-02,147.80999755859375,-0.0033713168918532155,0.9780968921020207,-0.021903107897979335
2022-12-05,146.6300048828125,-0.00798317228381984,0.9702885761021015,-0.029711423897898492
2022-12-06,142.91000366210938,-0.025369986338581674,0.9456723681819094,-0.05432763181809064
2022-12-07,140.94000244140625,-0.013784907775671984,0.9326363618005205,-0.06736363819947955
2022-12-08,142.64999389648438,0.012132761639400691,0.943951816474484,-0.05604818352551599
2022-12-09,142.16000366210938,-0.0034349124103753015,0.9407094246652795,-0.059290575334720486
2022-12-12,144.49000549316406,0.01638999557563814,0.9561276479735046,-0.04387235202649542
2022-12-13,145.47000122070312,0.006782446468835079,0.9626125325632581,-0.03738746743674193
2022-12-14,143.2100067138672,-0.015535811424151502,0.9476575657828304,-0.05234243421716955
2022-12-15,136.5,-0.04685431463789913,0.9032557200266561,-0.0967442799733439
2022-12-16,134.50999450683594,-0.014578794821714758,0.8900873402128473,-0.1099126597871527
2022-12-19,132.3699951171875,-0.01590959391154889,0.8759264120842503,-0.12407358791574974
2022-12-20,132.3000030517578,-0.0005287608069164396,0.8754632565277972,-0.12453674347220278
2022-12-21,135.4499969482422,0.023809477126406797,0.8963075789091054,-0.1036924210908946
2022-12-22,132.22999572753906,-0.02377261936693542,0.8749999999999998,-0.12500000000000022
2022-12-23,131.86000061035156,-0.0027981178941416385,0.8725516468426259,-0.12744835315737413
2022-12-27,130.02999877929688,-0.01387836965405731,0.8604420525454874,-0.13955794745451255
2022-12-28,126.04000091552734,-0.03068521034551308,0.8340392071730042,-0.16596079282699583
2022-12-29,129.61000061035156,0.02832433885189234,0.857662816292736,-0.142337183707264
2022-12-30,129.92999267578125,0.00246888406699175,0.8597802863547324,-0.14021971364526764
2023-01-03,125.06999969482422,-0.03740470449409117,0.8276204588137885,-0.17237954118621146
2023-01-04,126.36000061035156,0.010314231379827232,0.8361567277206727,-0.16384327227932727
2023-01-05,125.0199966430664,-0.010604653061194957,0.827289575718411,-0.172710424281589
2023-01-06,129.6199951171875,0.036794101724815675,0.8577289525232739,-0.14227104747672614
2023-01-09,130.14999389648438,0.004088865910060413,0.8612360911973181,-0.13876390880268186
2023-01-10,130.72999572753906,0.004456410743407302,0.86507411296674,-0.13492588703326003
2023-01-11,133.49000549316406,0.02111229140844828,0.8833378097295987,-0.11666219027040126
2023-01-12,133.41000366210938,-0.0005993095195339082,0.8828084169712636,-0.11719158302873645
2023-01-13,134.75999450683594,0.010119112567793076,0.891741654718391,-0.10825834528160905
2023-01-17,135.94000244140625,0.008756366745847899,0.8995500716896544,-0.1004499283103456
2023-01-18,135.2100067138672,-0.005369984658148752,0.8947195016054443,-0.10528049839455567
2023-01-19,135.27000427246094,0.00044373608175840573,0.8951165209313595,-0.10488347906864048
2023-01-20,137.8699951171875,0.01922074933545259,0.9123213312062036,-0.08767866879379638
2023-01-23,141.11000061035156,0.02350043960188808,0.9337612835477291,-0.06623871645227086
2023-01-24,142.52999877929688,0.010063058343160014,0.9431577778226539,-0.056842222177346136
2023-01-25,141.86000061035156,-0.00470075194473818,0.9387242270643591,-0.061275772935640904
2023-01-26,143.9600067138672,0.014803370185255682,0.9526205092994608,-0.04737949070053915
2023-01-27,145.92999267578125,0.013684258613779976,0.9656564147095055,-0.03434358529049453
2023-01-30,143.0,-0.020078070464177533,0.946267897170783,-0.05373210282921703
2023-01-31,144.2899932861328,0.009020932070858745,0.954804115591995,-0.04519588440800504
2023-02-01,145.42999267578125,0.007900751560697472,0.9623477856984188,-0.037652214301581166
2023-02-02,150.82000732421875,0.03706260688917107,0.9980149033704235,-0.001985096629576466
2023-02-03,154.5,0.024399897209064214,1.022366364425776,0.02236636442577611
2023-02-06,151.72999572753906,-0.01792883024246561,1.0040365314323796,0.0040365314323795864
2023-02-07,154.64999389648438,0.019244699473851767,1.0233589127405642,0.02335891274056423
2023-02-08,151.9199981689453,-0.017652737376545935,1.0052938266120075,0.005293826612007502
2023-02-09,150.8699951171875,-0.006911552556695955,0.9983456854944566,-0.0016543145055434305
2023-02-10,151.00999450683594,0.0009279472007650558,0.999272097578707,-0.0007279024212929475
2023-02-13,153.85000610351562,0.01880677902118011,1.018065187099901,0.018065187099900903
2023-02-14,153.1999969482422,-0.004224953717818392,1.0137639088026817,0.013763908802681746
2023-02-15,155.3300018310547,0.013903426404976438,1.0278587007007411,0.027858700700741146
2023-02-16,153.7100067138672,-0.010429376798369527,1.0171387750156506,0.017138775015650642
2023-02-17,152.5500030517578,-0.007546702305912589,1.009462731476807,0.009462731476806985
2023-02-21,148.47999572753906,-0.026679824600448265,0.9825304428603163,-0.017469557139683678
2023-02-22,148.91000366210938,0.0028960664530148783,0.9853759163149499,-0.014624083685050082
2023-02-23,149.39999389648438,0.0032905125399556034,0.9886183081241545,-0.011381691875845479
2023-02-24,146.7100067138672,-0.018005269695533066,0.9708179688604375,-0.029182031139562525
2023-02-27,147.9199981689453,0.008247504598905886,0.9788247945233144,-0.02117520547668561
2023-02-28,147.41000366210938,-0.003447772533457294,0.9754500292816899,-0.02454997071831011
2023-03-01,145.30999755859375,-0.014246021649447993,0.9615537470465882,-0.03844625295341175
2023-03-02,145.91000366210938,0.0041291453691869595,0.9655241422484301,-0.034475857751569916
2023-03-03,151.02999877929688,0.035090089703815774,0.9994044710111273,-0.0005955289888727178
2023-03-06,153.8300018310547,0.01853938339660255,1.0179328136674812,0.01793281366748123
2023-03-07,151.60000610351562,-0.014496494188358522,1.0031763565500111,0.003176356550011139
2023-03-08,152.8699951171875,0.00837723590066819,1.0115802015388033,0.011580201538803347
2023-03-09,150.58999633789062,-0.014914625839747453,0.9964928613259558,-0.0035071386740441746
2023-03-10,148.5,-0.0138787196275717,0.9826628162927362,-0.01733718370726378
2023-03-13,150.47000122070312,0.013266001486216261,0.9956988226741251,-0.004301177325874872
2023-03-14,152.58999633789062,0.01408915464869298,1.0097273773703024,0.009727377370302381
2023-03-15,152.99000549316406,0.0026214638237991306,1.012374341161978,0.012374341161978109
2023-03-16,155.85000610351562,0.018694035607962345,1.0312997031442475,0.03129970314424746
2023-03-17,155.0,-0.00545400109224925,1.0256749934368623,0.025674993436862303
2023-03-20,157.39999389648438,0.015483831590221708,1.0415563723015404,0.04155637230154041
2023-03-21,159.27999877929688,0.011944122971497162,1.0539968496940564,0.05399684969405638
2023-03-22,157.8300018310547,-0.009103446505241086,1.044401845756174,0.0444018457561739
2023-03-23,158.92999267578125,0.006969466083539766,1.0516807689977579,0.051680768997757864
2023-03-24,160.25,0.008305589788276002,1.060415598053272,0.0604155980532719
2023-03-27,158.27999877929688,-0.012293299349161457,1.0473795916718829,0.04737959167188288
2023-03-28,157.64999389648438,-0.003980318976947728,1.0432106868070836,0.04321068680708362
2023-03-29,160.77000427246094,0.019790742129842442,1.0638566004967784,0.06385660049677844
2023-03-30,162.36000061035156,0.009889881791605992,1.0743780165189114,0.0743780165189114
2023-03-31,164.89999389648438,0.015644205941022005,1.09118580746784,0.09118580746784
2023-04-03,166.1699981689453,0.00770166355044366,1.0995897534279766,0.0995897534279766
2023-04-04,165.6300048828125,-0.003249643690696802,1.0960164785233946,0.09601647852339457
2023-04-05,163.75999450683594,-0.011290287513422759,1.0836421373614162,0.08364213736141624
2023-04-06,164.66000366210938,0.005495903672834368,1.0895977301641788,0.08959773016417882
2023-04-10,162.02999877929688,-0.01597233586979263,1.0721943092550328,0.07219430925503278
2023-04-11,160.8000030517578,-0.007591160506113748,1.064055110159736,0.06405511015973597
2023-04-12,160.10000610351562,-0.004353214769634461,1.0594230497384836,0.05942304973848356
2023-04-13,165.55999755859375,0.03410363052421039,1.095553221995597,0.09555322199559702
2023-04-14,165.2100067138672,-0.0021139819394035975,1.093237242270643,0.0932372422706429
2023-04-17,165.22999572753906,0.0001209915432451858,1.0933695147317184,0.0933695147317184
2023-04-18,166.47000122070312,0.0075047238711354325,1.1015749510288972,0.10157495102889724
2023-04-19,167.6300048828125,0.006968244450070493,1.1092509945677411,0.10925099456774112
2023-04-20,166.64999389648438,-0.0058462742813449875,1.1027660090066433,0.10276600900664334
2023-04-21,165.02000427246094,-0.00978091619394783,1.091979947091015,0.09197994709101498
2023-04-24,165.3300018310547,0.001878545331279513,1.0940312809224737,0.0940312809224737
2023-04-25,163.77000427246094,-0.0094356592349637,1.0837083745632985,0.0837083745632985
2023-04-26,163.75999450683594,-6.112087295517821e-05,1.0836421373614165,0.08364213736141646
2023-04-27,168.41000366210938,0.02839526936524983,1.114412447747329,0.11441244774732895
2023-04-28,169.67999267578125,0.007541054486406518,1.1228162927361212,0.12281629273612116
2023-05-01,169.58999633789062,-0.0005303886243240852,1.122220763747248,0.1222207637472481
2023-05-02,168.5399932861328,-0.006191420923589042,1.1152726226296974,0.1152726226296974
2023-05-03,167.4499969482422,-0.006467285993302041,1.108059835618651,0.10805983561865107
2023-05-04,165.7899932861328,-0.009913429037699317,1.0970751630687208,0.09707516306872077
2023-05-05,173.57000732421875,0.04692692172716728,1.148557523374866,0.14855752337486594
2023-05-08,173.5,-0.0004033376808469935,1.1480942668470686,0.1480942668470686
2023-05-09,171.77000427246094,-0.009971156931060876,1.1366464387406852,0.13664643874068516
2023-05-10,173.55999755859375,0.010420872338650744,1.148491286172984,0.1484912861729839
2023-05-11,173.75,0.0010947363682816125,1.149748581352612,0.14974858135261204
2023-05-12,172.57000732421875,-0.006791324752697836,1.1419402653526929,0.14194026535269288
2023-05-15,172.07000732421875,-0.002897374855299284,1.1386316363416062,0.13863163634160625
2023-05-16,172.07000732421875,0.0,1.1386316363416062,0.13863163634160625
2023-05-17,172.69000244140625,0.0036031562201266354,1.1427343040045235,0.14273430400452347
2023-05-18,175.0500030517578,0.013666110237923634,1.1583510369757062,0.15835103697570618
2023-05-19,175.16000366210938,0.0006283953638037687,1.159078939396999,0.1590789393969989
2023-05-22,174.1999969482422,-0.005480741572254533,1.152726327268321,0.15272632726832103
2023-05-23,171.55999755859375,-0.015154991021227304,1.1352567701286373,0.13525677012863735
2023-05-24,171.83999633789062,0.00163207497832496,1.1371095942971383,0.13710959429713832
2023-05-25,172.99000549316406,0.0066923253013353445,1.1447195016054441,0.1447195016054441
2023-05-26,175.42999267578125,0.014104787011603337,1.1608655263636176,0.16086552636361762
2023-05-30,177.3000030517578,0.010659581907596527,1.1732398675255957,0.17323986752559573
2023-05-31,177.25,-0.0002820251037627397,1.1729089844302183,0.1729089844302183
2023-06-01,180.08999633789062,0.016022546335066945,1.1917019729800677,0.19170197298006775
2023-06-02,180.9499969482422,0.004775393568990927,1.1973928189179905,0.19739281891799054
2023-06-05,179.5800018310547,-0.0075711253953729685,1.1883272077384432,0.18832720773844325
2023-06-06,179.2100067138672,-0.002060335858196427,1.1858788545810692,0.18587885458106923
2023-06-07,177.82000732421875,-0.007756259904993845,1.176680869969102,0.17668086996910204
2023-06-08,180.57000732421875,0.01546507640721173,1.1948783295300787,0.19487832953007866
2023-06-09,180.9600067138672,0.002159823746078704,1.1974590561198726,0.19745905611987258
2023-06-12,183.7899932861328,0.015638740424785524,1.21618580746784,0.21618580746784
2023-06-13,183.3099975585937,-0.002611653218746457,1.2130095518891728,0.2130095518891728
2023-06-14,183.9499969482422,0.003491350161869411,1.2172445929845102,0.21724459298451015
2023-06-15,186.009994506836,0.0111986822113046,1.2308761283547724,0.23087612835477245
2023-06-16,184.9199981689453,-0.005859880490726166,1.2236633413437257,0.22366334134372567
2023-06-20,185.009994506836,0.0004866771511020662,1.224258870332599,0.22425887033259895
2023-06-21,183.9600067138672,-0.00567530308709896,1.217310830186392,0.21731083018639197
2023-06-22,187.0,0.016525294494369236,1.2374272501464072,0.2374272501464072
2023-06-23,186.67999267578125,-0.0017112691134693048,1.2353096791130664,0.23530967911306644
2023-06-26,185.2700042724609,-0.007552970101992407,1.2259794220400235,0.22597942204002353
2023-06-27,188.0599975585937,0.015059066345298744,1.2444415274944953,0.24444152749449533
2023-06-28,189.25,0.0063277807979102985,1.2523160806962972,0.2523160806962972
2023-06-29,189.58999633789065,0.001796546039052327,1.2545659241907137,0.25456592419071367
2023-06-30,193.97000122070312,0.023102510509079632,1.2835495466386628,0.28354954663866283
2023-07-03,192.4600067138672,-0.007784680606965799,1.273557523374865,0.27355752337486505
2023-07-05,191.3300018310547,-0.005871375056598072,1.2660799894989792,0.26607998949897915
2023-07-06,191.8099975585937,0.002508732153584825,1.2692562450776457,0.2692562450776457
2023-07-07,190.67999267578125,-0.0058912720775529115,1.26177871120176,0.26177871120176
2023-07-10,188.6100006103516,-0.010855843008916621,1.2480810396009605,0.2480810396009605
2023-07-11,188.0800018310547,-0.002810024800285249,1.244573900926916,0.2445739009269161
2023-07-12,189.7700042724609,0.008985550962107514,1.255757083139804,0.25575708313980394
2023-07-13,190.5399932861328,0.004057485357730206,1.2608522991175097,0.26085229911750973
2023-07-14,190.69000244140625,0.0007872843526774975,1.2618449484036425,0.2618449484036425
2023-07-17,193.9900054931641,0.017305590274832694,1.2836819200710834,0.2836819200710834
2023-07-18,193.72999572753903,-0.0013403255748359877,1.2819613683636575,0.2819613683636575
2023-07-19,195.1000061035156,0.007071751438550322,1.2910270805145492,0.2910270805145492
2023-07-20,193.1300048828125,-0.010097391896840113,1.2779910741331604,0.2779910741331604
2023-07-21,191.94000244140625,-0.006161665258219817,1.270116520931359,0.27011652093135896
2023-07-24,192.75,0.004220055998181094,1.2754764837739043,0.2754764837739043
2023-07-25,193.6199951171875,0.004513593344682265,1.281233465942365,0.281233465942365
2023-07-26,194.5,0.00454501035536059,1.2870566853127077,0.28705668531270767
2023-07-27,193.22000122070312,-0.006580970587644619,1.2785866031220334,0.2785866031220334
2023-07-28,195.8300018310547,0.013507921508448373,1.2958576505987596,0.29585765059875957
2023-07-31,196.4499969482422,0.003165986372825502,1.299960318261677,0.299960318261677
2023-08-01,195.6100006103516,-0.004275878599844907,1.2944018457561743,0.29440184575617434
2023-08-02,192.5800018310547,-0.015489999334607374,1.2743515620266967,0.27435156202669675
2023-08-03,191.1699981689453,-0.007321651514710981,1.2650212039823097,0.26502120398230966
2023-08-04,181.9900054931641,-0.048020048981056385,1.2042748238050043,0.20427482380500428
2023-08-07,178.85000610351562,-0.0172536913834338,1.1834966376542335,0.18349663765423352
2023-08-08,179.8000030517578,0.005311696482092065,1.1897830125810294,0.18978301258102936
2023-08-09,178.19000244140625,-0.00895439701348677,1.1791292231264765,0.1791292231264765
2023-08-10,177.97000122070312,-0.0012346440186814522,1.1776734182838908,0.17767341828389083
2023-08-11,177.7899932861328,-0.0010114509936260951,1.1764822593348006,0.17648225933480055
2023-08-14,179.4600067138672,0.009393180104611876,1.187533169086613,0.1875331690866131
2023-08-15,177.4499969482422,-0.01120032146677552,1.1742324158403843,0.1742324158403843
2023-08-16,176.57000732421875,-0.004959085033290345,1.1684092974413858,0.16840929744138577
2023-08-17,174.0,-0.014555174817995509,1.151402895858155,0.15140289585815503
2023-08-18,174.49000549316406,0.0028161235239314575,1.154645388638704,0.15464538863870403
2023-08-21,175.83999633789062,0.007736780344014926,1.1635786263858314,0.16357862638583143
2023-08-22,177.22999572753906,0.007904910251348207,1.1727766109977984,0.1727766109977984
2023-08-23,181.1199951171875,0.021948877071738204,1.1985177406651988,0.19851774066519878
2023-08-24,176.3800048828125,-0.02617044148719283,1.1671520022617576,0.16715200226175764
2023-08-25,178.61000061035156,0.01264313224744873,1.1819084593792277,0.18190845937922773
2023-08-28,180.19000244140625,0.008846099466185864,1.1923637391708228,0.19236373917082283
2023-08-29,184.1199951171875,0.02181027039532446,1.2183695147317186,0.21836951473171862
2023-08-30,187.6499938964844,0.019172272827023162,1.2417284274722828,0.24172842747228285
2023-08-31,187.8699951171875,0.001172401960345626,1.2431842323148683,0.2431842323148683
2023-09-01,189.4600067138672,0.008463361036912254,1.2537057493083457,0.25370574930834566
2023-09-05,189.6999969482422,0.0012667065653462206,1.2552938266120068,0.25529382661200684
2023-09-06,182.91000366210932,-0.03579332311737171,1.2103626890688413,0.21036268906884126
2023-09-07,177.55999755859375,-0.02924939039090868,1.1749603182616768,0.1749603182616768
2023-09-08,178.17999267578125,0.0034917499758519988,1.179062985924594,0.17906298592459402
2023-09-11,179.36000061035156,0.006622561359722834,1.1868714028958576,0.18687140289585757
2023-09-12,176.3000030517578,-0.017060646455066664,1.1666226095034224,0.16662260950342245
2023-09-13,174.2100067138672,-0.011854771989295187,1.1527925644702028,0.15279256447020284
2023-09-14,175.74000549316406,0.008782496529087691,1.1629169611664205,0.16291696116642052
2023-09-15,175.00999450683594,-0.004153926047057777,1.158086290110866,0.15808629011086595
2023-09-18,177.97000122070312,0.016913358132535583,1.1776734182838906,0.1776734182838906
2023-09-19,179.07000732421875,0.006180851244426799,1.184952442496819,0.18495244249681897
2023-09-20,175.49000549316406,-0.01999219123598317,1.1612626466608773,0.1612626466608773
2023-09-21,173.92999267578125,-0.008889468166570769,1.1509396393303577,0.1509396393303577
2023-09-22,174.7899932861328,0.0049445216268977354,1.1566304852682805,0.1566304852682805
2023-09-25,176.0800018310547,0.00738033408360006,1.1651668046608368,0.16516680466083677
2023-09-26,171.9600067138672,-0.023398427273646605,1.137903733920313,0.13790373392031308
2023-09-27,170.42999267578125,-0.008897499292564004,1.1277792362527512,0.12777923625275123
2023-09-28,170.69000244140625,0.0015256103784480057,1.1294997879601767,0.1294997879601767
2023-09-29,171.2100067138672,0.003046483478957418,1.1329407904036832,0.13294079040368323
2023-10-02,173.75,0.014835542237771948,1.1497485813526118,0.14974858135261182
2023-10-03,172.39999389648438,-0.007769819300809333,1.1408152426341402,0.14081524263414025
2023-10-04,173.66000366210938,0.00730864159068112,1.149153052363739,0.149153052363739
2023-10-05,174.91000366210938,0.007197972898999483,1.1574246248914557,0.1574246248914557
2023-10-06,177.49000549316406,0.014750453244736894,1.1744971627052243,0.1744971627052243
2023-10-09,178.99000549316406,0.008451180086631815,1.1844230497384842,0.18442304973848422
2023-10-10,178.38999938964844,-0.00335217657467779,1.1804526545366425,0.1804526545366425
2023-10-11,179.8000030517578,0.007904051050695804,1.1897830125810296,0.1897830125810296
2023-10-12,180.7100067138672,0.005061199369654101,1.1958047416143298,0.1958047416143298
2023-10-13,178.85000610351562,-0.01029273721015711,1.1834966376542337,0.18349663765423374
2023-10-16,178.72000122070312,-0.0007268933652552212,1.1826363618005211,0.18263636180052112
2023-10-17,177.14999389648438,-0.0087847320585005,1.1722472182394637,0.17224721823946365
2023-10-18,175.83999633789062,-0.007394849583563845,1.1635786263858316,0.16357862638583165
2023-10-19,175.4600067138672,-0.002160996541954341,1.16106413699792,0.16106413699792
2023-10-20,172.8800048828125,-0.014704215959948308,1.1439915991841516,0.1439915991841516
2023-10-23,173.0,0.0006940948276166203,1.1447856378359822,0.1447856378359822
2023-10-24,173.44000244140625,0.0025433667133309967,1.1476972475211535,0.14769724752115354
2023-10-25,171.10000610351562,-0.013491676112499795,1.1322128879823907,0.13221288798239073
2023-10-26,166.88999938964844,-0.02460553222493822,1.1043541872816496,0.10435418728164958
2023-10-27,168.22000122070312,0.007969332110484562,1.1131551525677013,0.11315515256770126
2023-10-30,170.2899932861328,0.012305267212035398,1.1268528241685007,0.12685282416850074
2023-10-31,170.77000427246094,0.0028187856318813154,1.1300291807185119,0.13002918071851188
2023-11-01,173.97000122070312,0.018738635990994235,1.1512043861951975,0.1512043861951975
2023-11-02,177.57000732421875,0.020693257908003027,1.175026555463559,0.17502655546355905
2023-11-03,176.64999389648438,-0.005181130764130404,1.1689385892283766,0.16893858922837657
2023-11-06,179.22999572753906,0.014605162299448304,1.1860111270421452,0.18601112704214517
2023-11-07,181.82000732421875,0.014450770844278482,1.2031499020577956,0.2031499020577956
2023-11-08,182.88999938964844,0.005884897273828127,1.210230315636422,0.21023031563642203
2023-11-09,182.41000366210932,-0.0026245050529880576,1.2070540600577548,0.20705406005775484
2023-11-10,186.3999938964844,0.021873746802647975,1.2334568549445664,0.23345685494456636
2023-11-13,184.8000030517578,-0.008583642151915205,1.2228693026918955,0.22286930269189553
2023-11-14,187.44000244140625,0.01428571074703422,1.2403388598315794,0.24033885983157943
2023-11-15,188.009994506836,0.003040930740533465,1.2441106443991194,0.24411064439911945
2023-11-16,189.7100067138672,0.00904213742195159,1.255360063813889,0.2553600638138891
2023-11-17,189.69000244140625,-0.0001054465855937492,1.2552276903814692,0.2552276903814692
2023-11-20,191.4499969482422,0.009278267089376957,1.2668740281508102,0.2668740281508102
2023-11-21,190.63999938964844,-0.004230856994020926,1.2615140653082648,0.2615140653082648
2023-11-22,191.3099975585937,0.0035144679557821412,1.2659476160665593,0.26594761606655926
2023-11-24,189.97000122070312,-0.007004319455287011,1.25708051454997,0.25708051454996994
2023-11-27,189.7899932861328,-0.0009475597905649336,1.2558893556008797,0.25588935560087966
2023-11-28,190.3999938964844,0.003214082048213829,1.2599258870332593,0.25992588703325925
2023-11-29,189.3699951171875,-0.0054096576277039565,1.2531101193481282,0.2531101193481282
2023-11-30,189.9499969482422,0.0030627968844576525,1.25694814111755,0.25694814111755004
2023-12-01,191.2400054931641,0.006791305952341897,1.2654844605101068,0.26548446051010677
2023-12-04,189.42999267578125,-0.009464613916503661,1.2535071386740437,0.25350713867404373
2023-12-05,193.4199981689453,0.02106321938149014,1.2799100345321992,0.2799100345321992
2023-12-06,192.32000732421875,-0.0056870585003612195,1.2726311112906152,0.27263111129061524
2023-12-07,194.2700042724609,0.010139334827264257,1.2855347442395841,0.28553474423958414
2023-12-08,195.7100067138672,0.007412376639404972,1.295063611946929,0.295063611946929
2023-12-11,193.17999267578125,-0.012927361664163084,1.2783218562571936,0.27832185625719363
2023-12-12,194.7100067138672,0.007920147510585007,1.2884463539247555,0.2884463539247555
2023-12-13,197.9600067138672,0.016691489332522957,1.3099524424968187,0.30995244249681875
2023-12-14,198.1100006103516,0.000757697976345284,1.310944990811607,0.3109449908116071
2023-12-15,197.57000732421875,-0.002725724519050954,1.3073717159070248,0.30737171590702483
2023-12-18,195.88999938964844,-0.008503355126233125,1.2962546699246746,0.29625466992467464
2023-12-19,196.94000244140625,0.005360166700849378,1.3032028110422254,0.30320281104222535
2023-12-20,194.8300018310547,-0.010713925988598105,1.2892403925765858,0.28924039257658585
2023-12-21,194.67999267578125,-0.0007699489496669765,1.2882477432904533,0.28824774329045333
2023-12-22,193.6000061035156,-0.005547496470601709,1.2811011934812888,0.2811011934812888
2023-12-26,193.0500030517578,-0.0028409247645565516,1.277461681374825,0.27746168137482496
2023-12-27,193.1499938964844,0.0005179530854488856,1.2781233465942359,0.2781233465942359
2023-12-28,193.5800018310547,0.002226290179438095,1.2809688200488691,0.28096882004886914
2023-12-29,192.52999877929688,-0.005424129774904141,1.2740206789313182,0.2740206789313182
2024-01-02,185.63999938964844,-0.03578662771169838,1.228427775197398,0.228427775197398
2024-01-03,184.25,-0.007487607165581278,1.2192297905854308,0.2192297905854308
2024-01-04,181.91000366210932,-0.01270011580944741,1.2037454310466675,0.20374543104666754
2024-01-05,181.17999267578125,-0.004013033761925633,1.1989147599911136,0.19891475999111363
2024-01-08,185.5599975585937,0.024174881663950654,1.2278983824390626,0.22789838243906257
2024-01-09,185.13999938964844,-0.0022634090023235798,1.2251191461863113,0.22511914618631135
2024-01-10,186.19000244140625,0.005671400319862574,1.232067287303862,0.23206728730386206
2024-01-11,185.58999633789065,-0.0032225473744457167,1.2280968921020206,0.22809689210202055
2024-01-12,185.9199981689453,0.0017781229460980263,1.2302805993658987,0.23028059936589873
2024-01-16,183.6300048828125,-0.012317089655153213,1.2151271229225133,0.21512712292251335
2024-01-17,182.67999267578125,-0.005173512943255187,1.2088406470243733,0.20884064702437333
2024-01-18,188.6300048828125,0.032570683411353496,1.24821341303338,0.24821341303337996
2024-01-19,191.5599975585937,0.0155330148965509,1.267601930572102,0.267601930572102
2024-01-22,193.88999938964844,0.012163300588589943,1.2830201538803274,0.2830201538803274
2024-01-23,195.17999267578125,0.006653222395139657,1.2915563723015395,0.2915563723015395
2024-01-24,194.5,-0.0034839261261312426,1.287056685312707,0.287056685312707
2024-01-25,194.1699981689453,-0.0016966675118492702,1.2848729780488286,0.2848729780488286
2024-01-26,192.4199981689453,-0.009012720896651283,1.2732927765100253,0.27329277651002526
2024-01-29,191.72999572753903,-0.003585918553020928,1.2687268523193105,0.2687268523193105
2024-01-30,188.0399932861328,-0.01924582758897031,1.244309154062076,0.2443091540620761
2024-01-31,184.3999938964844,-0.01935758093816553,1.2202223389002191,0.22022233890021914
2024-02-01,186.8600006103516,0.013340600842146166,1.236500838062157,0.23650083806215694
2024-02-02,185.8500061035156,-0.0054050867148506265,1.2298174438094456,0.22981744380944558
2024-02-05,187.67999267578125,0.009846577950857638,1.2419269371352397,0.24192693713523972
2024-02-06,189.3000030517578,0.0086317691773099,1.2526469637916746,0.2526469637916746
2024-02-07,189.41000366210932,0.0005810914346442431,1.2533748662129671,0.2533748662129671
2024-02-08,188.32000732421875,-0.005754692554861163,1.2461620792019212,0.24616207920192124
2024-02-09,188.8500061035156,0.0028143519471321987,1.2496692178759654,0.2496692178759654
2024-02-12,187.1499938964844,-0.009001917670573678,1.2384197984611958,0.23841979846119576
2024-02-13,185.0399932861328,-0.01127438246948953,1.224457379995556,0.22445737999555604
2024-02-14,184.1499938964844,-0.004809767736384307,1.2185680243946757,0.2185680243946757
2024-02-15,183.8600006103516,-0.0015747667431138535,1.216649063995637,0.2166490639956371
2024-02-16,182.3099975585937,-0.00843034399332332,1.206392293866999,0.2063922938669991
2024-02-20,181.5599975585937,-0.004113872031395016,1.2014293503503692,0.20142935035036924
2024-02-21,182.32000732421875,0.004185997884141868,1.2064585310688818,0.2064585310688818
2024-02-22,184.3699951171875,0.011243899246467626,1.2200238292372616,0.2200238292372616
2024-02-23,182.5200042724609,-0.010034121026855414,1.2077819624790473,0.20778196247904734
2024-02-26,181.16000366210932,-0.007451241390074803,1.1987824875300377,0.1987824875300377
2024-02-27,182.6300048828125,0.008114380608232663,1.2085098649003403,0.2085098649003403
2024-02-28,181.4199981689453,-0.006625454095802064,1.2005029382661192,0.2005029382661192
2024-02-29,180.75,-0.003693077806788292,1.1960693875078245,0.19606938750782454
2024-03-01,179.66000366210938,-0.00603040850838521,1.1888566004967782,0.18885660049677822
2024-03-04,175.10000610351562,-0.025381261636673647,1.1586819200710832,0.15868192007108317
2024-03-05,170.1199951171875,-0.028440952671264008,1.1257279024212923,0.12572790242129228
2024-03-06,169.1199951171875,-0.005878203789690617,1.119110644399119,0.119110644399119
2024-03-07,169.0,-0.0007095264939214196,1.1183166057472884,0.11831660574728842
2024-03-08,170.72999572753906,0.010236661109698675,1.1297644338536719,0.12976443385367187
2024-03-11,172.75,0.01183157220764297,1.1431313233304385,0.14313132333043854
2024-03-12,173.22999572753906,0.002778557033511264,1.1463075789091053,0.14630757890910528
2024-03-13,171.1300048828125,-0.012122559005482425,1.132411397645348,0.13241139764534804
2024-03-14,173.0,0.010927336316434166,1.144785637835982,0.14478563783598197
2024-03-15,172.6199951171875,-0.002196560016257232,1.142271047476726,0.14227104747672592
2024-03-18,173.72000122070312,0.006372414173507979,1.1495500716896545,0.1495500716896545
2024-03-19,176.0800018310547,0.013585082856137465,1.1651668046608372,0.16516680466083722
2024-03-20,178.6699981689453,0.014709202129471022,1.1823054787051432,0.18230547870514324
2024-03-21,171.3699951171875,-0.04085746418856029,1.1339994749490092,0.1339994749490092
2024-03-22,172.27999877929688,0.005310169154682409,1.1400212039823094,0.14002120398230944
2024-03-25,170.85000610351562,-0.0083003986876804,1.1305585734768469,0.13055857347684685
2024-03-26,169.7100067138672,-0.006672515943357493,1.123014903370423,0.12301490337042309
2024-03-27,173.30999755859375,0.021212602099510702,1.1468369716674403,0.14683697166744025
2024-03-28,171.47999572753906,-0.010559124440792766,1.1347273773703017,0.13472737737030172
2024-04-01,170.02999877929688,-0.008455779008450959,1.1251323734324192,0.12513237343241923
2024-04-02,168.83999633789062,-0.006998779332762939,1.1172578202306178,0.11725782023061782
2024-04-03,169.64999389648438,0.004797427008780275,1.1226177830731632,0.12261778307316318
2024-04-04,168.82000732421875,-0.00489234660846527,1.1171255477695423,0.11712554776954232
2024-04-05,169.5800018310547,0.004501803541427263,1.12215462751671,0.12215462751671002
2024-04-08,168.4499969482422,-0.0066635503633162285,1.1146770936408241,0.11467709364082412
2024-04-09,169.6699981689453,0.007242512572309456,1.122750156505583,0.12275015650558307
2024-04-10,167.77999877929688,-0.01113926687125033,1.1102435428825292,0.11024354288252924
2024-04-11,175.0399932861328,0.04327091762818491,1.1582847997738233,0.15828479977382326
2024-04-12,176.5500030517578,0.00862665575607413,1.1682769240089652,0.1682769240089652
2024-04-15,172.69000244140625,-0.021863497839872292,1.1427343040045226,0.14273430400452258
2024-04-16,169.3800048828125,-0.019167279586534414,1.120831196106544,0.12083119610654403
2024-04-17,168.0,-0.008147389556206863,1.1116993477251147,0.1116993477251147
2024-04-18,167.0399932861328,-0.0057143256777808515,1.1053467355964368,0.10534673559643681
2024-04-19,165.0,-0.012212603975853775,1.0918475736585949,0.09184757365859486
2024-04-22,165.83999633789062,0.005090886896306879,1.0974060461640978,0.09740604616409776
2024-04-23,166.89999389648438,0.006391688265803275,1.1044203235121863,0.10442032351218633
2024-04-24,169.02000427246094,0.012702279529689164,1.1184489791797079,0.11844897917970787
2024-04-25,169.88999938964844,0.005147290824730311,1.1242059613481685,0.12420596134816853
2024-04-26,169.3000030517578,-0.003472813820767917,1.1203018033482088,0.12030180334820884
2024-04-29,173.5,0.024808014604454476,1.148094266847068,0.14809426684706795
2024-04-30,170.3300018310547,-0.01827088281812861,1.1271175710333399,0.12711757103333987
2024-05-01,169.3000030517578,-0.006047077838456816,1.1203018033482088,0.12030180334820884
2024-05-02,173.02999877929688,0.02203187040935095,1.1449841474989388,0.14498414749893884
2024-05-03,183.3800048828125,0.05981625253732603,1.2134728084169704,0.21347280841697036
2024-05-06,181.7100067138672,-0.009106762593950823,1.2024219996365022,0.2024219996365022
2024-05-07,182.3999938964844,0.0037971886914500708,1.2069878228558728,0.2069878228558728
2024-05-08,182.7400054931641,0.0018640987283840005,1.2092377673216335,0.20923776732163346
2024-05-09,184.57000732421875,0.010014237583697128,1.2213473616187718,0.22134736161877178
2024-05-10,183.0500030517578,-0.008235380680192916,1.211289101153092,0.21128910115309196
2024-05-13,186.27999877929688,0.017645428427694565,1.2326628162927353,0.23266281629273533
2024-05-14,187.42999267578125,0.006173469529849429,1.240272622629697,0.24027262262969695
2024-05-15,189.72000122070312,0.012217940748059153,1.2554262000444265,0.2554262000444265
2024-05-16,189.83999633789065,0.000632485327932919,1.256220238696257,0.2562202386962571
2024-05-17,189.8699951171875,0.00015802138577503122,1.2564187483592144,0.2564187483592144
2024-05-20,191.0399932861328,0.006162101432736655,1.264160928128596,0.26416092812859593
2024-05-21,192.3500061035156,0.006857270013722605,1.2728296209535719,0.2728296209535719
2024-05-22,190.8999938964844,-0.007538404788252739,1.2632345160443457,0.26323451604434567
2024-05-23,186.8800048828125,-0.02105808874908477,1.2366332114945766,0.2366332114945766
2024-05-24,189.97999572753903,0.01658813550797178,1.257146650780507,0.2571466507805069
2024-05-28,189.9900054931641,5.268852431927762e-05,1.2572128879823894,0.2572128879823894
2024-05-29,190.2899932861328,0.0015789661787208864,1.2591979846119656,0.25919798461196564
2024-05-30,191.2899932861328,0.005255137081729533,1.2658152426341391,0.26581524263413914
2024-05-31,192.25,0.005018593484036549,1.272167854762817,0.272167854762817
2024-06-03,194.02999877929688,0.009258771283728873,1.283946565964578,0.2839465659645779
2024-06-04,194.3500061035156,0.0016492672588361845,1.2860641369979184,0.28606413699791844
2024-06-05,195.8699951171875,0.007820884826020169,1.296122296492254,0.2961222964922541
2024-06-06,194.47999572753903,-0.007096540686677644,1.2869243118802867,0.28692431188028666
2024-06-07,196.88999938964844,0.01239203884745943,1.3028719279468473,0.30287192794684725
2024-06-10,193.1199951171875,-0.019147769232301326,1.2779248369312775,0.27792483693127745
2024-06-11,207.1499938964844,0.07264912559045644,1.3707649589046613,0.3707649589046613
2024-06-12,213.07000732421875,0.02857839054869893,1.40993921525071,0.40993921525071
2024-06-13,214.2400054931641,0.005491144359726752,1.4176813950200915,0.4176813950200915
2024-06-14,212.4900054931641,-0.008168409051202308,1.4061011934812884,0.40610119348128837
2024-06-17,216.6699981689453,0.019671478976528656,1.4337612835477274,0.43376128354772736
2024-06-18,214.2899932861328,-0.010984469021671939,1.4180121771441248,0.41801217714412475
2024-06-20,209.67999267578125,-0.021512906597537684,1.387506613623052,0.38750661362305205
2024-06-21,207.4900054931641,-0.010444426073609403,1.373014903370422,0.373014903370422
2024-06-24,208.13999938964844,0.00313265159417897,1.3773160806962967,0.37731608069629674
2024-06-25,209.07000732421875,0.004468184574312861,1.383470183162017,0.3834701831620171
2024-06-26,213.25,0.01999326794540668,1.411130273228456,0.4111302732284561
2024-06-27,214.1000061035156,0.003985960626099017,1.416754982935841,0.416754982935841
2024-06-28,210.6199951171875,-0.016254137725925766,1.3937268523193103,0.39372685231931026
2024-07-01,216.75,0.029104572333703782,1.434290676306063,0.434290676306063
2024-07-02,220.2700042724609,0.016239927439265944,1.4575834528160891,0.45758345281608914
2024-07-03,221.5500030517578,0.0058110444203451905,1.4660535350067636,0.4660535350067636
2024-07-05,226.33999633789065,0.021620371113304948,1.4977501565055824,0.4977501565055824
2024-07-08,227.82000732421875,0.00653888402524605,1.5075437710777666,0.5075437710777666
2024-07-09,228.67999267578125,0.00377484559702701,1.513234516044345,0.513234516044345
2024-07-10,232.97999572753903,0.018803582252402196,1.541688745733959,0.541688745733959
2024-07-11,227.57000732421875,-0.023220827978926772,1.5058894565722234,0.5058894565722234
2024-07-12,230.5399932861328,0.013050867277438316,1.5255426200044413,0.5255426200044413
2024-07-15,234.3999938964844,0.01674330147811176,1.5510852400088841,0.5510852400088841
2024-07-16,234.82000732421875,0.0017918662059344115,1.5538645772329798,0.5538645772329798
2024-07-17,228.8800048828125,-0.025295980990260425,1.5145580484258552,0.5145580484258552
2024-07-18,224.17999267578125,-0.020534830945314275,1.483456854944565,0.48345685494456503
2024-07-19,224.3099975585937,0.0005799129586039342,1.4843171307982772,0.4843171307982772
2024-07-22,223.9600067138672,-0.0015602998017735237,1.4820011510733235,0.48200115107332353
2024-07-23,225.009994506836,0.004688282557118617,1.4889491912195303,0.4889491912195303
2024-07-24,218.5399932861328,-0.028754283714746753,1.4461355237383613,0.4461355237383613
2024-07-25,217.4900054931641,-0.004804556718339348,1.439187483592155,0.439187483592155
2024-07-26,217.9600067138672,0.002161024455525462,1.4422976029402839,0.44229760294028386
2024-07-29,218.2400054931641,0.0012846337432190769,1.444150427108785,0.44415042710878505
2024-07-30,218.8000030517578,0.0025659711533101426,1.4478560754457868,0.44785607544578676
2024-07-31,222.0800018310547,0.014990853444005525,1.4695606736808076,0.46956067368080756
2024-08-01,218.3600006103516,-0.016750725819666745,1.4449444657606156,0.44494446576061564
2024-08-02,219.8600006103516,0.006869389978967133,1.4548703527938756,0.45487035279387555
2024-08-05,209.2700042724609,-0.04816699858315232,1.3847936145721826,0.38479361457218264
2024-08-06,207.22999572753903,-0.009748212850733573,1.3712943516629963,0.3712943516629963
2024-08-07,209.82000732421875,0.012498246634550902,1.388433126678647,0.38843312667864693
2024-08-08,213.3099975585937,0.016633257613903885,1.411527292554371,0.4115272925543709
2024-08-09,216.2400054931641,0.013735914716165976,1.4309159110644385,0.4309159110644385
2024-08-12,217.52999877929688,0.005965562584919315,1.4394521294856502,0.43945212948565016
2024-08-13,221.2700042724609,0.017193056195245138,1.4642007108382622,0.4642007108382622
2024-08-14,221.72000122070312,0.0020337006352117992,1.4671784567539716,0.4671784567539716
2024-08-15,224.72000122070312,0.01353057903429189,1.4870302308204917,0.4870302308204917
2024-08-16,226.0500030517578,0.0059184844421056315,1.4958311961065436,0.4958311961065436
2024-08-19,225.88999938964844,-0.0007078241979617816,1.4947724105898732,0.4947724105898732
2024-08-20,226.509994506836,0.0027446771387080737,1.4988750782527909,0.49887507825279087
2024-08-21,226.3999938964844,-0.00048563247988719915,1.498147175831498,0.4981471758314979
2024-08-22,224.52999877929688,-0.008259695969967784,1.485772935640864,0.485772935640864
2024-08-23,226.83999633789065,0.010288146667049247,1.5010587855166695,0.5010587855166695
2024-08-26,227.17999267578125,0.0014988376978464224,1.5033086290110855,0.5033086290110855
2024-08-27,228.02999877929688,0.0037415535298863656,1.5089333387184707,0.5089333387184707
2024-08-28,226.4900054931641,-0.006753467940081359,1.4987428057917156,0.4987428057917156
2024-08-29,229.7899932861328,0.014570125448949867,1.520579676487812,0.5205796764878119
2024-08-30,229.0,-0.0034378924636161434,1.5153520870776866,0.5153520870776866
2024-09-03,222.7700042724609,-0.027205221517637934,1.4741265978715232,0.4741265978715232
2024-09-04,220.8500061035156,-0.00861874638471094,1.4614214745855119,0.46142147458551186
2024-09-05,222.3800048828125,0.006927773316790287,1.4715458712817298,0.47154587128172976
2024-09-06,220.82000732421875,-0.007015008203708928,1.4612229649225543,0.4612229649225543
2024-09-09,220.91000366210932,0.0004075551802624755,1.461818493911427,0.46181849391142693
2024-09-10,220.1100006103516,-0.0036213980285898506,1.4565246672994199,0.4565246672994199
2024-09-11,222.66000366210932,0.011585130365211693,1.4733986954502303,0.4733986954502303
2024-09-12,222.7700042724609,0.0004940295003250661,1.4741265978715232,0.4741265978715232
2024-09-13,222.5,-0.001212031545013037,1.4723399099335601,0.4723399099335601
2024-09-16,216.32000732421875,-0.027775247981039364,1.4314453038227744,0.43144530382277435
2024-09-17,216.7899932861328,0.0021726421320320544,1.434555322199559,0.43455532219955906
2024-09-18,220.69000244140625,0.017989802463465043,1.4603626890688415,0.4603626890688415
2024-09-19,228.8699951171875,0.03706553348719566,1.5144918112239738,0.5144918112239738
2024-09-20,228.1999969482422,-0.002927418111763669,1.510058260465679,0.5100582604656789
2024-09-23,226.47000122070312,-0.007581050616453089,1.4986104323592955,0.4986104323592955
2024-09-24,227.3699951171875,0.0039740093241191765,1.5045659241907137,0.5045659241907137
2024-09-25,226.3699951171875,-0.004398117700115112,1.4979486661685404,0.4979486661685404
2024-09-26,227.5200042724609,0.005080219022304933,1.5055585734768462,0.5055585734768462
2024-09-27,227.7899932861328,0.0011866605511687833,1.5073451604434651,0.5073451604434651
2024-09-30,233.0,0.02287197360475246,1.5418211191663793,0.5418211191663793
2024-10-01,226.2100067138672,-0.029141602086406926,1.4968899816232142,0.4968899816232142
2024-10-02,226.77999877929688,0.002519747352073054,1.500661766190754,0.500661766190754
2024-10-03,225.6699981689453,-0.004894614235498862,1.4933166057472878,0.49331660574728775
2024-10-04,226.8000030517578,0.005007333238716605,1.5007941396231737,0.5007941396231737
2024-10-07,221.69000244140625,-0.022530866585506182,1.4669799470910143,0.4669799470910143
2024-10-08,225.7700042724609,0.018404085823098937,1.4939783719380424,0.4939783719380424
2024-10-09,229.5399932861328,0.01669836090857424,1.518925361982268,0.518925361982268
2024-10-10,229.0399932861328,-0.0021782696463562568,1.5156167329711814,0.5156167329711814
2024-10-11,227.5500030517578,-0.006505371454991304,1.5057570831398035,0.5057570831398035
2024-10-14,231.3000030517578,0.01647989430765695,1.5305718007229532,0.5305718007229532
2024-10-15,233.8500061035156,0.011024656368842312,1.547445828873764,0.547445828873764
2024-10-16,231.77999877929688,-0.008851859184054955,1.5337480563016204,0.5337480563016204
2024-10-17,232.1499938964844,0.0015963203000093351,1.5361964094589946,0.5361964094589946
2024-10-18,235.0,0.01227657195109133,1.555055635210726,0.5550556352107261
2024-10-21,236.47999572753903,0.00629785415974049,1.564849148811566,0.5648491488115659
2024-10-22,235.8600006103516,-0.002621765597043413,1.5607464811486491,0.5607464811486491
2024-10-23,230.759994506836,-0.021623022514703383,1.5269984248470279,0.5269984248470279
2024-10-24,230.57000732421875,-0.0008233107433689435,1.525741230638744,0.5257412306387439
2024-10-25,231.41000366210932,0.0036431292501517554,1.5312997031442463,0.5312997031442463
2024-10-28,233.3999938964844,0.008599413175243376,1.5444679819867113,0.5444679819867113
2024-10-29,233.6699981689453,0.0011568306748999113,1.5462546699246742,0.5462546699246742
2024-10-30,230.1000061035156,-0.015277922255336307,1.5226311112906143,0.5226311112906143
2024-10-31,225.91000366210932,-0.018209484268858822,1.4949047840222929,0.4949047840222929
2024-11-01,222.91000366210932,-0.013279624414008095,1.475053009955773,0.47505300995577304
2024-11-04,222.009994506836,-0.004037544930632908,1.4690974171530113,0.46909741715301134
2024-11-05,223.4499969482422,0.006486205472888473,1.4786262848603555,0.4786262848603555
2024-11-06,222.72000122070312,-0.0032669310248778505,1.4737957147761453,0.47379571477614535
2024-11-07,227.47999572753903,0.02137210165565251,1.5052938266120062,0.5052938266120062
2024-11-08,226.9600067138672,-0.0022858669924306074,1.5018529251398443,0.5018529251398443
2024-11-11,224.22999572753903,-0.0120285993371948,1.4837877380399431,0.4837877380399431
2024-11-12,224.22999572753903,0.0,1.4837877380399431,0.4837877380399431
2024-11-13,225.1199951171875,0.003969136184303723,1.4896770936408237,0.4896770936408237
2024-11-14,228.22000122070312,0.013770460957508002,1.5101906338980986,0.5101906338980986
2024-11-15,225.0,-0.014109198157391867,1.488883054988993,0.4888830549889931
2024-11-18,228.0200042724609,0.013422241210937269,1.5088672024879326,0.5088672024879326
2024-11-19,228.27999877929688,0.0011402267431119828,1.510587653224014,0.5105876532240139
2024-11-20,229.0,0.0031540267415159917,1.5153520870776864,0.5153520870776864
2024-11-21,228.5200042724609,-0.002096051211961103,1.5121758314990195,0.5121758314990195
2024-11-22,229.8699951171875,0.005907539031537068,1.5211090692461469,0.5211090692461469
2024-11-25,232.8699951171875,0.013050855108212911,1.540960843312667,0.5409608433126669
2024-11-26,235.0599975585937,0.00940439939591231,1.5554526545366412,0.5554526545366412
2024-11-27,234.92999267578125,-0.000553071063399635,1.5545923786829288,0.5545923786829288
2024-11-29,237.3300018310547,0.01021584825308186,1.570473858518951,0.570473858518951
2024-12-02,239.58999633789065,0.009522582435425697,1.585428825299379,0.5854288252993789
2024-12-03,242.6499938964844,0.01277180852859261,1.605677618691814,0.605677618691814
2024-12-04,243.009994506836,0.0014836209330595374,1.6080598356186504,0.6080598356186504
2024-12-05,243.0399932861328,0.0001234466893333952,1.6082583452816075,0.6082583452816075
2024-12-06,242.83999633789065,-0.0008228972752097885,1.606934913871442,0.6069349138714419
2024-12-09,246.75,0.016101151873964437,1.632808416971262,0.632808416971262
2024-12-10,247.7700042724609,0.004133755916761572,1.639558048425855,0.639558048425855
2024-12-11,246.4900054931641,-0.005166076430661359,1.631087966235181,0.6310879662351809
2024-12-12,247.9600067138672,0.005963735599591624,1.640815343605483,0.6408153436054831
2024-12-13,248.1300048828125,0.0006855870476785153,1.641940265352691,0.6419402653526911
2024-12-16,251.0399932861328,0.011727676403724852,1.6611964094589935,0.6611964094589935
2024-12-17,253.47999572753903,0.009719576588042456,1.6773425351885114,0.6773425351885114
2024-12-18,248.0500030517578,-0.021421779893107673,1.641410872594356,0.6414108725943559
2024-12-19,249.7899932861328,0.007014675319362729,1.6529248369312772,0.6529248369312772
2024-12-20,254.4900054931641,0.018815854651340835,1.6840260304125674,0.6840260304125674
2024-12-23,255.2700042724609,0.0030649485734628445,1.6891874835921548,0.6891874835921548
2024-12-24,258.20001220703125,0.011478073747525075,1.7085761021022219,0.7085761021022219
2024-12-26,259.0199890136719,0.003175742710589624,1.7140021002039607,0.7140021002039607
2024-12-27,255.58999633789065,-0.013242192962953814,1.6913049536541518,0.6913049536541518
2024-12-30,252.1999969482422,-0.013263427513676596,1.6688724529978378,0.6688724529978378
2024-12-31,250.4199981689453,-0.007057885808230857,1.657093741796077,0.6570937417960769
2025-01-02,243.8500061035156,-0.02623589215505573,1.6136184090954973,0.6136184090954973
2025-01-03,243.3600006103516,-0.0020094545044054835,1.6103759163149487,0.6103759163149487
2025-01-06,245.0,0.006738984983297502,1.621228215432459,0.6212282154324591
2025-01-07,242.2100067138672,-0.011387727698501271,1.602766109977987,0.6027661099779871
2025-01-08,242.6999969482422,0.0020229974847978394,1.6060085017871917,0.6060085017871917
2025-01-10,236.8500061035156,-0.02410379447171629,1.5672976029402843,0.5672976029402843
2025-01-13,234.3999938964844,-0.010344150913639494,1.5510852400088846,0.5510852400088846
2025-01-14,233.27999877929688,-0.004778136289893209,1.5436739433348805,0.5436739433348805
2025-01-15,237.8699951171875,0.019675910330543056,1.5740471334235333,0.5740471334235333
2025-01-16,228.259994506836,-0.04040022200201043,1.5104552797915944,0.5104552797915944
2025-01-17,229.97999572753903,0.007535272330217779,1.5218369716674394,0.5218369716674394
2025-01-21,222.63999938964844,-0.031915803436166734,1.4732663220178102,0.47326632201781016
2025-01-22,223.8300018310547,0.00534496247156202,1.4811408752196116,0.4811408752196116
2025-01-23,223.66000366210932,-0.000759496794686565,1.4800159534724031,0.4800159534724031
2025-01-24,222.77999877929688,-0.003934565270516166,1.4741927341020606,0.47419273410206064
2025-01-27,229.8600006103516,0.031780240011890504,1.5210429330156092,0.5210429330156092
2025-01-28,238.259994506836,0.036543956643956044,1.5766278600133274,0.5766278600133274
2025-01-29,239.3600006103516,0.00461683089430287,1.5839068842262556,0.5839068842262556
2025-01-30,237.58999633789065,-0.0073947370820001135,1.5721943092550323,0.5721943092550323
2025-01-31,236.0,-0.006692185539787787,1.5616728932328992,0.5616728932328992
2025-02-03,228.009994506836,-0.03385595547950848,1.508800965286051,0.508800965286051
2025-02-04,232.8000030517578,0.02100788851507218,1.5404976877562138,0.5404976877562138
2025-02-05,232.47000122070312,-0.0014175336199687694,1.5383139804923351,0.5383139804923351
2025-02-06,233.22000122070312,0.00322622272147699,1.5432769240089652,0.5432769240089652
2025-02-07,227.6300048828125,-0.023968769010513147,1.5062864758981391,0.5062864758981391
2025-02-10,227.6499938964844,8.781361526666309e-05,1.506418748359215,0.5064187483592151
2025-02-11,232.6199951171875,0.021831765227118938,1.539306528807124,0.5393065288071239
2025-02-12,236.8699951171875,0.018270140526221557,1.5674298754013605,0.5674298754013605
2025-02-13,241.52999877929688,0.01967325435120615,1.5982663220178108,0.5982663220178108
2025-02-14,244.6000061035156,0.012710666748373622,1.618581352612128,0.618581352612128
2025-02-18,244.47000122070312,-0.0005314999164695022,1.6177210767584156,0.6177210767584156
2025-02-19,244.8699951171875,0.001636167605379324,1.6203679395787471,0.6203679395787471
2025-02-20,245.8300018310547,0.003920475080696484,1.626720551707425,0.626720551707425
2025-02-21,245.5500030517578,-0.001138993520771736,1.624867727538924,0.6248677275389241
2025-02-24,247.1000061035156,0.006312372357947238,1.6351244976675614,0.6351244976675614
2025-02-25,247.0399932861328,-0.00024286853865007618,1.634727377370302,0.6347273773703019
2025-02-26,240.3600006103516,-0.02704012652738441,1.5905241422484298,0.5905241422484298
2025-02-27,237.3000030517578,-0.012730893454915404,1.5702753488559942,0.5702753488559942
2025-02-28,241.83999633789065,0.019131872009047646,1.6003176558492698,0.6003176558492698
2025-03-03,238.02999877929688,-0.01575420780800285,1.5751059189402044,0.5751059189402044
2025-03-04,235.92999267578125,-0.00882244302938795,1.5612096367051027,0.5612096367051027
2025-03-05,235.7400054931641,-0.0008052693108766551,1.5599524424968192,0.5599524424968192
2025-03-06,235.3300018310547,-0.0017392197020258404,1.5572393424746054,0.5572393424746054
2025-03-07,239.07000732421875,0.015892599600832114,1.5819879238272174,0.5819879238272174
2025-03-10,227.47999572753903,-0.04847957184759577,1.505293826612007,0.5052938266120071
2025-03-11,220.83999633789065,-0.029189377151217055,1.4613552373836305,0.4613552373836305
2025-03-12,216.97999572753903,-0.017478720677235104,1.4358126173791874,0.4358126173791874
2025-03-13,209.67999267578125,-0.03364366852013567,1.3875066136230536,0.3875066136230536
2025-03-14,213.4900054931641,0.018170607356297053,1.4127184515034634,0.4127184515034634
2025-03-17,214.0,0.002388844881322738,1.4160932167450877,0.4160932167450877
2025-03-18,212.69000244140625,-0.006121483918662407,1.4074246248914557,0.4074246248914557
2025-03-19,215.2400054931641,0.011989294383784488,1.4242986530422668,0.42429865304226677
2025-03-20,214.1000061035156,-0.005296410335227875,1.4167549829358426,0.41675498293584257
2025-03-21,218.2700042724609,0.019476870855058115,1.4443489367717441,0.44434893677174414
2025-03-24,220.72999572753903,0.011270405492856295,1.4606273349623375,0.46062733496233754
2025-03-25,223.75,0.013681893403326706,1.4806114824612775,0.4806114824612775
2025-03-26,221.52999877929688,-0.009921793165153625,1.4659211615743453,0.46592116157434527
2025-03-27,223.8500061035156,0.010472655337889769,1.4812732486520324,0.48127324865203236
2025-03-28,217.8999938964844,-0.026580353115021604,1.4419004826430262,0.44190048264302617
2025-03-31,222.1300048828125,0.019412625538381745,1.4698915567761872,0.4698915567761872
2025-04-01,223.19000244140625,0.0047719692760685994,1.4769058341242758,0.4769058341242758
2025-04-02,223.88999938964844,0.003136327526256366,1.4815378945455284,0.4815378945455284
2025-04-03,203.19000244140625,-0.09245610346452682,1.3445606736808098,0.3445606736808098
2025-04-04,188.3800048828125,-0.07288743235713335,1.246559098527838,0.24655909852783808
2025-04-07,181.4600067138672,-0.036734249865053914,1.20076768513096,0.2007676851309601
2025-04-08,172.4199981689453,-0.049818186985832624,1.1409476160665606,0.1409476160665606
2025-04-09,198.8500061035156,0.15328852926139636,1.3158417980977,0.31584179809769997
2025-04-10,190.4199981689453,-0.04239380274487825,1.2600582604656803,0.26005826046568026
2025-04-11,198.1499938964844,0.04059445332354672,1.3112096367051038,0.3112096367051038
2025-04-14,202.5200042724609,0.02205405253890369,1.340127122922515,0.3401271229225149
2025-04-15,202.13999938964844,-0.0018763819612666044,1.337612532563259,0.33761253256325907
2025-04-16,194.2700042724609,-0.03893338844835548,1.2855347442395852,0.28553474423958525
2025-04-17,196.97999572753903,0.013949613401343264,1.303467456935722,0.3034674569357221
2025-04-21,193.16000366210932,-0.019392791899099704,1.278189583796119,0.278189583796119
2025-04-22,199.7400054931641,0.03406503264808913,1.3217311536985812,0.3217311536985812
2025-04-23,204.6000061035156,0.024331633507028494,1.353891031725197,0.3538910317251971
2025-04-24,208.3699951171875,0.01842614321215863,1.3788380217694227,0.3788380217694227
2025-04-25,209.27999877929688,0.0043672490446504675,1.384859750802723,0.38485975080272294
2025-04-28,210.13999938964844,0.0041093301575299,1.390550596740646,0.39055059674064596
2025-04-29,211.2100067138672,0.005091878401668248,1.3976311112906166,0.39763111129061657
2025-04-30,212.5,0.006107633374967891,1.4061673297118287,0.4061673297118287
2025-05-01,213.32000732421875,0.0038588579963234615,1.411593529756256,0.41159352975625607
2025-05-02,205.3500061035156,-0.03736171454649251,1.3588539752418272,0.35885397524182716
2025-05-05,198.88999938964844,-0.03145851727226501,1.3161064439911963,0.31610644399119625
2025-05-06,198.509994506836,-0.0019106284075549596,1.3135918536319404,0.3135918536319404
2025-05-07,196.25,-0.011384789528862571,1.2986368868515124,0.29863688685151235
2025-05-08,197.4900054931641,0.006318499328224592,1.3068423231486912,0.3068423231486912
2025-05-09,198.52999877929688,0.0052660552797887394,1.3137242270643597,0.31372422706435965
2025-05-12,210.7899932861328,0.06175386381009962,1.3948517740665205,0.3948517740665205
2025-05-13,212.92999267578125,0.010152281691776288,1.4090127021951178,0.40901270219511776
2025-05-14,212.3300018310547,-0.0028177845553216674,1.4050424079646202,0.4050424079646202
2025-05-15,211.4499969482422,-0.004144515024837148,1.3992191885942775,0.3992191885942775
2025-05-16,211.259994506836,-0.0008985691376136584,1.3979618934146498,0.3979618934146498
2025-05-19,208.77999877929688,-0.011739069355409248,1.381551121791636,0.3815511217916361
2025-05-20,206.8600006103516,-0.009196274452395903,1.3688459985056247,0.3688459985056247
2025-05-21,202.08999633789065,-0.02305909435553888,1.3372816494678816,0.33728164946788164
2025-05-22,201.3600006103516,-0.003612230891026025,1.3324510793836715,0.33245107938367147
2025-05-23,195.2700042724609,-0.03024432021966139,1.2921520022617583,0.2921520022617583
2025-05-27,200.2100067138672,0.025298316860348224,1.3248412730467096,0.3248412730467096
2025-05-28,200.4199981689453,0.0010488559414427723,1.3262308406874133,0.32623084068741326
2025-05-29,199.9499969482422,-0.0023450814539321962,1.3231207213392844,0.3231207213392844
2025-05-30,200.8500061035156,0.0045011711378339925,1.329076314142047,0.32907631414204697
2025-06-02,201.6999969482422,0.004231968229508221,1.334700922878088,0.33470092287808795
2025-06-03,203.2700042724609,0.0077838738124602624,1.3450900664391452,0.3450900664391452
2025-06-04,202.82000732421875,-0.0022137892398476078,1.3421123205234362,0.3421123205234362
2025-06-05,200.6300048828125,-0.010797763348392997,1.3276205092994615,0.3276205092994615
2025-06-06,203.9199981689453,0.0163983113495636,1.3493912437650202,0.3493912437650202
2025-06-09,201.4499969482422,-0.012112599268742419,1.3330466083725445,0.3330466083725445
2025-06-10,202.6699981689453,0.0060560994747325125,1.3411196712373035,0.34111967123730347
2025-06-11,198.77999877929688,-0.019193760422328232,1.315378541569903,0.3153785415699031
2025-06-12,199.1999969482422,0.002112879422097258,1.3181577778226545,0.31815777782265453
2025-06-13,196.4499969482422,-0.013805221095031128,1.299960318261678,0.2999603182616779
2025-06-16,198.4199981689453,0.010028003315378786,1.312996324643067,0.3129963246430669
2025-06-17,195.63999938964844,-0.014010678383989505,1.2946003554191325,0.29460035541913254
2025-06-18,196.5800018310547,0.004804755900321256,1.3008205941153905,0.3008205941153905
2025-06-20,201.0,0.022484475164182616,1.3300688624568353,0.3300688624568353
2025-06-23,201.5,0.0024875621890547706,1.333377491467922,0.33337749146792195
2025-06-24,200.3000030517578,-0.005955319842392948,1.325436802035583,0.3254368020355829
2025-06-25,201.5599975585937,0.006290536633243526,1.3337745107938368,0.3337745107938368
2025-06-26,201.0,-0.002778316954637261,1.3300688624568353,0.3300688624568353
2025-06-27,201.0800018310547,0.00039801905997349785,1.3305982552151705,0.3305982552151705
2025-06-30,205.1699981689453,0.020340144721736175,1.3576628162927367,0.35766281629273666
2025-07-01,207.82000732421875,0.012916163079025322,1.3751986106343024,0.3751986106343024
2025-07-02,212.44000244140625,0.022230752354752248,1.405770310385913,0.40577031038591294
2025-07-03,213.5500030517578,0.005225007520218483,1.4131154708293792,0.41311547082937916
2025-07-07,209.9499969482422,-0.016857907057220234,1.3892933015610174,0.3892933015610174
2025-07-08,210.009994506836,0.0002857707047674296,1.3896903208869331,0.3896903208869331
2025-07-09,211.13999938964844,0.0053807195484483206,1.3971678547628188,0.3971678547628188
2025-07-10,212.41000366210932,0.0060149866256140605,1.405571800722955,0.40557180072295496
2025-07-11,211.16000366210932,-0.005884845244805148,1.3973002281952382,0.39730022819523825
2025-07-14,208.6199951171875,-0.012028833590030819,1.3804923362749657,0.3804923362749657
2025-07-15,209.1100006103516,0.0023487944810316463,1.383734829055515,0.3837348290555149
2025-07-16,210.16000366210932,0.0050212952450527926,1.3906829701730654,0.3906829701730654
2025-07-17,210.0200042724609,-0.0006661562010319422,1.3897565580888152,0.38975655808881515
2025-07-18,211.17999267578125,0.005523228167424898,1.3974325006563149,0.39743250065631486
2025-07-21,212.47999572753903,0.006155900638530776,1.4060349562794088,0.4060349562794088
2025-07-22,214.3999938964844,0.009036136142469342,1.4187400795654204,0.41874007956542036
2025-07-23,214.1499938964844,-0.0011660448093142595,1.417085765059877,0.41708576505987693
2025-07-24,213.759994506836,-0.0018211505989438326,1.4145050384700835,0.41450503847008346
2025-07-25,213.8800048828125,0.0005614258002455408,1.4152991780932578,0.4152991780932578
2025-07-28,214.0500030517578,0.0007948296477664485,1.4164240998404658,0.4164240998404658
2025-07-29,211.2700042724609,-0.012987613826965005,1.3980281306165312,0.3980281306165312
2025-07-30,209.0500030517578,-0.010507886476113781,1.3833378097295992,0.3833378097295992
2025-07-31,207.57000732421875,-0.007079625476841711,1.3735442961287592,0.37354429612875917
2025-08-01,202.3800048828125,-0.025003624118486445,1.3392007108382646,0.33920071083826464
2025-08-04,203.3500061035156,0.004792969647692047,1.3456194591974802,0.34561945919748016
2025-08-05,202.9199981689453,-0.00211461972787641,1.3427739857428467,0.3427739857428467
2025-08-06,213.25,0.05090677076812433,1.4111302732284585,0.4111302732284585
2025-08-07,220.02999877929688,0.03179366367782821,1.455995274541086,0.455995274541086
2025-08-08,229.3500061035156,0.04235789381413957,1.5176681677739863,0.5176681677739863
2025-08-11,227.17999267578125,-0.00946157998685615,1.5033086290110873,0.5033086290110873
2025-08-12,229.6499938964844,0.010872441677679756,1.519653264403563,0.519653264403563
2025-08-13,233.3300018310547,0.01602441991019199,1.5440048264302597,0.5440048264302597
2025-08-14,232.77999877929688,-0.0023571895917441354,1.5403653143237956,0.5403653143237956
2025-08-15,231.58999633789065,-0.005112133549474263,1.5324907611219944,0.5324907611219944
2025-08-18,230.88999938964844,-0.0030225698834630554,1.5278587007007418,0.5278587007007418
2025-08-19,230.5599975585937,-0.001429259958972251,1.525674993436863,0.525674993436863
2025-08-20,226.009994506836,-0.01973457277905022,1.4955664492417062,0.49556644924170623
2025-08-21,224.8999938964844,-0.004911289931109786,1.4882212887982398,0.4882212887982398
2025-08-22,227.759994506836,0.012716766064778007,1.5071466507805094,0.5071466507805094
2025-08-25,227.16000366210932,-0.0026343118159350976,1.5031763565500114,0.5031763565500114
2025-08-26,229.3099975585937,0.009464667467088184,1.5174034209091465,0.5174034209091465
2025-08-27,230.4900054931641,0.005145907056533394,1.5252118378804107,0.5252118378804107
2025-08-28,232.5599975585937,0.008980832210058631,1.5389095094812097,0.5389095094812097
2025-08-29,232.13999938964844,-0.001805977697602268,1.5361302732284587,0.5361302732284587
2025-09-02,229.72000122070312,-0.010424735828844955,1.5201165209313607,0.5201165209313607
2025-09-03,238.47000122070312,0.038089848308826335,1.578017528625377,0.578017528625377
2025-09-04,239.77999877929688,0.005493343195739575,1.586686120479009,0.586686120479009
2025-09-05,239.69000244140625,-0.00037532879451496193,1.586090591490136,0.586090591490136
2025-09-08,237.8800048828125,-0.007551410322323426,1.5741133706254173,0.5741133706254173
2025-09-09,234.3500061035156,-0.014839409394816094,1.5507544578848529,0.5507544578848529
2025-09-10,226.7899932861328,-0.03225949486019397,1.5007279024212936,0.5007279024212936
2025-09-11,230.02999877929688,0.014286368839370622,1.5221678547628192,0.5221678547628192
2025-09-12,234.07000732421875,0.017562963814985233,1.5489016337163524,0.5489016337163524
2025-09-15,236.6999969482422,0.011235910376080627,1.5663049536541542,0.5663049536541542
2025-09-16,238.1499938964844,0.0061258849469241206,1.575899957592037,0.5758999575920369
2025-09-17,238.9900054931641,0.0035272375318422533,1.5814585310688842,0.5814585310688842
2025-09-18,237.8800048828125,-0.0046445482440199415,1.5741133706254178,0.5741133706254178
2025-09-19,245.5,0.03203293660995743,1.6245368444435482,0.6245368444435482
2025-09-22,256.0799865722656,0.04309566831880085,1.6945473454633586,0.6945473454633586
2025-09-23,254.42999267578125,-0.006443275472520216,1.6836289101153104,0.6836289101153104
2025-09-24,252.3099975585937,-0.00833233179348103,1.6696003554191328,0.6696003554191328
2025-09-25,256.8699951171875,0.018072995928489988,1.6997750358448283,0.6997750358448283
2025-09-26,255.4600067138672,-0.005489112898051984,1.6904447787717856,0.6904447787717856
2025-09-29,254.42999267578125,-0.004031997224675621,1.6836289101153104,0.6836289101153104
2025-09-30,254.6300048828125,0.0007861188255666729,1.6849524424968203,0.6849524424968203
2025-10-01,255.4499969482422,0.003220327729275496,1.6903785415699033,0.6903785415699033
2025-10-02,257.1300048828125,0.00657666061710982,1.7014955875522537,0.7014955875522537
2025-10-03,258.0199890136719,0.0034612223931820285,1.70738484218179,0.7073848421817901
2025-10-06,256.69000244140625,-0.005154587353288997,1.6985839778670826,0.6985839778670826
2025-10-07,256.4800109863281,-0.0008180741481198517,1.697194410226379,0.697194410226379
2025-10-08,258.0599975585937,0.006160271773965942,1.7076495890466292,0.7076495890466292
2025-10-09,254.0399932861328,-0.015577789314471846,1.6810481835255164,0.6810481835255164
2025-10-10,245.2700042724609,-0.03452208016630676,1.6230149033704242,0.6230149033704242
2025-10-13,247.66000366210932,0.00974436069644069,1.6388301460045644,0.6388301460045644
2025-10-14,247.7700042724609,0.00044415977035061616,1.6395580484258574,0.6395580484258574
2025-10-15,249.33999633789065,0.0063364896410273985,1.649947091015571,0.6499470910155709
2025-10-16,247.4499969482422,-0.007580008893106949,1.6374404773925169,0.6374404773925169
2025-10-17,252.2899932861328,0.019559492412937862,1.669467981986713,0.6694679819867131
2025-10-20,262.239990234375,0.03943873008454002,1.7353096791130689,0.7353096791130689
2025-10-21,262.7699890136719,0.002021044840732289,1.738816817787113,0.7388168177871131
2025-10-22,258.45001220703125,-0.016440145325788524,1.7102304166077678,0.7102304166077678
2025-10-23,259.5799865722656,0.004372119604812541,1.7177077485409653,0.7177077485409653
2025-10-24,262.82000732421875,0.012481781799657865,1.739147801853835,0.7391478018538351
2025-10-27,268.8099975585937,0.022791226190727487,1.7787851127849923,0.7787851127849923
2025-10-28,269.0,0.0007068280314421749,1.7800424079646207,0.7800424079646207
2025-10-29,269.70001220703125,0.0026022758625696696,1.7846745693572175,0.7846745693572175
2025-10-30,271.3999938964844,0.006303231785351748,1.7959237868292988,0.7959237868292988
2025-10-31,270.3699951171875,-0.0037951319176879883,1.7891080191441677,0.7891080191441677
2025-11-03,269.04998779296875,-0.0048822256465500535,1.7803731900886537,0.7803731900886537
2025-11-04,270.0400085449219,0.003679690752169673,1.7869244128516337,0.7869244128516337
2025-11-05,270.1400146484375,0.00037033809935982376,1.7875861790423888,0.7875861790423888
2025-11-06,269.7699890136719,-0.001369754996301431,1.7851376239423262,0.7851376239423262
2025-11-07,268.4700012207031,-0.004818874767062664,1.7765352692905763,0.7765352692905763
2025-11-10,269.42999267578125,0.003575786682732396,1.78288778044791,0.78288778044791
2025-11-11,275.25,0.021601185771556786,1.8214002706032038,0.8214002706032038
2025-11-12,273.4700012207031,-0.006466843884820661,1.8096215594014426,0.8096215594014426
2025-11-13,272.95001220703125,-0.0019014480979659965,1.8061806579292805,0.8061806579292805
2025-11-14,272.4100036621094,-0.0019784155368063328,1.802607282053354,0.8026072820533541
2025-11-17,267.4599914550781,-0.018171183658773127,1.7698517740665207,0.7698517740665207
2025-11-18,267.44000244140625,-7.473646268785217e-05,1.7697195016054452,0.7697195016054452
2025-11-19,268.5599975585937,0.004187836924032462,1.7771307982794489,0.7771307982794489
2025-11-20,266.25,-0.008601420835542384,1.761844948403644,0.761844948403644
2025-11-21,271.489990234375,0.019680714495305063,1.7965193158181716,0.7965193158181716
2025-11-24,275.9200134277344,0.0163174457722548,1.8258339223328428,0.8258339223328428
2025-11-25,276.9700012207031,0.003805406428931457,1.8327819624790493,0.8327819624790493
2025-11-26,277.54998779296875,0.0020940411225383038,1.836619883277127,0.836619883277127
2025-11-28,278.8500061035156,0.004683906927485104,1.8452224398715655,0.8452224398715655
2025-12-01,283.1000061035156,0.015241168753721723,1.8733457864658023,0.8733457864658023
2025-12-02,286.19000244140625,0.010914857899228636,1.8937930895211952,0.8937930895211952
2025-12-03,284.1499938964844,-0.00712816145749029,1.8802938266120088,0.8802938266120088
2025-12-04,280.70001220703125,-0.012141410394363561,1.8574644076011242,0.8574644076011242
2025-12-05,278.7799987792969,-0.00684009028940924,1.8447591833437684,0.8447591833437684
2025-12-08,277.8900146484375,-0.00319242461710445,1.8388699287142323,0.8388699287142323
2025-12-09,277.17999267578125,-0.002555046727945598,1.8341715301197534,0.8341715301197534
2025-12-10,278.7799987792969,0.00577244442526248,1.8447591833437684,0.8447591833437684
2025-12-11,278.0299987792969,-0.0026902934331158868,1.8397962398271384,0.8397962398271384
2025-12-12,278.2799987792969,0.0008991835452922814,1.8414505543326816,0.8414505543326816
2025-12-15,274.1099853515625,-0.014984955605960026,1.8138564995254358,0.8138564995254358
2025-12-16,274.6099853515625,0.0018240853187405648,1.8171651285365222,0.8171651285365222
2025-12-17,271.8399963378906,-0.010086993049891024,1.79883539651447,0.7988353965144701
2025-12-18,272.19000244140625,0.001287544541755281,1.8011514772107684,0.8011514772107684
2025-12-19,273.6700134277344,0.005437418615868328,1.810945091782953,0.810945091782953
2025-12-22,270.9700012207031,-0.009865941003960987,1.7930784143460097,0.7930784143460097
2025-12-23,272.3599853515625,0.005129660569795913,1.8022762979866325,0.8022762979866325
2025-12-24,273.8099975585937,0.005323881205087977,1.8118714028958591,0.8118714028958591
2025-12-26,273.3999938964844,-0.0014974020881819428,1.8091583028736458,0.8091583028736458
2025-12-29,273.760009765625,0.0013168100847762432,1.8115406207718265,0.8115406207718265
2025-12-30,273.0799865722656,-0.0024840121606569676,1.8070407318403052,0.8070407318403052
2025-12-31,271.8599853515625,-0.004467559984957958,1.7989676689755463,0.7989676689755463
2026-01-02,271.010009765625,-0.0031265196488491354,1.79334316121085,0.7933431612108499
2026-01-05,267.260009765625,-0.013837127282653072,1.7685284436277,0.7685284436277
2026-01-06,262.3599853515625,-0.01833429707033085,1.7361037177649,0.7361037177648999
2026-01-07,260.3299865722656,-0.007737455757884204,1.7226706920575958,0.7226706920575958
2026-01-08,259.0400085449219,-0.004955164959399183,1.7141345746077281,0.7141345746077281
2026-01-09,259.3699951171875,0.00127388264893602,1.7163181809002621,0.7163181809002621
2026-01-12,260.25,0.0033928553779511983,1.722141400270605,0.722141400270605
2026-01-13,261.04998779296875,0.003073920434077726,1.7274351259112681,0.7274351259112681
2026-01-14,259.9599914550781,-0.004175431483854575,1.720222338900222,0.720222338900222
2026-01-15,258.2099914550781,-0.006731805114335909,1.7086421373614187,0.7086421373614187
2026-01-16,255.52999877929688,-0.010379120733008063,1.6909079343282396,0.6909079343282396
2026-01-20,246.6999969482422,-0.03455563680678142,1.632477533875888,0.6324775338758879
2026-01-21,247.6499938964844,0.0038508186461045923,1.638763908802684,0.638763908802684
2026-01-22,248.3500061035156,0.0028266191168322408,1.6433960701952803,0.6433960701952803
2026-01-23,248.0399932861328,-0.0012482899527433977,1.6413446353924777,0.6413446353924777
2026-01-26,255.41000366210932,0.029712992160399798,1.6901138956764086,0.6901138956764086
2026-01-27,258.2699890136719,0.011197624644906812,1.7090391566873342,0.7090391566873342
2026-01-28,256.44000244140625,-0.007085556394896275,1.69692966336154,0.69692966336154
2026-01-29,258.2799987792969,0.007175153331668849,1.7091053938892162,0.7091053938892162
2026-01-30,259.4800109863281,0.004646167774132071,1.7170461842928997,0.7170461842928997
2026-02-02,270.010009765625,0.04058115590203082,1.786725903188677,0.7867259031886771
2026-02-03,269.4800109863281,-0.0019628856713753695,1.783218764514633,0.7832187645146329
2026-02-04,276.489990234375,0.026012984125945104,1.8296056059290395,0.8296056059290395
2026-02-05,275.9100036621094,-0.0020976765624461935,1.825767685130962,0.8257676851309621
2026-02-06,278.1199951171875,0.008009827210848641,1.8403917688160123,0.8403917688160123
2026-02-09,274.6199951171875,-0.01258449612198953,1.8172313657384058,0.8172313657384058
2026-02-10,273.67999267578125,-0.003422920610733904,1.8110111270421476,0.8110111270421476
2026-02-11,275.5,0.0066501292492171515,1.8230545851087483,0.8230545851087483
2026-02-12,261.7300109863281,-0.049981811301894274,1.7319350148427897,0.7319350148427897
2026-02-13,255.77999877929688,-0.022733396848946263,1.6925622488337828,0.6925622488337828
2026-02-17,263.8800048828125,0.031667863563111576,1.7461620792019243,0.7461620792019243
2026-02-18,264.3500061035156,0.0017811172199722058,1.7492721985500534,0.7492721985500534
2026-02-19,260.5799865722656,-0.014261469431454121,1.7243250065631393,0.7243250065631393
2026-02-20,264.5799865722656,0.015350373037534393,1.7507940386518324,0.7507940386518324
2026-02-23,266.17999267578125,0.006047343656806037,1.7613816918758474,0.7613816918758474
2026-02-24,272.1400146484375,0.022390946489790453,1.800820695086736,0.800820695086736
2026-02-25,274.2300109863281,0.007679856784716499,1.8146507401199559,0.8146507401199559
2026-02-26,272.95001220703125,-0.004667610137537803,1.8061806579292814,0.8061806579292814
2026-02-27,264.17999267578125,-0.03213049693728531,1.7481471758315006,0.7481471758315006
2026-03-02,264.7200012207031,0.002044093269336189,1.7517205517074268,0.7517205517074268
2026-03-03,263.75,-0.0036642536122324376,1.745301803348211,0.7453018033482111
2026-03-04,262.5199890136719,-0.004663548763329417,1.7371625032815698,0.7371625032815698
2026-03-05,260.2900085449219,-0.00849451684471103,1.7224061471354442,0.7224061471354442
2026-03-06,257.4599914550781,-0.010872553678353492,1.703679193844788,0.7036791938447879
2026-03-09,259.8800048828125,0.009399570838394267,1.7196930471132306,0.7196930471132306
2026-03-10,260.8299865722656,0.0036554627966916,1.7259793210686822,0.7259793210686822
2026-03-11,260.8099975585937,-7.663617950770529e-05,1.7258470486076063,0.7258470486076063
2026-03-12,255.759994506836,-0.019362766377938212,1.6924298754013631,0.6924298754013631
2026-03-13,250.1199951171875,-0.022051921765652627,1.655108544195159,0.655108544195159
2026-03-16,252.82000732421875,0.01079486750256109,1.6729752216321025,0.6729752216321025
2026-03-17,254.22999572753903,0.005577044389181163,1.682305478705145,0.682305478705145
2026-03-18,249.94000244140625,-0.016874457610149274,1.653917486217413,0.6539174862174131
2026-03-19,248.9600067138672,-0.0039209238936004365,1.6474326016276597,0.6474326016276597
2026-03-20,247.9900054931641,-0.003896213024359052,1.6410138532684444,0.6410138532684444
2026-03-23,251.4900054931641,0.01411347200480817,1.6641742563460509,0.6641742563460509
2026-03-24,251.63999938964844,0.0005964209042430557,1.6651668046608388,0.6651668046608388
2026-03-25,252.6199951171875,0.00389443542328749,1.6716516892505924,0.6716516892505924
2026-03-26,252.88999938964844,0.0010688159198788405,1.6734383771885557,0.6734383771885557
2026-03-27,248.8000030517578,-0.016173025219509918,1.6463738161109895,0.6463738161109895
2026-03-30,246.6300048828125,-0.008721857485242457,1.6320143783194347,0.6320143783194347
2026-03-31,253.7899932861328,0.029031294901536553,1.6793938690199741,0.6793938690199741
2026-04-01,255.6300048828125,0.007250134541771258,1.6915697005189947,0.6915697005189947
2026-04-02,255.9199981689453,0.0011344258521832629,1.6934886609180333,0.6934886609180333
2026-04-06,258.8599853515625,0.011487914987700076,1.7129433146872937,0.7129433146872937
2026-04-07,253.5,-0.020706117804507373,1.6774749086209353,0.6774749086209353
2026-04-08,258.8999938964844,0.02130175107094434,1.7132080615521335,0.7132080615521335
2026-04-09,260.489990234375,0.006141353323192211,1.7237294775742664,0.7237294775742664
2026-04-10,260.4800109863281,-3.8309525974056235e-05,1.723663442315073,0.723663442315073
2026-04-13,259.20001220703125,-0.004914000020385667,1.7151933601243987,0.7151933601243987
2026-04-14,258.8299865722656,-0.001427567968129817,1.7127448050243361,0.7127448050243361
2026-04-15,266.42999267578125,0.029362927395561567,1.763036006381391,0.763036006381391
2026-04-16,263.3999938964844,-0.011372588907376024,1.7429857226519134,0.7429857226519134
2026-04-17,270.2300109863281,0.025930209749845057,1.7881817080312628,0.7881817080312628
2026-04-20,273.04998779296875,0.010435468645202839,1.8068422221773484,0.8068422221773484
2026-04-21,266.1700134277344,-0.025196757637106715,1.7613156566166543,0.7613156566166543
2026-04-22,273.1700134277344,0.026298980526972437,1.8076364627718675,0.8076364627718675
2026-04-23,273.42999267578125,0.0009517122497622044,1.8093568125366044,0.8093568125366044
2026-04-24,271.0599975585937,-0.008667648687676222,1.7936739433348834,0.7936739433348834
2026-04-27,267.6099853515625,-0.012727854490168444,1.7708443223813104,0.7708443223813104
2026-04-28,270.7099914550781,0.011584044965448959,1.7913578626385855,0.7913578626385855
2026-04-29,270.1700134277344,-0.0019946734305643643,1.7877846887053477,0.7877846887053477
2026-04-30,271.3500061035156,0.004367593060422559,1.7955930047052668,0.7955930047052668
2026-05-01,280.1400146484375,0.032393618379240596,1.8537587592641231,0.8537587592641231
2026-05-04,276.8299865722656,-0.011815620415119188,1.831855449423456,0.831855449423456
2026-05-05,284.17999267578125,0.026550613950909296,1.8804923362749677,0.8804923362749677
2026-05-06,287.510009765625,0.01171798569803939,1.9025279185767106,0.9025279185767106
2026-05-07,287.44000244140625,-0.00024349525874178823,1.9020646620489132,0.9020646620489132
2026-05-08,293.32000732421875,0.02045645989726541,1.9409741715301225,0.9409741715301225
2026-05-11,292.67999267578125,-0.0021819672455212213,1.936739029463441,0.936739029463441
2026-05-12,294.79998779296875,0.007243389265544797,1.9507675841596182,0.9507675841596182
2026-05-13,298.8699951171875,0.013805995565634221,1.9776998727761088,0.9776998727761088
2026-05-14,298.2099914550781,-0.00220833028705536,1.9733324582483518,0.9733324582483518
2026-05-15,300.2300109863281,0.0067738157309671365,1.9866994486964624,0.9866994486964624
2026-05-18,297.8399963378906,-0.007960612067346995,1.9708841050909778,0.9708841050909778
2026-05-19,298.9700012207031,0.003793999787491842,1.978361638966864,0.9783616389668639
2026-05-20,302.25,0.0109709963070026,2.000066237201885,1.0000662372018851
2026-05-21,304.989990234375,0.009065310949131433,2.0181974595609793,1.0181974595609793
2026-05-22,308.82000732421875,0.012557845216167651,2.043541670873809,1.0435416708738088
2026-05-26,308.3299865722656,-0.001586751960143129,2.0402990771219156,1.0402990771219156
2026-05-27,310.8500061035156,0.008173125031610828,2.056974696581113,1.056974696581113
2026-05-28,312.510009765625,0.005340207912225559,2.067959369131043,1.0679593691310432
2026-05-29,312.0599975585937,-0.001439992937726342,2.0649815222439893,1.0649815222439893
2026-06-01,306.3099975585937,-0.018425943872925732,2.026932288616493,1.0269322886164929
2026-06-02,315.20001220703125,0.02902293336585271,2.0857598093661047,1.0857598093661047
2026-06-03,310.260009765625,-0.015672595971098935,2.0530705385811534,1.0530705385811534
2026-06-04,311.2300109863281,0.0031264139436979477,2.059489286940369,1.059489286940369
2026-06-05,307.3399963378906,-0.012498841728371679,2.0337480563016244,1.0337480563016244
2026-06-08,301.5400085449219,-0.01887156849768501,1.9953680405500944,0.9953680405500944
2026-06-09,290.54998779296875,-0.03644631040831148,1.9226442375653814,0.9226442375653814
2026-06-10,291.5799865722656,0.003544996808021894,1.9294600052505124,0.9294600052505124
2026-06-11,295.6300048828125,0.013889904990249002,1.9562600214059274,0.9562600214059274
2026-06-12,291.1300048828125,-0.015221729613622226,1.9264823603061476,0.9264823603061476
2026-06-15,296.4200134277344,0.018170605764429082,1.9614877117873974,0.9614877117873974
2026-06-16,299.239990234375,0.009513449426140408,1.9801482259334828,0.9801482259334828
2026-06-17,295.95001220703125,-0.010994446379867018,1.9583775924392683,0.9583775924392683
2026-06-18,298.010009765625,0.006960626705947437,1.9720091278095302,0.9720091278095302
2026-06-22,297.010009765625,-0.0033555919842641613,1.9653918697873567,0.9653918697873567
2026-06-23,294.29998779296875,-0.00912434558954689,1.947458955148531,0.9474589551485311
2026-06-24,293.0799865722656,-0.004145434153267291,1.9393858922837721,0.9393858922837721
2026-06-25,275.1499938964844,-0.06117781321571136,1.8207385044124498,0.8207385044124498
2026-06-26,283.7799987792969,0.03136472859984596,1.8778454734546357,0.8778454734546357
2026-06-29,281.739990234375,-0.007188697419469814,1.8643462105454494,0.8643462105454494
2026-06-30,289.3599853515625,0.02704619642688466,1.9147696843635797,0.9147696843635797
2026-07-01,294.3800048828125,0.017348699838890536,1.9479884488782107,0.9479884488782107
2026-07-02,308.6300048828125,0.0484068203126522,2.04228437569418,1.0422843756941802
2026-07-06,312.6600036621094,0.01305770247720095,2.068951917445831,1.068951917445831
2026-07-07,310.6600036621094,-0.006396724801939757,2.0557174014014845,1.0557174014014845
2026-07-08,313.3900146484375,0.008787777487112347,2.0737825885013854,1.0737825885013854
2026-07-09,316.2200012207031,0.009030238488741738,2.0925093398493533,1.0925093398493533
2026-07-10,315.32000732421875,-0.0028461004775477416,2.086553848017935,1.0865538480179349
2026-07-13,317.3099975585937,0.0063110179758709695,2.099722126860399,1.099722126860399
2026-07-14,314.8599853515625,-0.0077211944971219415,2.0835097639289994,1.0835097639289994
2026-07-15,327.5,0.040144874663333496,2.1671520022617607,1.1671520022617607
2026-07-16,333.260009765625,0.017587816078244334,2.2052674730911397,1.2052674730911397
2026-07-17,333.739990234375,0.0014402582208634662,2.208443627698462,1.208443627698462
2026-07-20,326.5899963378906,-0.021423845225929217,2.1611302732284607,1.1611302732284607
2026-07-21,327.739990234375,0.0035212159263280363,2.1687400795654224,1.1687400795654224
2026-07-22,325.8900146484375,-0.0056446440503478135,2.1564983137785525,1.1564983137785525
2026-07-23,321.6600036621094,-0.012979872951588756,2.1285072396453915,1.1285072396453915
2026-07-24,333.0199890136719,0.035316748188238156,2.2036791938447897,1.2036791938447897
2026-07-27,336.9100036621094,0.011681024493330971,2.2294204244835347,1.2294204244835347
2026-07-28,340.0799865722656,0.009408990162653286,2.2503970193259186,1.2503970193259186
2026-07-29,338.19000244140625,-0.005557469435084728,2.237890506674209,1.237890506674209
2026-07-30,333.42999267578125,-0.014074957069287408,2.2063922938670038,1.2063922938670038
2026-07-31,308.9100036621094,-0.07353864245054431,2.044137199862682,1.044137199862682
2026-08-03,303.4200134277344,-0.01777213482662099,2.007808517942611,1.0078085179426108
2026-08-04,309.3800048828125,0.019642710405777475,2.0472473192108107,1.0472473192108107
2026-08-05,311.0,0.005236263144417164,2.057967244895901,1.057967244895901
2026-08-06,312.4100036621094,0.004533773833149013,2.067297602940288,1.0672976029402879
2026-08-07,313.3299865722656,0.0029447933784836344,2.0733853672327816,1.0733853672327816
2026-08-10,308.260009765625,-0.0161809498736607,2.0398360225368064,1.0398360225368064
2026-08-11,304.9100036621094,-0.010867469011185404,2.017668167773988,1.017668167773988
2026-08-12,302.25,-0.008723897642456846,2.0000662372018843,1.0000662372018843
2026-08-13,305.260009765625,0.009958675816790663,2.019984248470286,1.0199842484702861
2026-08-14,305.92999267578125,0.002194794236790587,2.0244176982572366,1.0244176982572366
