Date,Close,Daily Return,Cumulative Growth,Cumulative Return
2021-08-16,164.94949340820312,,1.0,0.0
2021-08-17,162.09800720214844,-0.01728702615047184,0.9827129738495282,-0.01728702615047184
2021-08-18,160.06100463867188,-0.012566487390164305,0.9703637236554972,-0.029636276344502832
2021-08-19,159.3874969482422,-0.0042078187123096855,0.966280609021353,-0.03371939097864696
2021-08-20,159.99749755859375,0.003827154714335368,0.96997871440954,-0.030021285590460023
2021-08-23,163.2935028076172,0.02060035500127988,0.9899606202700616,-0.010039379729938402
2021-08-24,165.28900146484375,0.012220318769066596,1.0020582546185846,0.002058254618584554
2021-08-25,164.95899963378906,-0.0019965141547840792,1.0000576311293203,5.763112932033465e-05
2021-08-26,165.8000030517578,0.005098257262930783,1.0051561822105748,0.005156182210574789
2021-08-27,167.48150634765625,0.01014175672465778,1.0153502316808403,0.015350231680840265
2021-08-30,171.07850646972656,0.021476998866989616,1.0371569074562472,0.03715690745624722
2021-08-31,173.5395050048828,0.01438520002272603,1.0520766170249574,0.05207661702495736
2021-09-01,173.9499969482422,0.0023654092095504176,1.054565208744021,0.05456520874402093
2021-09-02,173.156005859375,-0.004564478889317991,1.0497516681112997,0.04975166811129972
2021-09-03,173.90249633789062,0.004311086264728647,1.0542772381090704,0.05427723810907037
2021-09-07,175.46449279785156,0.008982024369138308,1.063746781953594,0.06374678195359396
2021-09-08,176.27499389648438,0.004619174430729789,1.068660413889565,0.06866041388956501
2021-09-09,174.20799255371094,-0.011726004336084506,1.056129297242494,0.05612929724249405
2021-09-10,173.45750427246094,-0.004308001431212238,1.0515794907184282,0.051579490718428156
2021-09-13,172.85850524902344,-0.0034532897607970625,1.047948082030466,0.04794808203046608
2021-09-14,172.5,-0.002073980962099431,1.0457746576590663,0.0457746576590663
2021-09-15,173.7895050048828,0.007475391332653958,1.05359223247084,0.053592232470839996
2021-09-16,174.41200256347656,0.0035819053548502566,1.057366100130156,0.05736610013015597
2021-09-17,173.12600708007812,-0.007373319866162298,1.0495698016582597,0.04956980165825975
2021-09-20,167.7864990234375,-0.03084174438431353,1.017199238122021,0.017199238122020954
2021-09-21,167.18150329589844,-0.0036057473697842513,1.013531474644616,0.013531474644616015
2021-09-22,169.00250244140625,0.01089234819407503,1.0245712123720996,0.024571212372099582
2021-09-23,170.8000030517578,0.01063594079605279,1.0354684911282293,0.03546849112822925
2021-09-24,171.2760009765625,0.0027868730462519142,1.0383542103563976,0.03835421035639763
2021-09-27,170.2899932861328,-0.005756835077931344,1.0323765764149002,0.032376576414900216
2021-09-28,165.79800415039062,-0.0263784679831095,1.0051440639474276,0.005144063947427613
2021-09-29,165.05599975585938,-0.004475351789266391,1.00064569066237,0.0006456906623699687
2021-09-30,164.2519989013672,-0.0048710792439015105,0.995771466208085,-0.004228533791915012
2021-10-01,164.16299438476562,-0.0005418778291703674,0.9952318797276264,-0.0047681202723736105
2021-10-04,159.48899841308594,-0.028471678341373097,0.9668959577729412,-0.03310404222705876
2021-10-05,161.0500030517578,0.00978753803838428,0.9763594887388038,-0.02364051126119615
2021-10-06,163.10049438476562,0.012732016728672857,0.9887905140826247,-0.01120948591737525
2021-10-07,165.1215057373047,0.012391203105561077,1.0010428181714748,0.0010428181714747797
2021-10-08,164.43099975585938,-0.004181805261295635,0.996856652047663,-0.00314334795233695
2021-10-11,162.31500244140625,-0.01286860335091844,0.9840284991947371,-0.015971500805262884
2021-10-12,162.3665008544922,0.0003172745113595443,0.984340706355983,-0.01565929364401697
2021-10-13,164.21400451660156,0.011378601203982708,0.9955411267024544,-0.004458873297545574
2021-10-14,164.9929962158203,0.004743759227551214,1.000263734108656,0.00026373410865598856
2021-10-15,170.4510040283203,0.03308023939004423,1.0333526978861498,0.03335269788614981
2021-10-18,172.33700561523438,0.011064772529006062,1.0447865104304948,0.04478651043049475
2021-10-19,172.20750427246094,-0.0007514424560826072,1.044001413489015,0.044001413489014984
2021-10-20,170.7530059814453,-0.008446195751808605,1.035183573185522,0.0351835731855219
2021-10-21,171.75050354003906,0.005841756945129006,1.0412308640136618,0.04123086401366183
2021-10-22,166.77749633789062,-0.028954833317208384,1.0110821979014133,0.011082197901413293
2021-10-25,166.01849365234375,-0.004550989805058192,1.006480773126688,0.006480773126688044
2021-10-26,168.80349731445312,0.01677526160393561,1.0233647513952195,0.02336475139521954
2021-10-27,169.62449645996094,0.004863638245470758,1.028342027339172,0.028342027339171905
2021-10-28,172.32850646972656,0.01594115275917063,1.0447349846856608,0.04473498468566084
2021-10-29,168.6215057373047,-0.021511245053778105,1.0222614344138325,0.022261434413832548
2021-11-01,165.90550231933594,-0.01610709978002456,1.005795767488458,0.0057957674884578925
2021-11-02,165.6374969482422,-0.0016154097805501921,1.004170995168421,0.00417099516842101
2021-11-03,169.1999969482422,0.021507811127532195,1.0257685152722495,0.025768515272249548
2021-11-04,173.85000610351562,0.02748232410840923,1.0539590180691631,0.053959018069163145
2021-11-05,175.94949340820312,0.01207642928374364,1.0666870796188392,0.06668707961883924
2021-11-08,174.44900512695312,-0.008527948857282919,1.0575904267571252,0.057590426757125224
2021-11-09,178.81149291992188,0.025007238016599764,1.084037842283118,0.08403784228311806
2021-11-10,174.1024932861328,-0.026334994227121156,1.0554897119646112,0.055489711964611166
2021-11-11,173.625,-0.0027425987825921982,1.0525949271655384,0.052594927165538374
2021-11-12,176.25750732421875,0.015162029225161966,1.0685544022134794,0.06855440221347942
2021-11-15,177.28399658203125,0.0058238044631160335,1.0747774541101727,0.07477745411017267
2021-11-16,177.03500366210938,-0.001404486161877938,1.0732679440487765,0.07326794404877646
2021-11-17,177.4499969482422,0.0023441312596286235,1.0757838249863785,0.07578382498637848
2021-11-18,184.8029937744141,0.04143700734081501,1.1203610872394691,0.12036108723946914
2021-11-19,183.82850646972656,-0.005273114275827551,1.1144532951962651,0.11445329519626513
2021-11-22,178.6284942626953,-0.02828730052206352,1.0829284199172444,0.08292841991724442
2021-11-23,179.0019989013672,0.0020909577736383245,1.0851927775151642,0.08519277751516419
2021-11-24,179.02049255371094,0.00010331533981333685,1.0853048945757362,0.0853048945757362
2021-11-26,175.22799682617188,-0.021184701669844985,1.0623130341633267,0.062313034163326675
2021-11-29,178.07850646972656,0.016267432688752415,1.079594139940963,0.07959413994096298
2021-11-30,175.35350036621094,-0.015302274022490625,1.0630738945785112,0.0630738945785112
2021-12-01,172.18600463867188,-0.0180634873037836,1.0438710727808085,0.043871072780808484
2021-12-02,171.8679962158203,-0.0018468889124809706,1.04194315887043,0.041943158870429986
2021-12-03,169.489501953125,-0.013839076006382012,1.0275236283004923,0.027523628300492264
2021-12-06,171.36849975585938,0.011086219388703134,1.0389149806709077,0.038914980670907706
2021-12-07,176.1645050048828,0.027986504263362688,1.0679905792067255,0.06799057920672547
2021-12-08,176.1580047607422,-3.689871657430732e-05,1.0679511717250394,0.0679511717250394
2021-12-09,174.17100524902344,-0.011279643604146683,1.05590506312135,0.05590506312135002
2021-12-10,172.21200561523438,-0.011247564604614624,1.044028702707553,0.04402870270755299
2021-12-13,169.5675048828125,-0.015356076499860039,1.0279965180807262,0.02799651808072623
2021-12-14,169.0915069580078,-0.0028071293797337082,1.0251107988525578,0.025110798852557847
2021-12-15,173.31500244140625,0.024977573145925636,1.0507155788135758,0.0507155788135758
2021-12-16,168.87100219726562,-0.025641174633125208,1.0237739971674717,0.02377399716747175
2021-12-17,170.0175018310547,0.00678920370502567,1.03072460738215,0.030724607382150104
2021-12-20,167.07899475097656,-0.017283556389377508,1.0129100205085417,0.01291002050854173
2021-12-21,170.41700744628906,0.019978649621920752,1.0331465949068144,0.033146594906814375
2021-12-22,171.03700256347656,0.0036381058820253998,1.0369052916107393,0.0369052916107393
2021-12-23,171.06849670410156,0.0001841364158221559,1.0370962236346835,0.037096223634683456
2021-12-27,169.66949462890625,-0.008178022851368039,1.0286148270187314,0.028614827018731415
2021-12-28,170.66099548339844,0.005843719029521299,1.0346257630574285,0.03462576305742848
2021-12-29,169.2010040283203,-0.0085549217086347,1.0257746206567357,0.025774620656735747
2021-12-30,168.64450073242188,-0.0032890070546229833,1.0224008406929426,0.02240084069294257
2021-12-31,166.7169952392578,-0.011429400216389607,1.0107154123030897,0.0107154123030897
2022-01-03,170.4044952392578,0.022118320898886212,1.0330707401298596,0.033070740129859555
2022-01-04,167.52200317382812,-0.016915587005979504,1.0155957421418613,0.015595742141861324
2022-01-05,164.35699462890625,-0.018893091563845,0.996407998793724,-0.0035920012062760076
2022-01-06,163.25399780273438,-0.006710981961323137,0.9897211226877012,-0.010278877312298818
2022-01-07,162.5540008544922,-0.004287778294336242,0.9854774179403948,-0.014522582059605216
2022-01-10,161.48599243164062,-0.006570176170610398,0.9790026576923682,-0.02099734230763184
2022-01-11,165.36199951171875,0.024002125643924677,1.0025008024880366,0.0025008024880366353
2022-01-12,165.20700073242188,-0.0009373300985386912,1.0015611283120553,0.0015611283120553487
2022-01-13,161.21400451660156,-0.024169655027437842,0.9773537413518616,-0.022646258648138406
2022-01-14,162.13800048828125,0.005731487003565627,0.982955431618306,-0.017044568381693992
2022-01-18,158.91749572753906,-0.019862738846190164,0.9634312445826274,-0.03656875541737259
2022-01-19,156.2989959716797,-0.016477101806013472,0.9475566898825452,-0.052443310117454844
2022-01-20,151.66749572753906,-0.02963230963415675,0.9194783966520289,-0.0805216033479711
2022-01-21,142.64300537109375,-0.05950180896147472,0.8647677687502368,-0.13523223124976325
2022-01-24,144.54400634765625,0.01332698348311534,0.8762925145211017,-0.12370748547889832
2022-01-25,139.98599243164062,-0.031533745543573244,0.8486597293464553,-0.15134027065354472
2022-01-26,138.87249755859375,-0.007954330670553511,0.8419092092324512,-0.15809079076754884
2022-01-27,139.6374969482422,0.005508645722495764,0.8465469887966193,-0.15345301120338073
2022-01-28,143.97799682617188,0.031084056738273746,0.8728611034279882,-0.12713889657201183
2022-01-31,149.57350158691406,0.03886361030218932,0.9067836371995525,-0.09321636280044754
2022-02-01,151.19349670410156,0.010830762802234384,0.9166047956870081,-0.08339520431299186
2022-02-02,150.6125030517578,-0.0038427158906232384,0.9130825438732002,-0.0869174561267998
2022-02-03,138.8455047607422,-0.0781276325178123,0.8417455664270456,-0.15825443357295443
2022-02-04,157.63949584960938,0.13535901735711864,0.9556834191633217,-0.04431658083667833
2022-02-07,157.9355010986328,0.0018777353189827206,0.9574779396732508,-0.04252206032674921
2022-02-08,161.4134979248047,0.022021627828944013,0.9785631625151592,-0.02143683748484082
2022-02-09,161.1894989013672,-0.0013877341505965646,0.9772051769960212,-0.022794823003978837
2022-02-10,159.0034942626953,-0.013561706274733853,0.9639526074154519,-0.036047392584548144
2022-02-11,153.2935028076172,-0.03591110674363196,0.9293360024347532,-0.07066399756524677
2022-02-14,155.16700744628906,0.012221683270054351,0.9406940527079692,-0.05930594729203076
2022-02-15,156.510498046875,0.008658352201907249,0.9488389131305544,-0.05116108686944565
2022-02-16,158.10049438476562,0.010159039538768955,0.9584782051649702,-0.041521794835029824
2022-02-17,154.65249633789062,-0.021808901106176726,0.9375748487761015,-0.06242515122389847
2022-02-18,152.60150146484375,-0.013261957754408193,0.9251407707400372,-0.0748592292599628
2022-02-22,150.19749450683594,-0.015753494788264932,0.9105665704297726,-0.08943342957022737
2022-02-23,144.82699584960938,-0.03575624663287669,0.878008127561833,-0.121991872438167
2022-02-24,151.35800170898438,0.04509522427819257,0.9176021009923098,-0.08239789900769023
2022-02-25,153.7884979248047,0.01605793012842116,0.9323368914157367,-0.06766310858426328
2022-02-28,153.56300354003906,-0.0014662630028149382,0.9309698403256943,-0.0690301596743057
2022-03-01,151.14199829101562,-0.015765550251120253,0.9162925885257621,-0.08370741147423788
2022-03-02,152.05250549316406,0.0060241839623909055,0.9218125036424166,-0.07818749635758337
2022-03-03,147.89849853515625,-0.027319556126581324,0.8966289952109732,-0.10337100478902683
2022-03-04,145.64100646972656,-0.0152637929917393,0.8829430358376816,-0.11705696416231837
2022-03-07,137.4530029296875,-0.05622045424233624,0.8333035772927798,-0.16669642270722018
2022-03-08,136.01449584960938,-0.010465446730283379,0.8245826830944677,-0.1754173169055323
2022-03-09,139.2790069580078,0.024001199930983708,0.844373656931045,-0.15562634306895495
2022-03-10,146.8175048828125,0.05412515560997311,0.8900755125054,-0.10992448749460004
2022-03-11,145.52450561523438,-0.008806846762653975,0.8822367538595742,-0.11776324614042577
2022-03-14,141.85299682617188,-0.025229488143872714,0.8599783721379853,-0.14002162786201466
2022-03-15,147.3665008544922,0.038867730338306705,0.8934037796030205,-0.10659622039697947
2022-03-16,153.10400390625,0.038933563723705156,0.9281871725871937,-0.07181282741280626
2022-03-17,157.23899841308594,0.027007748989816838,0.9532554187599964,-0.04674458124000358
2022-03-18,161.25050354003906,0.025512151358369817,0.9775750152865876,-0.022424984713412366
2022-03-21,161.4915008544922,0.0014945523217748669,0.9790360522953933,-0.020963947704606745
2022-03-22,164.88900756835938,0.02103830044237709,0.9996333069075025,-0.00036669309249748316
2022-03-23,163.4080047607422,-0.008981816492546923,0.9906547839850215,-0.009345216014978508
2022-03-24,163.64950561523438,0.0014779010051912955,0.9921188736860705,-0.007881126313929454
2022-03-25,164.77349853515625,0.006868294014676479,0.9989330378080562,-0.0010669621919437988
2022-03-28,168.99049377441406,0.025592678900108856,1.024498410287388,0.024498410287387973
2022-03-29,169.31500244140625,0.00192027764251268,1.0264657316794525,0.026465731679452542
2022-03-30,166.30099487304688,-0.01780118433038691,1.008193425981001,0.008193425981001035
2022-03-31,162.99749755859375,-0.019864567358571672,0.9881660997601323,-0.011833900239867745
2022-04-01,163.55999755859375,0.003450973226124532,0.9915762345133684,-0.008423765486631596
2022-04-04,168.34649658203125,0.029264484561530857,1.0205942019198657,0.020594201919865718
2022-04-05,164.05499267578125,-0.025492089193307588,0.9945771234943519,-0.0054228765056481
2022-04-06,158.75599670410156,-0.032300120131985244,0.96245216292496,-0.03754783707503995
2022-04-07,157.7845001220703,-0.0061194323502751224,0.9565625020235647,-0.04343749797643526
2022-04-08,154.4604949951172,-0.021066740550443774,0.936410847973151,-0.063589152026849
2022-04-11,151.1219940185547,-0.021613947156313595,0.9161713133884605,-0.08382868661153953
2022-04-12,150.78750610351562,-0.002213363562407644,0.9141434931864832,-0.08585650681351675
2022-04-13,155.54100036621094,0.03152445706895657,0.9429613704923065,-0.05703862950769345
2022-04-14,151.7064971923828,-0.024652684274885983,0.9197148415421459,-0.08028515845785411
2022-04-18,152.78500366210938,0.007109164667870926,0.9262532457981538,-0.07374675420184618
2022-04-19,158.11549377441406,0.03488883060861969,0.9585691383914898,-0.04143086160851017
2022-04-20,153.9980010986328,-0.026041044919075107,0.933606996400598,-0.06639300359940203
2022-04-21,148.29600524902344,-0.037026427673936824,0.8990388644724898,-0.10096113552751018
2022-04-22,144.35000610351562,-0.026608937569704394,0.8751163954550034,-0.12488360454499658
2022-04-25,146.07400512695312,0.011943186356370372,0.8855680736494377,-0.11443192635056232
2022-04-26,139.39100646972656,-0.0457507730510871,0.8450526496906139,-0.1549473503093861
2022-04-27,138.16700744628906,-0.008781047317448887,0.837632202387945,-0.162367797612055
2022-04-28,144.59649658203125,0.04653418536434306,0.8766107345610086,-0.12338926543899142
2022-04-29,124.28150177001952,-0.14049437774923412,0.7534518548805607,-0.24654814511943934
2022-05-02,124.5,0.0017580913238786078,0.7547764920495864,-0.2452235079504136
2022-05-03,124.25350189208984,-0.0019799044812061073,0.7532821066906684,-0.24671789330933158
2022-05-04,125.92849731445312,0.01348046853293483,0.7634367024263349,-0.23656329757366512
2022-05-05,116.40699768066406,-0.07561036490424522,0.705712974774586,-0.29428702522541395
2022-05-06,114.77249908447266,-0.014041240035030156,0.6958038894999409,-0.3041961105000591
2022-05-09,108.78900146484376,-0.05213354825727923,0.6595291638490931,-0.3404708361509069
2022-05-10,108.85900115966795,0.0006434445934941913,0.6599535343238235,-0.34004646567617647
2022-05-11,105.37200164794922,-0.03203225709010693,0.6388137330448381,-0.36118626695516187
2022-05-12,106.93049621582033,0.014790404884573505,0.6482620468023972,-0.3517379531976028
2022-05-13,113.05500030517578,0.05727556035084902,0.6853916187871928,-0.3146083812128072
2022-05-16,110.8105010986328,-0.01985316173972207,0.6717844281243607,-0.3282155718756393
2022-05-17,115.36849975585938,0.04113327357999652,0.6994171207931815,-0.3005828792068185
2022-05-18,107.1125030517578,-0.07156196640827228,0.6493654562896094,-0.3506345437103906
2022-05-19,107.31900024414062,0.0019278532990965047,0.6506173376268366,-0.3493826623731634
2022-05-20,107.59100341796876,0.0025345295167618076,0.6522663464731688,-0.34773365352683117
2022-05-23,107.55699920654295,-0.00031605069518414464,0.6520601972409208,-0.3479398027590792
2022-05-24,104.0999984741211,-0.03214110432537587,0.6311022624149751,-0.36889773758502487
2022-05-25,106.7750015258789,0.025696475417555487,0.6473193661870852,-0.3526806338129148
2022-05-26,111.07749938964844,0.04029499229486544,0.6734030950599109,-0.3265969049400891
2022-05-27,115.14649963378906,0.036632083603781895,0.698071253537191,-0.301928746462809
2022-05-31,120.20950317382812,0.04397010379074828,0.728765519008559,-0.271234480991441
2022-06-01,121.68399810791016,0.012266042992872705,0.7377045881964411,-0.26229541180355886
2022-06-02,125.51100158691406,0.03145034300738625,0.7609056505333418,-0.2390943494666582
2022-06-03,122.3499984741211,-0.025185068024527135,0.7417421899644125,-0.25825781003558745
2022-06-06,124.79000091552734,0.01994280728922404,0.7565346115171598,-0.24346538848284016
2022-06-07,123.0,-0.014344105316090427,0.7456827993742902,-0.25431720062570984
2022-06-08,121.18000030517578,-0.014796745486375773,0.7346491207783806,-0.2653508792216194
2022-06-09,116.1500015258789,-0.04150848957443054,0.7041549454076866,-0.29584505459231336
2022-06-10,109.6500015258789,-0.05596211721574329,0.6647489438147364,-0.33525105618526363
2022-06-13,103.66999816894533,-0.05453719355874531,0.6284954019979406,-0.37150459800205937
2022-06-14,102.30999755859376,-0.013118555361940287,0.6202504502721057,-0.3797495497278943
2022-06-15,107.66999816894533,0.052389802934770247,0.6527452491320638,-0.3472547508679362
2022-06-16,103.66000366210938,-0.037243378610853695,0.6284348106822023,-0.3715651893177977
2022-06-17,106.22000122070312,0.02469609751257895,0.643954698047109,-0.35604530195289097
2022-06-21,108.68000030517578,0.023159471438541024,0.6588683484842454,-0.34113165151575464
2022-06-22,108.9499969482422,0.0024843268523027096,0.6605051928145171,-0.33949480718548286
2022-06-23,112.44000244140624,0.032033093996523876,0.6816632177411367,-0.3183367822588633
2022-06-24,116.45999908447266,0.03575237064906056,0.7060342937596491,-0.2939657062403509
2022-06-27,113.22000122070312,-0.027820692849391482,0.6863919305318249,-0.3136080694681751
2022-06-28,107.4000015258789,-0.05140434227234392,0.6511084048017921,-0.3488915951982079
2022-06-29,108.91999816894533,0.014152668728781848,0.6603233263614775,-0.3396766736385225
2022-06-30,106.20999908447266,-0.024880638358708018,0.6438940604784584,-0.35610593952154157
2022-07-01,109.55999755859376,0.03154127203651269,0.6642032982027043,-0.3357967017972957
2022-07-05,113.5,0.035962053023039564,0.6880894124307477,-0.3119105875692523
2022-07-06,114.33000183105467,0.007312791463036872,0.6931212668117773,-0.3068787331882227
2022-07-07,116.33000183105467,0.01749322109655349,0.705246190378839,-0.29475380962116104
2022-07-08,115.54000091552734,-0.006791033294013427,0.7004568400195001,-0.29954315998049985
2022-07-11,111.75,-0.03280250030721621,0.6774801043095688,-0.32251989569043116
2022-07-12,109.22000122070312,-0.022639810105564928,0.6621420833977019,-0.33785791660229814
2022-07-13,110.4000015258789,0.010803884746268588,0.6692957901523848,-0.33070420984761517
2022-07-14,110.62999725341795,0.002083294604711794,0.6706901304609656,-0.3293098695390344
2022-07-15,113.5500030517578,0.02639434033114041,0.6883925540210892,-0.31160744597891077
2022-07-18,113.76000213623048,0.0018493974357443044,0.6896656654452813,-0.3103343345547187
2022-07-19,118.20999908447266,0.03911741266419089,0.7166436018808282,-0.2833563981191718
2022-07-20,122.7699966430664,0.03857539627705431,0.7442884128127967,-0.2557115871872033
2022-07-21,124.62999725341795,0.01515028639903937,0.755564595430397,-0.244435404569603
2022-07-22,122.41999816894533,-0.01773248120979176,0.7421665604391435,-0.25783343956085647
2022-07-25,121.13999938964844,-0.010455798059483934,0.7344066167566901,-0.26559338324330994
2022-07-26,114.80999755859376,-0.052253606265046604,0.696031222566241,-0.30396877743375905
2022-07-27,120.97000122070312,0.05365389594199388,0.7333760093541888,-0.2666239906458112
2022-07-28,122.27999877929688,0.010829110898360028,0.741317819489682,-0.258682180510318
2022-07-29,134.9499969482422,0.10361464095050721,0.8181291991863183,-0.18187080081368168
2022-08-01,135.38999938964844,0.0032604850044939404,0.820796697172004,-0.179203302827996
2022-08-02,134.16000366210938,-0.009084834427092181,0.8133398950798922,-0.18666010492010776
2022-08-03,139.52000427246094,0.039952299225118226,0.8458346939398503,-0.15416530606014966
2022-08-04,142.57000732421875,0.021860686341448332,0.8643252208807843,-0.13567477911921566
2022-08-05,140.8000030517578,-0.012414983387324718,0.8535946376223036,-0.1464053623776964
2022-08-08,139.41000366210938,-0.009872154542052702,0.8451678194434288,-0.15483218055657122
2022-08-09,137.8300018310547,-0.011333489631663474,0.8355891187247511,-0.16441088127524894
2022-08-10,142.69000244140625,0.0352608325167747,0.8650526866929439,-0.13494731330705612
2022-08-11,140.63999938964844,-0.014366830308238487,0.8526246215355405,-0.14737537846445947
2022-08-12,143.5500030517578,0.020691152408548463,0.8702664075270133,-0.12973359247298666
2022-08-15,143.17999267578125,-0.0025775713556979163,0.8680232337631456,-0.1319767662368544
2022-08-16,144.77999877929688,0.0111747882760318,0.8777232096191252,-0.1222767903808748
2022-08-17,142.10000610351562,-0.01851079360669594,0.8614758564420588,-0.13852414355794118
2022-08-18,142.3000030517578,0.0014074379989574837,0.8626883302975998,-0.13731166970240016
2022-08-19,138.22999572753906,-0.02860159688639219,0.8380140664358331,-0.1619859335641669
2022-08-22,133.22000122070312,-0.036243902638259384,0.807641166202441,-0.19235883379755903
2022-08-23,133.6199951171875,0.003002506326521548,0.810066113913523,-0.189933886086477
2022-08-24,133.8000030517578,0.001347163157822573,0.8111574051375878,-0.18884259486241217
2022-08-25,137.27999877929688,0.026008936084948253,0.8322547462426438,-0.16774525375735616
2022-08-26,130.75,-0.04756700784791723,0.7926668781966536,-0.2073331218033464
2022-08-29,129.7899932861328,-0.007342307563037775,0.7868468741819008,-0.2131531258180992
2022-08-30,128.72999572753906,-0.008167020675137082,0.7804206794922902,-0.21957932050770979
2022-08-31,126.7699966430664,-0.015225659516225343,0.7685382599469194,-0.23146174005308062
2022-09-01,127.81999969482422,0.008282741023605045,0.7749038633207918,-0.22509613667920825
2022-09-02,127.51000213623048,-0.002425266463259801,0.7730245149688294,-0.2269754850311706
2022-09-06,126.11000061035156,-0.010979542799969266,0.7645370592213037,-0.23546294077869634
2022-09-07,129.47999572753906,0.026722663554652915,0.7849675258299383,-0.21503247417006166
2022-09-08,129.82000732421875,0.0026259778181887405,0.7870288331407662,-0.21297116685923378
2022-09-09,133.27000427246094,0.02657523304266962,0.8079443077927824,-0.19205569220721763
2022-09-12,136.4499969482422,0.023861278411006825,0.8272228918616141,-0.17277710813838587
2022-09-13,126.81999969482422,-0.0705752837581286,0.768841401537261,-0.231158598462739
2022-09-14,128.5500030517578,0.01364140798846103,0.779329480774051,-0.22067051922594905
2022-09-15,126.27999877929688,-0.0176585314552421,0.7655676666238049,-0.23443233337619507
2022-09-16,123.52999877929688,-0.021777003694830932,0.7488958967190953,-0.2511041032809047
2022-09-19,124.66000366210938,0.009147615105472573,0.7557465081363494,-0.24425349186365064
2022-09-20,122.19000244140624,-0.019813903001303257,0.7407722201305621,-0.2592277798694379
2022-09-21,118.54000091552734,-0.02987152347123634,0.7186442253700922,-0.2813557746299078
2022-09-22,117.30999755859376,-0.010376272544574183,0.7111873770250677,-0.28881262297493226
2022-09-23,113.77999877929688,-0.0300912015408894,0.6897868943296699,-0.3102131056703301
2022-09-26,115.1500015258789,0.012040804722097675,0.6980924836241557,-0.30190751637584434
2022-09-27,114.41000366210938,-0.006426381710496365,0.6936062748551584,-0.30639372514484164
2022-09-28,118.01000213623048,0.0314657666190894,0.7154311280252867,-0.28456887197471326
2022-09-29,114.8000030517578,-0.027201076403397306,0.6959706312505022,-0.3040293687494978
2022-09-30,113.0,-0.015679468675155572,0.6850581815389817,-0.3149418184610183
2022-10-03,115.87999725341795,0.02548670135768094,0.7025180548245017,-0.2974819451754983
2022-10-04,121.08999633789062,0.04496029692750958,0.7341034751663478,-0.2658965248336522
2022-10-05,120.9499969482422,-0.001156159830559167,0.7332547342168866,-0.2667452657831134
2022-10-06,120.3000030517578,-0.005374071210291542,0.7293141710599217,-0.2706858289400783
2022-10-07,114.55999755859376,-0.04771409266460669,0.6945156071203578,-0.30548439287964224
2022-10-10,113.66999816894533,-0.007768849586377025,0.6891200198332483,-0.31087998016675167
2022-10-11,112.20999908447266,-0.01284419027000161,0.6802688311796428,-0.31973116882035724
2022-10-12,112.9000015258789,0.006149206372302096,0.6844519446112112,-0.31554805538878883
2022-10-13,112.52999877929688,-0.00327726077574253,0.6822088171002562,-0.31779118289974384
2022-10-14,106.9000015258789,-0.05003107895219994,0.6480771739100263,-0.3519228260899737
2022-10-17,113.79000091552734,0.06445275295885255,0.6898475318983205,-0.3101524681016795
2022-10-18,116.36000061035156,0.022585461588422673,0.7054280568318781,-0.29457194316812185
2022-10-19,115.06999969482422,-0.01108629175628062,0.6976074755807739,-0.30239252441922615
2022-10-20,115.25,0.0015642678860967596,0.6986987205519258,-0.30130127944807417
2022-10-21,119.31999969482422,0.03531453097461368,0.7233729381607797,-0.27662706183922026
2022-10-24,119.81999969482422,0.004190412347291339,0.7264041690525451,-0.2735958309474549
2022-10-25,120.5999984741211,0.006509754475742646,0.731132881843233,-0.268867118156767
2022-10-26,115.66000366210938,-0.040961814879887926,0.7011843520845715,-0.2988156479154285
2022-10-27,110.95999908447266,-0.04063638620803933,0.672690753950229,-0.32730924604977096
2022-10-28,103.41000366210938,-0.06804249715805744,0.6269191952363191,-0.3730808047636809
2022-10-31,102.44000244140624,-0.009380148789788323,0.6210385999058281,-0.3789614000941719
2022-11-01,96.79000091552734,-0.05515425020719411,0.5867856815782966,-0.4132143184217034
2022-11-02,92.12000274658205,-0.04824876665742572,0.5584739961499068,-0.4415260038500932
2022-11-03,89.30000305175781,-0.030612240672440283,0.5413778557704664,-0.4586221442295336
2022-11-04,90.9800033569336,0.01881299269611514,0.5515627934169146,-0.4484372065830854
2022-11-07,90.52999877929688,-0.00494619214148917,0.548834657862578,-0.451165342137422
2022-11-08,89.9800033569336,-0.006075283660437414,0.5455003316333837,-0.45449966836661626
2022-11-09,86.13999938964844,-0.042676192754212194,0.5222204543331108,-0.4777795456668892
2022-11-10,96.62999725341795,0.12177847617944271,0.5858156654915333,-0.4141843345084667
2022-11-11,100.79000091552734,0.04305085149903842,0.6110355287124196,-0.3889644712875804
2022-11-14,98.48999786376952,-0.022819754250081536,0.5970918481091335,-0.4029081518908665
2022-11-15,98.94000244140624,0.004569038353104293,0.5998199836634701,-0.4001800163365299
2022-11-16,97.12000274658205,-0.018394983322362668,0.5887863050675607,-0.4112136949324393
2022-11-17,94.8499984741211,-0.023373189953300733,0.5750244909173146,-0.42497550908268544
2022-11-18,94.13999938964844,-0.007485493894513584,0.5707201486013572,-0.4292798513986428
2022-11-21,92.45999908447266,-0.017845764989037338,0.560535210954909,-0.439464789045091
2022-11-22,93.1999969482422,0.008003437930963697,0.5650214197239063,-0.4349785802760937
2022-11-23,94.12999725341795,0.009978544373689502,0.5706595110327063,-0.4293404889672937
2022-11-25,93.41000366210938,-0.007648928209040617,0.5662945774010109,-0.43370542259898914
2022-11-28,93.9499969482422,0.00578089353348199,0.5695682660615543,-0.4304317339384457
2022-11-29,92.41999816894533,-0.016285245651894598,0.5602927069332182,-0.4397072930667818
2022-11-30,96.54000091552734,0.04457912603558567,0.5852700661324136,-0.4147299338675864
2022-12-01,95.5,-0.010772746070691896,0.5789651003271921,-0.42103489967280794
2022-12-02,94.12999725341795,-0.014345578498241363,0.5706595110327062,-0.4293404889672938
2022-12-05,91.01000213623048,-0.03314559872755318,0.5517446598699544,-0.44825534013004564
2022-12-06,88.25,-0.03032636052572668,0.5350122523965937,-0.46498774760340633
2022-12-07,88.45999908447266,0.0023795930251859776,0.5362853638207856,-0.4637146361792144
2022-12-08,90.3499984741211,0.021365582288144003,0.5477434128914258,-0.4522565871085742
2022-12-09,89.08999633789062,-0.01394579034322141,0.5401046980933615,-0.4598953019066385
2022-12-12,90.5500030517578,0.01638799835988114,0.5489559329998795,-0.45104406700012045
2022-12-13,92.48999786376952,0.02142456926150338,0.5607170774079486,-0.4392829225920514
2022-12-14,91.58000183105467,-0.009838858835905628,0.5552002612364503,-0.4447997387635497
2022-12-15,88.44999694824219,-0.03417782070573294,0.5362247262521348,-0.4637752737478652
2022-12-16,87.86000061035156,-0.006670394101153776,0.5326478960012497,-0.46735210399875027
2022-12-19,84.91999816894531,-0.033462353983410575,0.5148242435567371,-0.48517575644326294
2022-12-20,85.19000244140625,0.0031795134041781026,0.5164611341399216,-0.48353886586007844
2022-12-21,86.7699966430664,0.018546709195681466,0.5260397886056866,-0.47396021139431344
2022-12-22,83.79000091552734,-0.034343619255829294,0.5079736783923959,-0.49202632160760407
2022-12-23,85.25,0.01742450254827599,0.5168248670460014,-0.4831751329539986
2022-12-27,83.04000091552734,-0.025923742926365456,0.5034268320547478,-0.4965731679452522
2022-12-28,81.81999969482422,-0.01469172937442731,0.49603062127837416,-0.5039693787216258
2022-12-29,84.18000030517578,0.02884381103830358,0.5103380347877399,-0.48966196521226013
2022-12-30,84.0,-0.002138278742257471,0.5092467898165878,-0.4907532101834122
2023-01-03,85.81999969482422,0.021666663033621747,0.5202804684124974,-0.4797195315875026
2023-01-04,85.13999938964844,-0.007923564525679994,0.51615799254958,-0.48384200745042005
2023-01-05,83.12000274658203,-0.023725589118479662,0.5039118400981293,-0.4960881599018707
2023-01-06,86.08000183105469,0.035611152390083056,0.5218567214270309,-0.4781432785729691
2023-01-09,87.36000061035156,0.01486987397850048,0.5296166651094842,-0.47038333489051576
2023-01-10,89.87000274658203,0.028731709234134817,0.5448334571369621,-0.4551665428630379
2023-01-11,95.08999633789062,0.058083825879343465,0.5764794687945461,-0.42352053120545385
2023-01-12,95.2699966430664,0.0018929468094222024,0.5775707137656982,-0.42242928623430176
2023-01-13,98.12000274658205,0.029915043601747238,0.5948487668510913,-0.40515123314890866
2023-01-17,96.0500030517578,-0.02109661268732843,0.582299472809299,-0.41770052719070105
2023-01-18,95.45999908447266,-0.00614267515397382,0.5787225963055012,-0.42127740369449884
2023-01-19,93.68000030517578,-0.01864654092151996,0.5679314217312823,-0.4320685782687177
2023-01-20,97.25,0.03810845093076898,0.5895744084483707,-0.4104255915516293
2023-01-23,97.5199966430664,0.002776315095798454,0.5912112527786424,-0.4087887472213576
2023-01-24,96.31999969482422,-0.012305137300550828,0.5839363171395705,-0.4160636828604295
2023-01-25,97.18000030517578,0.008928577793566816,0.5891500379736401,-0.4108499620263599
2023-01-26,99.22000122070312,0.02099198301215366,0.6015174655623924,-0.3984825344376076
2023-01-27,102.23999786376952,0.03043737760442844,0.6198260797973737,-0.3801739202026263
2023-01-30,100.5500030517578,-0.01652968356145279,0.6095805508351874,-0.39041944916481264
2023-01-31,103.12999725341795,0.025658817736008643,0.6252216670844832,-0.37477833291551677
2023-02-01,105.1500015258789,0.019586971068148662,0.6374678657888467,-0.36253213421115327
2023-02-02,112.91000366210938,0.07379935352944922,0.6845125821798613,-0.31548741782013867
2023-02-03,103.38999938964844,-0.08431497620839845,0.6267979200990169,-0.3732020799009831
2023-02-06,102.18000030517578,-0.011703250716856073,0.6194623468912942,-0.3805376531087058
2023-02-07,102.11000061035156,-0.0006850625818668465,0.6190379764165636,-0.38096202358343645
2023-02-08,100.0500030517578,-0.02017429777965285,0.6065493199434221,-0.3934506800565779
2023-02-09,98.23999786376952,-0.01809100582487666,0.5955762326632507,-0.40442376733674934
2023-02-10,97.61000061035156,-0.006412838631079554,0.5917568983906749,-0.4082431016093251
2023-02-13,99.54000091552734,0.019772567289289666,0.6034574514830059,-0.3965425485169941
2023-02-14,99.6999969482422,0.0016073541414836079,0.6044274213168562,-0.39557257868314377
2023-02-15,101.16000366210938,0.014643999584324163,0.6132786562233744,-0.3867213437766256
2023-02-16,98.1500015258789,-0.02975486385196624,0.5950306333041311,-0.4049693666958689
2023-02-17,97.1999969482422,-0.009679109147911924,0.5892712668580292,-0.4107287331419708
2023-02-21,94.58000183105467,-0.02695468312187954,0.5733876465870426,-0.42661235341295745
2023-02-22,95.79000091552734,0.012793392483054333,0.5807232197947655,-0.4192767802052345
2023-02-23,95.81999969482422,0.000313172345862478,0.5809050862478055,-0.41909491375219454
2023-02-24,93.5,-0.024212061179431754,0.5668401767601305,-0.43315982323986946
2023-02-27,93.76000213623048,0.0027807715104863906,0.5684164297746642,-0.4315835702253358
2023-02-28,94.2300033569336,0.005012811540044737,0.5712657942133896,-0.42873420578661037
2023-03-01,92.16999816894533,-0.021861457228067538,0.5587770914873356,-0.44122290851266444
2023-03-02,92.12999725341795,-0.0004339906295109941,0.5585345874656447,-0.44146541253435534
2023-03-03,94.9000015258789,0.030066258059702644,0.5753276325076563,-0.4246723674923437
2023-03-06,93.75,-0.012118034851298809,0.5683557922060133,-0.4316442077939867
2023-03-07,93.5500030517578,-0.0021333007812501803,0.5671433183504722,-0.43285668164952784
2023-03-08,93.91999816894533,0.003955051898638873,0.5693863996085146,-0.43061360039148544
2023-03-09,92.25,-0.017781071140368865,0.559262099530717,-0.44073790046928296
2023-03-10,90.7300033569336,-0.0164769283801236,0.5500471779710319,-0.44995282202896814
2023-03-13,92.43000030517578,0.01873687738723384,0.5603533445018691,-0.43964665549813087
2023-03-14,94.87999725341795,0.0265065123894086,0.5752063573703545,-0.4247936426296455
2023-03-15,96.1999969482422,0.013912307472971452,0.5832088050744988,-0.4167911949255012
2023-03-16,100.04000091552734,0.039916882423095545,0.6064886823747716,-0.3935113176252284
2023-03-17,98.9499969482422,-0.010895681300578275,0.5998805749792084,-0.40011942502079156
2023-03-20,97.70999908447266,-0.012531560404374309,0.5923631353184456,-0.40763686468155436
2023-03-21,100.61000061035156,0.029679680207260972,0.6099442837412675,-0.3900557162587325
2023-03-22,98.6999969482422,-0.018984232685839375,0.5983649595333257,-0.4016350404666743
2023-03-23,98.70999908447266,0.0001013387693993284,0.5984255971019765,-0.4015744028980235
2023-03-24,98.12999725341795,-0.00587581639584811,0.5949093581668295,-0.40509064183317045
2023-03-27,98.04000091552734,-0.0009171134251455548,0.59436375880771,-0.40563624119229
2023-03-28,97.23999786376952,-0.008159965772002842,0.5895137708797201,-0.4104862291202799
2023-03-29,100.25,0.0309543624265336,0.6077617937989634,-0.39223820620103655
2023-03-30,102.0,0.0174563591022443,0.6183711019201423,-0.38162889807985767
2023-03-31,103.29000091552734,0.012647067799287592,0.6261916831712465,-0.3738083168287535
2023-04-03,102.41000366210938,-0.008519675143944028,0.620856733452788,-0.379143266547212
2023-04-04,103.9499969482422,0.015037527888524194,0.6301928838968623,-0.36980711610313766
2023-04-05,101.0999984741211,-0.027417013542964774,0.6129148770643821,-0.3870851229356179
2023-04-06,102.05999755859376,0.009495540049077267,0.6187348348262222,-0.38126516517377784
2023-04-10,102.16999816894533,0.0010778033801970288,0.6194017093226435,-0.3805982906773565
2023-04-11,99.91999816894533,-0.02202212039075757,0.6057611703096992,-0.3942388296903008
2023-04-12,97.83000183105467,-0.020916697119598426,0.5930906473835178,-0.4069093526164822
2023-04-13,102.4000015258789,0.04671368301429957,0.6207960958841372,-0.3792039041158628
2023-04-14,102.51000213623048,0.001074224694457504,0.6214629703805588,-0.37853702961944125
2023-04-17,102.73999786376952,0.0022436418178333195,0.6228573106891395,-0.3771426893108605
2023-04-18,102.3000030517578,-0.004282604839014548,0.6201898589563666,-0.3798101410436334
2023-04-19,104.3000030517578,0.019550341547772243,0.6323147825234282,-0.3676852174765718
2023-04-20,103.80999755859376,-0.004698039106680318,0.629344142947401,-0.37065585705259896
2023-04-21,106.95999908447266,0.030343912917452087,0.6484409068161054,-0.35155909318389456
2023-04-24,106.20999908447266,-0.007011967150520215,0.6438940604784573,-0.3561059395215427
2023-04-25,102.56999969482422,-0.03427172037496595,0.6218267032866382,-0.37817329671336175
2023-04-26,104.9800033569336,0.023496184744855597,0.6364372583863456,-0.3635627416136544
2023-04-27,109.81999969482422,0.046103983455159314,0.6657795512172366,-0.33422044878276336
2023-04-28,105.4499969482422,-0.039792412663683274,0.6392865765721585,-0.3607134234278415
2023-05-01,102.0500030517578,-0.0322427121373291,0.6186742435104838,-0.38132575648951617
2023-05-02,103.62999725341795,0.015482549283793778,0.6282528979762487,-0.3717471020237513
2023-05-03,103.6500015258789,0.00019303553981608879,0.6283741731135506,-0.3716258268864494
2023-05-04,104.0,0.0033767339022539034,0.6304960254872038,-0.36950397451279615
2023-05-05,105.66000366210938,0.015961573674128537,0.640559734249263,-0.35944026575073695
2023-05-08,105.83000183105467,0.0016089169321718,0.6415903416517642,-0.3584096583482358
2023-05-09,106.62000274658205,0.007464810562779034,0.6463796920111033,-0.35362030798889665
2023-05-10,110.19000244140624,0.033483395262233095,0.6680226787281917,-0.33197732127180835
2023-05-11,112.18000030517578,0.01805969525073503,0.6800869647266025,-0.31991303527339754
2023-05-12,110.26000213623048,-0.01711533396079612,0.6684470492029225,-0.3315529507970775
2023-05-15,111.1999969482422,0.008525256609829501,0.6741457318274607,-0.32585426817253926
2023-05-16,113.4000015258789,0.0197842143706235,0.6874831755029761,-0.3125168244970239
2023-05-17,115.5,0.018518504813616277,0.7002143359978081,-0.29978566400219187
2023-05-18,118.1500015258789,0.022943736154795724,0.7162798689747474,-0.2837201310252526
2023-05-19,116.25,-0.01608126535201726,0.7047611823354563,-0.29523881766454374
2023-05-22,115.01000213623048,-0.010666648290490466,0.6972437426746937,-0.3027562573253063
2023-05-23,114.98999786376952,-0.00017393506729324049,0.6971224675373918,-0.3028775324626082
2023-05-24,116.75,0.015305697616549097,0.7077924132272218,-0.29220758677277825
2023-05-25,115.0,-0.01498929336188437,0.6971831051060429,-0.30281689489395713
2023-05-26,120.11000061035156,0.04443478791610045,0.7281622885201182,-0.2718377114798818
2023-05-30,121.66000366210938,0.01290486257498391,0.7375591227857561,-0.2624408772142439
2023-05-31,120.58000183105467,-0.00887721353399129,0.7310116529588436,-0.2689883470411564
2023-06-01,122.7699966430664,0.01816217265513198,0.7442884128127956,-0.25571158718720444
2023-06-02,124.25,0.01205508998453797,0.7532608766037028,-0.24673912339629722
2023-06-05,125.3000030517578,0.00845072878678299,0.759626479977575,-0.24037352002242496
2023-06-06,126.61000061035156,0.01045488848114906,0.7675682901130684,-0.23243170988693163
2023-06-07,121.2300033569336,-0.04249267220189956,0.7349522623687212,-0.26504773763127876
2023-06-08,124.25,0.024911297199049942,0.7532608766037026,-0.24673912339629744
2023-06-09,123.43000030517578,-0.006599595129369917,0.7482896597913239,-0.2517103402086761
2023-06-12,126.56999969482422,0.025439515368102628,0.7673257860913776,-0.23267421390862242
2023-06-13,126.66000366210938,0.0007111003199982147,0.76787143170341,-0.23212856829659
2023-06-14,126.41999816894533,-0.001894879884926537,0.7664164075732655,-0.23358359242673454
2023-06-15,127.11000061035156,0.005458016543269828,0.7705995210048338,-0.22940047899516625
2023-06-16,125.48999786376952,-0.012744888197649185,0.7607783162644651,-0.23922168373553487
2023-06-20,125.77999877929688,0.002310948445805039,0.7625364357320387,-0.23746356426796134
2023-06-21,124.83000183105467,-0.007552845901271921,0.7567771155388494,-0.2432228844611506
2023-06-22,130.14999389648438,0.04261789623803569,0.789029364124204,-0.210970635875796
2023-06-23,129.3300018310547,-0.006300361919969633,0.784058193564738,-0.21594180643526195
2023-06-26,127.33000183105467,-0.015464315871677181,0.7719332699976763,-0.2280667300023237
2023-06-27,129.17999267578125,0.014529104045574393,0.783148768793713,-0.21685123120628702
2023-06-28,129.0399932861328,-0.001083754432466999,0.7823000278442517,-0.21769997215574832
2023-06-29,127.9000015258789,-0.008834406537251538,0.7753888713641723,-0.22461112863582766
2023-06-30,130.36000061035156,0.019233769000189582,0.7903025218013086,-0.20969747819869144
2023-07-03,130.22000122070312,-0.0010739443770555468,0.7894537808518473,-0.21054621914815275
2023-07-05,130.3800048828125,0.0012287180203460757,0.7904237969386103,-0.2095762030613897
2023-07-06,128.36000061035156,-0.015493205988729275,0.7781775982342469,-0.22182240176575307
2023-07-07,129.77999877929688,0.011062622017709689,0.7867862828661616,-0.2132137171338384
2023-07-10,127.12999725341795,-0.02041918285409683,0.7707207498892222,-0.22927925011077777
2023-07-11,128.77999877929688,0.012978852839820698,0.7807238210826307,-0.21927617891736928
2023-07-12,130.8000030517578,0.01568569880112225,0.7929700197869941,-0.2070299802130059
2023-07-13,134.3000030517578,0.026758409161619312,0.8141886360293519,-0.18581136397064812
2023-07-14,134.67999267578125,0.002829408900884234,0.8164923086031322,-0.18350769139686784
2023-07-17,133.55999755859375,-0.008315972513331604,0.8097023810074419,-0.19029761899255815
2023-07-18,132.8300018310547,-0.005465676406731013,0.8052768098070956,-0.1947231901929044
2023-07-19,135.36000061035156,0.019046892602732513,0.8206148307189624,-0.17938516928103765
2023-07-20,129.9600067138672,-0.03989357175040831,0.7878775740902263,-0.2121224259097737
2023-07-21,130.0,0.00030773533446226686,0.7881200318590043,-0.21187996814099574
2023-07-24,128.8000030517578,-0.009230745755709147,0.7808450962199324,-0.21915490378006763
2023-07-25,129.1300048828125,0.002562125956798944,0.7828457197091966,-0.21715428029080341
2023-07-26,128.14999389648438,-0.007589335934878205,0.776904440557142,-0.22309555944285797
2023-07-27,128.25,0.0007803832093540297,0.7775107237378254,-0.22248927626217463
2023-07-28,132.2100067138672,0.030877245332297854,0.8015181131031707,-0.19848188689682933
2023-07-31,133.67999267578125,0.011118568090654923,0.8104298468196015,-0.1895701531803985
2023-08-01,131.69000244140625,-0.014886223394710907,0.7983656070741035,-0.20163439292589647
2023-08-02,128.2100067138672,-0.026425663778747666,0.7772682659690475,-0.22273173403095248
2023-08-03,128.91000366210938,0.005459768439170398,0.781511970716354,-0.21848802928364597
2023-08-04,139.57000732421875,0.08269337801006271,0.8461378355301905,-0.1538621644698095
2023-08-07,142.22000122070312,0.01898684357254843,0.8622033222542169,-0.13779667774578308
2023-08-08,139.94000244140625,-0.016031491771390738,0.8483809167882327,-0.1516190832117673
2023-08-09,137.85000610351562,-0.01493494570121734,0.8357103938620515,-0.16428960613794852
2023-08-10,138.55999755859375,0.005150463718840648,0.840014689925096,-0.15998531007490402
2023-08-11,138.41000366210938,-0.0010825194798443905,0.8391053576598966,-0.16089464234010342
2023-08-14,140.57000732421875,0.015605834874352187,0.8522002973137212,-0.14779970268627884
2023-08-15,137.6699981689453,-0.020630355012962953,0.8346191026379866,-0.16538089736201345
2023-08-16,135.07000732421875,-0.018885675014943426,0.8188567575043019,-0.18114324249569813
2023-08-17,133.97999572753906,-0.008069975106044458,0.8122486038558259,-0.18775139614417413
2023-08-18,133.22000122070312,-0.005672447612115605,0.8076411662024396,-0.19235883379756036
2023-08-21,134.67999267578125,0.01095925117625085,0.8164923086031324,-0.18350769139686762
2023-08-22,134.25,-0.0031926989840012077,0.8138854944390104,-0.18611450556098963
2023-08-23,135.52000427246094,0.009459994580714559,0.8215848468057256,-0.17841515319427437
2023-08-24,131.83999633789062,-0.027154721211281152,0.799274939339303,-0.20072506066069695
2023-08-25,133.25999450683594,0.010770617478674804,0.8078836239712177,-0.1921163760287823
2023-08-28,133.13999938964844,-0.0009004586682715976,0.8071561581590582,-0.19284384184094183
2023-08-29,134.91000366210938,0.013294308852149106,0.8178867414175388,-0.1821132585824612
2023-08-30,135.07000732421875,0.0011860029483812262,0.8188567575043019,-0.18114324249569813
2023-08-31,138.00999450683594,0.021766395374215985,0.836680317442989,-0.16331968255701101
2023-09-01,138.1199951171875,0.0007970481467276525,0.8373471919394104,-0.16265280806058957
2023-09-05,137.27000427246094,-0.006154002858205887,0.8321941549269046,-0.16780584507309537
2023-09-06,135.36000061035156,-0.013914209970579572,0.8206148307189627,-0.17938516928103732
2023-09-07,137.85000610351562,0.018395430569861038,0.8357103938620516,-0.1642896061379484
2023-09-08,138.22999572753906,0.0027565441218631026,0.838014066435832,-0.16198593356416802
2023-09-11,143.10000610351562,0.035231212663680456,0.8675383182255885,-0.13246168177441153
2023-09-12,141.22999572753906,-0.013067856717097759,0.8562014517864245,-0.14379854821357552
2023-09-13,144.85000610351562,0.025632022130484877,0.8781476263467674,-0.12185237365323265
2023-09-14,144.72000122070312,-0.0008975138235036706,0.8773594767130442,-0.12264052328695585
2023-09-15,140.38999938964844,-0.029919857618376344,0.8511090060896567,-0.14889099391034333
2023-09-18,139.97999572753906,-0.0029204620264398073,0.8486233745570109,-0.15137662544298913
2023-09-19,137.6300048828125,-0.016788047695762587,0.8343766448692088,-0.16562335513079118
2023-09-20,135.2899932861328,-0.01700219075536713,0.8201904139913193,-0.1798095860086807
2023-09-21,129.3300018310547,-0.04405345369833069,0.784058193564738,-0.21594180643526195
2023-09-22,129.1199951171875,-0.0016238050792075631,0.7827850358876334,-0.21721496411236663
2023-09-25,131.27000427246094,0.01665124873434287,0.7958193842257199,-0.20418061577428015
2023-09-26,125.9800033569336,-0.040298626825268746,0.7637489558404924,-0.2362510441595076
2023-09-27,125.9800033569336,0.0,0.7637489558404924,-0.2362510441595076
2023-09-28,125.9800033569336,0.0,0.7637489558404924,-0.2362510441595076
2023-09-29,127.12000274658205,0.009049050319664964,0.7706601585734846,-0.22933984142651542
2023-10-02,129.4600067138672,0.01840783446134764,0.7848463431984612,-0.21515365680153875
2023-10-03,124.72000122070312,-0.03661366636292884,0.7561102410424281,-0.24388975895757192
2023-10-04,127.0,0.018280939360016735,0.7699326465084123,-0.2300673534915877
2023-10-05,125.95999908447266,-0.008188983586829512,0.7636276807031908,-0.23637231929680924
2023-10-06,127.95999908447266,0.015878056641289273,0.7757526042702524,-0.2242473957297476
2023-10-09,128.25999450683594,0.0023444468936362206,0.777571315053564,-0.22242868494643597
2023-10-10,129.47999572753906,0.009511938819224852,0.7849675258299378,-0.21503247417006222
2023-10-11,131.8300018310547,0.01814956889912689,0.7992143480235654,-0.2007856519764346
2023-10-12,132.3300018310547,0.0037927633547389927,0.8022455789153308,-0.19775442108466923
2023-10-13,129.7899932861328,-0.019194502454286222,0.7868468741819001,-0.21315312581809986
2023-10-16,132.5500030517578,0.021265196921155027,0.8035793279081735,-0.19642067209182645
2023-10-17,131.47000122070312,-0.008147882355257097,0.7970318580812612,-0.2029681419187388
2023-10-18,128.1300048828125,-0.025405007278304192,0.7767832579256665,-0.2232167420743335
2023-10-19,128.39999389648438,0.002107149015711185,0.7784200560030254,-0.22157994399697456
2023-10-20,125.16999816894533,-0.025155731161039308,0.7588383303438522,-0.24116166965614783
2023-10-23,126.55999755859376,0.011104892625885654,0.767265148522727,-0.23273485147727302
2023-10-24,128.55999755859375,0.015802781594350446,0.7793900720897885,-0.2206099279102115
2023-10-25,121.38999938964844,-0.055771610960691276,0.7359222322025717,-0.2640777677974283
2023-10-26,119.56999969482422,-0.01499299533713827,0.7248885536066622,-0.27511144639333784
2023-10-27,127.73999786376952,0.0683281608245998,0.7744188552774097,-0.22558114472259028
2023-10-30,132.7100067138672,0.03890722509168998,0.8045493439949368,-0.19545065600506317
2023-10-31,133.08999633789062,0.002863308000901066,0.8068530165687172,-0.19314698343128278
2023-11-01,137.0,0.02937864429857373,0.8305572643437208,-0.1694427356562792
2023-11-02,138.07000732421875,0.007810272439553012,0.8370441428548951,-0.16295585714510485
2023-11-03,138.60000610351562,0.0038386235328597973,0.8402572401997004,-0.15974275980029962
2023-11-06,139.74000549316406,0.008225103459209127,0.8471684429326924,-0.15283155706730756
2023-11-07,142.7100067138672,0.02125376487729147,0.865173961830245,-0.13482603816975502
2023-11-08,142.0800018310547,-0.004414580990635519,0.8613545813047564,-0.1386454186952436
2023-11-09,140.60000610351562,-0.010416636461610618,0.8523821637667619,-0.1476178362332381
2023-11-10,143.55999755859375,0.021052569890351647,0.8703269988427508,-0.12967300115724922
2023-11-13,142.58999633789062,-0.006756765374750118,0.8644464035122599,-0.13555359648774012
2023-11-14,145.8000030517578,0.02251214528584833,0.8839069465399569,-0.11609305346004306
2023-11-15,143.1999969482422,-0.017832688951265996,0.8681445089004466,-0.1318554910995534
2023-11-16,142.8300018310547,-0.0025837648398919777,0.8659014276424043,-0.1340985723575957
2023-11-17,145.17999267578125,0.016453061783939793,0.8801481573302065,-0.11985184266979354
2023-11-20,146.1300048828125,0.0065436854591447435,0.8859075700292212,-0.11409242997077884
2023-11-21,143.89999389648438,-0.015260459261028925,0.8723882136477531,-0.1276117863522469
2023-11-22,146.7100067138672,0.019527539517508297,0.889423808964368,-0.11057619103563199
2023-11-24,146.74000549316406,0.0002044767086364363,0.889605675417408,-0.11039432458259202
2023-11-27,147.72999572753906,0.006746559883569869,0.8956074533793752,-0.1043925466206248
2023-11-28,147.02999877929688,-0.00473835354015173,0.8913637486320688,-0.1086362513679312
2023-11-29,146.32000732421875,-0.0048288883967405605,0.8870594525690242,-0.11294054743097581
2023-11-30,146.08999633789062,-0.001571972217158657,0.8856650197546178,-0.11433498024538225
2023-12-01,147.02999877929688,0.006434406632690459,0.8913637486320688,-0.1086362513679312
2023-12-04,144.83999633789062,-0.014894936132684111,0.8780869425252043,-0.12191305747479575
2023-12-05,146.8800048828125,0.014084566393959497,0.8904544163668694,-0.1095455836331306
2023-12-06,144.52000427246094,-0.016067541747663228,0.8761470028575036,-0.12385299714249642
2023-12-07,146.8800048828125,0.016329923474831087,0.8904544163668692,-0.10954558363313083
2023-12-08,147.4199981689453,0.0036764247561378305,0.8937281050274126,-0.10627189497258738
2023-12-11,145.88999938964844,-0.010378502226973785,0.8844525458990765,-0.11554745410092349
2023-12-12,147.47999572753906,0.010898597193382598,0.8940918379334922,-0.10590816206650777
2023-12-13,148.83999633789062,0.009221593773735215,0.9023367896593272,-0.09766321034067282
2023-12-14,147.4199981689453,-0.00954043404920335,0.8937281050274125,-0.10627189497258749
2023-12-15,149.97000122070312,0.01729753821347546,0.9091874010765811,-0.09081259892341886
2023-12-18,154.07000732421875,0.027338841569267247,0.9340435313913876,-0.06595646860861237
2023-12-19,153.7899932861328,-0.0018174467759756174,0.9323459569866395,-0.06765404301336053
2023-12-20,152.1199951171875,-0.01085895208954335,0.9222216569088421,-0.07777834309115794
2023-12-21,153.83999633789062,0.011306871390431628,0.9326490985769811,-0.06735090142301892
2023-12-22,153.4199981689453,-0.0027300973670256745,0.9301028757285972,-0.06989712427140282
2023-12-26,153.41000366210938,-6.514474615582078e-05,0.9300422844128591,-0.06995771558714092
2023-12-27,153.33999633789062,-0.0004563413242133496,0.9296178676852157,-0.0703821323147843
2023-12-28,153.3800048828125,0.0002609139551152939,0.9298604179598193,-0.07013958204018067
2023-12-29,151.94000244140625,-0.009388462612883952,0.9211304581906029,-0.07886954180939709
2024-01-02,149.92999267578125,-0.013228970207501023,0.9089448508019776,-0.09105514919802238
2024-01-03,148.47000122070312,-0.00973782115920796,0.900093708401285,-0.099906291598715
2024-01-04,144.57000732421875,-0.026267891590348702,0.8764501444478451,-0.12354985555215492
2024-01-05,145.24000549316406,0.00463442024626004,0.8805119827421117,-0.11948801725788827
2024-01-08,149.10000610351562,0.026576703830634596,0.9039130889267737,-0.09608691107322631
2024-01-09,151.3699951171875,0.015224607114340927,0.9176748105711942,-0.08232518942880585
2024-01-10,153.72999572753906,0.015590940651907248,0.9319822240805599,-0.06801777591944014
2024-01-11,155.17999267578125,0.009432101662268044,0.9407727751655144,-0.059227224834485614
2024-01-12,154.6199951171875,-0.0036086969005325598,0.9373778113676692,-0.06262218863233082
2024-01-16,153.16000366210938,-0.009442449238027617,0.9285266689669766,-0.07147333103302345
2024-01-17,151.7100067138672,-0.009467203666572499,0.919736117882022,-0.08026388211797797
2024-01-18,153.5,0.011798781932089941,0.930587883771979,-0.06941211622802101
2024-01-19,155.33999633789062,0.011986946826648914,0.9417427912522774,-0.058257208747722555
2024-01-22,154.77999877929688,-0.003604979862209201,0.9383478274544323,-0.06165217254556765
2024-01-23,156.02000427246094,0.008011406531487353,0.9458653133681078,-0.05413468663189225
2024-01-24,156.8699951171875,0.005447960655367012,0.9510183503806136,-0.04898164961938645
2024-01-25,157.75,0.005609771850602074,0.9563533463519848,-0.04364665364801523
2024-01-26,159.1199951171875,0.008684596622424712,0.9646588893935578,-0.03534111060644218
2024-01-29,161.25999450683594,0.01344896590822775,0.9776325539100806,-0.022367446089919363
2024-01-30,159.0,-0.014014601164705653,0.9639314235813983,-0.03606857641860173
2024-01-31,155.1999969482422,-0.023899390262627773,0.940894050302816,-0.05910594969718397
2024-02-01,159.27999877929688,0.026288672108771616,0.9656289054803209,-0.034371094519679124
2024-02-02,171.80999755859375,0.07866649218561839,1.0415915442274957,0.04159154422749567
2024-02-05,170.30999755859375,-0.008730574595861018,1.0324978515521994,0.03249785155219942
2024-02-06,169.14999389648438,-0.00681113075414308,1.0254653736819055,0.02546537368190549
2024-02-07,170.52999877929688,0.008158468416245013,1.0338316005450423,0.033831600545042306
2024-02-08,169.83999633789062,-0.004046223223746481,1.029648487113474,0.029648487113473898
2024-02-09,174.4499969482422,0.02714319777292107,1.057596439635784,0.05759643963578398
2024-02-12,172.33999633789062,-0.012095159915523457,1.044804641572301,0.04480464157230091
2024-02-13,168.63999938964844,-0.021469171561243172,1.022373551474402,0.022373551474401898
2024-02-14,170.97999572753906,0.013875689909627953,1.0365596898464657,0.03655968984646574
2024-02-15,169.8000030517578,-0.006901349311422389,1.0294060293446956,0.029406029344695606
2024-02-16,169.50999450683594,-0.0017079419299743659,1.0276478636242095,0.027647863624209457
2024-02-20,167.0800018310547,-0.01433539469369316,1.012916125893026,0.012916125893025932
2024-02-21,168.58999633789062,0.00903755380828164,1.0220704098840603,0.022070409884060282
2024-02-22,174.5800018310547,0.035530017339574504,1.058384589269507,0.05838458926950696
2024-02-23,174.99000549316406,0.0023485144793740087,1.0608702208021528,0.060870220802152764
2024-02-26,174.72999572753906,-0.0014858549486425066,1.0592939215347064,0.05929392153470636
2024-02-27,173.5399932861328,-0.006810521779339163,1.0520795772113727,0.052079577211372685
2024-02-28,173.16000366210938,-0.0021896371944472026,1.0497759046375923,0.049775904637592294
2024-02-29,176.75999450683594,0.02078996747858297,1.0716007115548078,0.07160071155480785
2024-03-01,178.22000122070312,0.00825982552183624,1.080451946461326,0.08045194646132603
2024-03-04,177.5800018310547,-0.003591063770984282,1.0765719746200992,0.07657197462009924
2024-03-05,174.1199951171875,-0.01948421375262155,1.0555958161465193,0.05559581614651932
2024-03-06,173.50999450683594,-0.0035033346396604603,1.0518977107583325,0.051897710758332494
2024-03-07,176.82000732421875,0.019076784751165476,1.071964536966713,0.07196453696671301
2024-03-08,175.35000610351562,-0.008313545751684748,1.0630527107444567,0.06305271074445673
2024-03-11,171.9600067138672,-0.019332758891648982,1.0425009689985203,0.042500968998520294
2024-03-12,175.38999938964844,0.019946455814511488,1.0632951685132348,0.0632951685132348
2024-03-13,176.55999755859375,0.0066708374081581034,1.0703882376992666,0.07038823769926661
2024-03-14,178.75,0.012403729449981915,1.0836650438061313,0.08366504380613127
2024-03-15,174.4199981689453,-0.024223786467438835,1.0574145731827438,0.05741457318274379
2024-03-18,174.47999572753906,0.00034398325434925603,1.0577783060888235,0.057778306088823506
2024-03-19,175.89999389648438,0.00813845829732096,1.0663869907207382,0.06638699072073817
2024-03-20,178.14999389648438,0.012791359170393646,1.0800275297336823,0.08002752973368232
2024-03-21,178.14999389648438,0.0,1.0800275297336823,0.08002752973368232
2024-03-22,178.8699951171875,0.0040415450203241665,1.0843925096182905,0.08439250961829048
2024-03-25,179.7100067138672,0.004696213001679439,1.0894850478208837,0.08948504782088373
2024-03-26,178.3000030517578,-0.007845994154095037,1.0809369545047072,0.08093695450470717
2024-03-27,179.8300018310547,0.008581036192426339,1.0902125136330432,0.09021251363304317
2024-03-28,180.3800048828125,0.0030584610251771505,1.0935468861151503,0.09354688611515027
2024-04-01,180.97000122070312,0.003270852211551434,1.0971237163660352,0.09712371636603523
2024-04-02,180.69000244140625,-0.0015472110151306673,1.0954262344671126,0.09542623446711263
2024-04-03,182.41000366210932,0.009519072430478337,1.1058536761352513,0.10585367613525132
2024-04-04,180.0,-0.013212014767422176,1.0912431210355442,0.09124312103554422
2024-04-05,185.07000732421875,0.028166707356770848,1.1219798466808417,0.12197984668084172
2024-04-08,185.19000244140625,0.0006483768975988902,1.1227073124930012,0.12270731249300115
2024-04-09,185.6699981689453,0.002591909504893186,1.1256172682474648,0.12561726824746478
2024-04-10,185.9499969482422,0.0015080453603608657,1.1273147501463874,0.12731475014638738
2024-04-11,189.0500030517578,0.016671181255133227,1.146108418677663,0.1461084186776631
2024-04-12,186.1300048828125,-0.015445639364236818,1.1284060413704522,0.1284060413704522
2024-04-15,183.6199951171875,-0.013485250630092094,1.1131892030900616,0.11318920309006164
2024-04-16,183.32000732421875,-0.001633742516860992,1.1113705385596628,0.11137053855966283
2024-04-17,181.27999877929688,-0.011128128209780819,1.0990030647179978,0.0990030647179978
2024-04-18,179.22000122070312,-0.011363622972558218,1.0865144082448566,0.08651440824485657
2024-04-19,174.6300048828125,-0.02561096030926935,1.0586877308598484,0.05868773085984835
2024-04-22,177.22999572753906,0.014888568814227066,1.0744500759935331,0.07445007599353315
2024-04-23,179.5399932861328,0.01303389727631088,1.0884543479125572,0.08845434791255724
2024-04-24,176.58999633789062,-0.016430862529557833,1.0705701041523066,0.07057010415230658
2024-04-25,173.6699981689453,-0.016535467634067658,1.0528677268450957,0.052867726845095664
2024-04-26,179.6199951171875,0.034260361668536854,1.0889393559559388,0.08893935595593883
2024-04-29,180.9600067138672,0.007460258507441919,1.0970631250502973,0.09706312505029735
2024-04-30,175.0,-0.03293549122868411,1.0609308121178904,0.06093081211789042
2024-05-01,179.0,0.02285714285714291,1.0851806592520137,0.08518065925201368
2024-05-02,184.72000122070312,0.031955314082140474,1.119857948054276,0.11985794805427608
2024-05-03,186.2100067138672,0.008066292135759712,1.1288910494138342,0.12889104941383422
2024-05-06,188.6999969482422,0.013371946429286963,1.1439865200510975,0.14398652005109747
2024-05-07,188.759994506836,0.00031795209095974997,1.1443502529571774,0.1443502529571774
2024-05-08,188.0,-0.004026247769404745,1.1397428153037907,0.13974281530379074
2024-05-09,189.5,0.007978723404255428,1.148836507979087,0.14883650797908698
2024-05-10,187.47999572753903,-0.010659653152828352,1.1365903092747234,0.13659030927472338
2024-05-13,186.57000732421875,-0.004853789332504355,1.131073539356138,0.13107353935613797
2024-05-14,187.07000732421875,0.002679959159411549,1.1341047702479035,0.13410477024790346
2024-05-15,185.9900054931641,-0.005773249525686142,1.1275573004209913,0.12755730042099134
2024-05-16,183.6300048828125,-0.01268885714634993,1.1132498869116254,0.11324988691162541
2024-05-17,184.6999969482422,0.005826891232250109,1.1197366729169742,0.11973667291697421
2024-05-20,183.5399932861328,-0.006280474722663021,1.1127041950466803,0.11270419504668028
2024-05-21,183.1499938964844,-0.0021248741632043933,1.1103398386513363,0.11033983865133634
2024-05-22,183.1300048828125,-0.0001091401274257997,1.11021865601986,0.11021865601985992
2024-05-23,181.0500030517578,-0.011358061353112014,1.0976087244094168,0.09760872440941681
2024-05-24,180.75,-0.0016570176564539851,1.0957899673731926,0.09578996737319256
2024-05-28,182.1499938964844,0.007745471073219434,1.1042773768678058,0.1042773768678058
2024-05-29,182.0200042724609,-0.000713640562059914,1.1034893197399078,0.10348931973990783
2024-05-30,179.32000732421875,-0.0148335176621609,1.08712069142554,0.08712069142554002
2024-05-31,176.44000244140625,-0.016060700229647673,1.0696607718871072,0.06966077188710718
2024-06-03,178.33999633789062,0.01076849847083472,1.0811794122734855,0.08117941227348546
2024-06-04,179.33999633789062,0.00560726713319748,1.0872418740570164,0.08724187405701644
2024-06-05,181.27999877929688,0.010817455564965828,1.0990030647179985,0.09900306471799847
2024-06-06,185.0,0.020520748266509736,1.1215554299531991,0.12155542995319912
2024-06-07,184.3000030517578,-0.003783767287795614,1.1173117252058926,0.11731172520589261
2024-06-10,187.0599975585937,0.014975553234585659,1.1340440864263401,0.13404408642634014
2024-06-11,187.22999572753903,0.0009087895389932044,1.1350746938288414,0.1350746938288414
2024-06-12,186.88999938964844,-0.0018159287809063063,1.1330134790238393,0.1330134790238393
2024-06-13,183.8300018310547,-0.016373254687715777,1.114462360767167,0.11446236076716709
2024-06-14,183.66000366210932,-0.0009247574783881607,1.1134317533646656,0.1134317533646656
2024-06-17,184.0599975585937,0.002177904217078641,1.1158567010757479,0.11585670107574786
2024-06-18,182.8099975585937,-0.006791263808433312,1.1082786238463342,0.10827862384633424
2024-06-20,186.1000061035156,0.017996874289478715,1.1282241749174131,0.12822417491741311
2024-06-21,189.0800018310547,0.01601287280926522,1.1462902851307037,0.14629028513070375
2024-06-24,185.57000732421875,-0.0185635417434159,1.1250110775726079,0.12501107757260788
2024-06-25,186.33999633789065,0.004149318226444931,1.1296791065417324,0.12967910654173243
2024-06-26,193.6100006103516,0.03901472799901873,1.1737532296096327,0.1737532296096327
2024-06-27,197.8500061035156,0.02189972356695158,1.1994581008739003,0.19945810087390026
2024-06-28,193.25,-0.023249966952787804,1.1715707396673285,0.1715707396673285
2024-07-01,197.1999969482422,0.02043982896891161,1.19551744521111,0.19551744521110992
2024-07-02,200.0,0.014198798656638534,1.2124923567061614,0.2124923567061614
2024-07-03,197.58999633789065,-0.01205001831054675,1.197881801606454,0.19788180160645408
2024-07-05,200.0,0.012196992290986808,1.2124923567061614,0.2124923567061614
2024-07-08,199.2899932861328,-0.0035500335693359197,1.2081879681372913,0.20818796813729135
2024-07-09,199.33999633789065,0.00025090598345323123,1.2084911097276332,0.20849110972763318
2024-07-10,199.7899932861328,0.002257434315787732,1.2112191990290568,0.21121919902905684
2024-07-11,195.0500030517578,-0.023724863074531144,1.1824831893788492,0.18248318937884922
2024-07-12,194.4900054931641,-0.0028710461411535215,1.1790882255810042,0.17908822558100423
2024-07-15,192.72000122070312,-0.009100746683475047,1.1683576423225235,0.16835764232252348
2024-07-16,193.0200042724609,0.0015566783408962337,1.1701763993587475,0.1701763993587475
2024-07-17,187.92999267578125,-0.02637038381521717,1.1393183985761486,0.13931839857614858
2024-07-18,183.75,-0.022242286163404512,1.1139773527237862,0.11397735272378617
2024-07-19,183.1300048828125,-0.0033741230867346816,1.1102186560198612,0.11021865601986125
2024-07-22,182.5500030517578,-0.003167158934036185,1.1067024170847144,0.1067024170847144
2024-07-23,186.41000366210932,0.02114489480045134,1.130103523269376,0.1301035232693759
2024-07-24,180.8300018310547,-0.029934025650088292,1.0962749754165753,0.09627497541657526
2024-07-25,179.85000610351562,-0.005419431054668911,1.0903337887703464,0.09033378877034637
2024-07-26,182.5,0.014734466536293178,1.1063992754943728,0.10639927549437278
2024-07-29,183.1999969482422,0.003835599716395466,1.110642980241679,0.11064298024167907
2024-07-30,181.7100067138672,-0.008133134602594794,1.1016099713879464,0.10160997138794636
2024-07-31,186.97999572753903,0.029002194810164417,1.1335590783829592,0.13355907838295922
2024-08-01,184.07000732421875,-0.015563100170141286,1.1159173848973123,0.11591738489731229
2024-08-02,167.89999389648438,-0.0878470841762542,1.0178872964524925,0.01788729645249254
2024-08-05,161.02000427246094,-0.04097671157906757,0.9761776222857619,-0.02382237771423812
2024-08-06,161.92999267578125,0.005651399696776416,0.9816943922043475,-0.01830560779565249
2024-08-07,162.77000427246094,0.0051874985158653075,0.9867869304069409,-0.013213069593059124
2024-08-08,165.8000030517578,0.018615215947435537,1.0051561822105732,0.005156182210573235
2024-08-09,166.94000244140625,0.00687575011257735,1.0120673849435653,0.012067384943565296
2024-08-12,166.8000030517578,-0.000838620987187122,1.011218643994104,0.011218643994103994
2024-08-13,170.22999572753906,0.020563504874259175,1.0320128435088185,0.0320128435088185
2024-08-14,170.10000610351562,-0.0007636117446156998,1.031224786380921,0.031224786380920966
2024-08-15,177.58999633789062,0.04403286281963403,1.0766325659358384,0.07663256593583845
2024-08-16,177.05999755859375,-0.002984395462729106,1.0734194685910332,0.07341946859103321
2024-08-19,178.22000122070312,0.006551472258579993,1.0804519464613271,0.08045194646132714
2024-08-20,178.8800048828125,0.003703308593809629,1.0844531934398558,0.0844531934398558
2024-08-21,180.11000061035156,0.006876093995775934,1.0919099955319675,0.09190999553196755
2024-08-22,176.1300048828125,-0.022097583221652117,1.0677814235351462,0.06778142353514616
2024-08-23,177.0399932861328,0.005166572293719973,1.0732981934537318,0.07329819345373179
2024-08-26,175.5,-0.00869856159361615,1.0639620430096575,0.06396204300965747
2024-08-27,173.1199951171875,-0.013561281383547064,1.04953335436299,0.04953335436298989
2024-08-28,170.8000030517578,-0.013401063602498708,1.0354684911282277,0.0354684911282277
2024-08-29,172.1199951171875,0.007728290643119529,1.0434708925794591,0.04347089257945913
2024-08-30,178.5,0.037067191865004956,1.08214942836025,0.08214942836024997
2024-09-03,176.25,-0.012605042016806678,1.0685088893473056,0.06850888934730559
2024-09-04,173.3300018310547,-0.016567365497562103,1.0508065120400947,0.050806512040094676
2024-09-05,177.88999938964844,0.026308183871355473,1.0784513229720631,0.07845132297206314
2024-09-06,171.38999938964844,-0.03653943460735232,1.0390453213791129,0.039045321379112874
2024-09-09,175.39999389648438,0.023396899008788496,1.0633557598289742,0.06335575982897423
2024-09-10,179.5500030517578,0.023660258265018275,1.0885150317341226,0.08851503173412256
2024-09-11,184.5200042724609,0.027680318219044597,1.1186454741987366,0.11864547419873661
2024-09-12,187.0,0.013440254011034769,1.133680353520262,0.13368035352026197
2024-09-13,186.4900054931641,-0.0027272433520636463,1.1305885313127586,0.1305885313127586
2024-09-16,184.88999938964844,-0.00857958097692424,1.120888555456779,0.1208885554567789
2024-09-17,186.8800048828125,0.010763186217390919,1.1329528877081025,0.13295288770810254
2024-09-18,186.42999267578125,-0.0024080275860086653,1.1302247059008532,0.13022470590085322
2024-09-19,189.8699951171875,0.01845197970580159,1.1510795892371313,0.15107958923713127
2024-09-20,191.6000061035156,0.009111555436973173,1.1615677147268337,0.16156771472683373
2024-09-23,193.8800048828125,0.011899784481557374,1.175390120192818,0.17539012019281808
2024-09-24,193.9600067138672,0.0004126358007008335,1.1758751282361997,0.17587512823619966
2024-09-25,192.52999877929688,-0.007372694808574054,1.1672057597827212,0.16720575978272123
2024-09-26,191.16000366210932,-0.007115748848874337,1.1589002167411477,0.15890021674114774
2024-09-27,187.97000122070312,-0.016687603998191913,1.1395609488507528,0.13956094885075276
2024-09-30,186.3300018310547,-0.008724793206352333,1.1296185152259952,0.1296185152259952
2024-10-01,185.1300048828125,-0.006440170323887107,1.1223435795869234,0.12234357958692343
2024-10-02,184.759994506836,-0.0019986515757438594,1.120100405823056,0.12010040582305592
2024-10-03,181.9600067138672,-0.015154729791168164,1.1031255868338297,0.10312558683382966
2024-10-04,186.509994506836,0.02500542770436187,1.1307097139442348,0.1307097139442348
2024-10-07,180.8000030517578,-0.030614935516868003,1.0960931089635357,0.09609310896353573
2024-10-08,182.72000122070312,0.010619458719785868,1.1077330244872157,0.10773302448721567
2024-10-09,185.1699981689453,0.013408477078997505,1.122586037355701,0.12258603735570106
2024-10-10,186.6499938964844,0.007992632403596822,1.1315584548936957,0.13155845489369566
2024-10-11,188.82000732421875,0.011626110360002606,1.144714078369084,0.1447140783690839
2024-10-14,187.5399932861328,-0.006779016992029097,1.1369540421808049,0.13695404218080487
2024-10-15,187.69000244140625,0.0007998782160802964,1.1378634669518297,0.13786346695182972
2024-10-16,186.88999938964844,-0.004262363692000948,1.13301347902384,0.13301347902383998
2024-10-17,187.52999877929688,0.0034244710350397334,1.1368934508650668,0.13689345086506677
2024-10-18,188.9900054931641,0.007785456851548744,1.1457446857715852,0.14574468577158517
2024-10-21,189.07000732421875,0.00042331249658356107,1.1462296938149665,0.14622969381496653
2024-10-22,189.6999969482422,0.003332044214411578,1.1500489818346293,0.15004898183462934
2024-10-23,184.7100067138672,-0.026304640562205495,1.119797356738539,0.11979735673853908
2024-10-24,186.3800048828125,0.009041189476714617,1.1299216568163364,0.12992165681633638
2024-10-25,187.8300018310547,0.007779788122410869,1.138712207901291,0.13871220790129102
2024-10-28,188.38999938964844,0.002981406341556969,1.1421071716991362,0.14210717169913623
2024-10-29,190.8300018310547,0.012951868195294036,1.1568995932518835,0.15689959325188352
2024-10-30,192.72999572753903,0.009956473710912794,1.1684182336382616,0.16841823363826158
2024-10-31,186.3999938964844,-0.032843885079535395,1.1300428394478128,0.1300428394478128
2024-11-01,197.92999267578125,0.06185621865256041,1.1999430164114568,0.19994301641145684
2024-11-04,195.77999877929688,-0.01086239567545566,1.186908760579196,0.18690876057919592
2024-11-05,199.5,0.0190009257528736,1.2094611258143964,0.20946112581439635
2024-11-06,207.08999633789065,0.03804509442551707,1.2554751885499973,0.2554751885499973
2024-11-07,210.0500030517578,0.01429333510169939,1.2734201161318117,0.2734201161318117
2024-11-08,208.17999267578125,-0.008902691496347037,1.2620832496926477,0.26208324969264774
2024-11-11,206.83999633789065,-0.006436720074140423,1.2539595731041147,0.25395957310411466
2024-11-12,208.91000366210932,0.01000777103494599,1.2665089133988192,0.2665089133988192
2024-11-13,214.1000061035156,0.024843245179395845,1.2979731048562764,0.29797310485627637
2024-11-14,211.47999572753903,-0.012237320417028852,1.2820893920794643,0.28208939207946426
2024-11-15,202.6100006103516,-0.04194247823144048,1.2283153856614106,0.22831538566141063
2024-11-18,201.6999969482422,-0.004491405455644193,1.2227985232369993,0.22279852323699934
2024-11-19,204.6100006103516,0.014427385751801136,1.2404403092284724,0.24044030922847237
2024-11-20,202.8800048828125,-0.008455088814713463,1.229952276244595,0.2299522762445949
2024-11-21,198.3800048828125,-0.022180598835253806,1.2026711982187064,0.20267119821870638
2024-11-22,197.1199951171875,-0.006351495788949668,1.1950324371677292,0.19503243716772922
2024-11-25,201.4499969482422,0.021966324768223133,1.2212829077911167,0.2212829077911167
2024-11-26,207.8600006103516,0.03181932866326287,1.2601433100249475,0.2601433100249475
2024-11-27,205.7400054931641,-0.010199148999145757,1.2472909206457263,0.24729092064572633
2024-11-29,207.88999938964844,0.010450052683389277,1.2603251764779873,0.26032517647798725
2024-12-02,210.7100067138672,0.01356490130596999,1.2774213631103404,0.2774213631103404
2024-12-03,213.44000244140625,0.012956175029913197,1.2939718578777482,0.29397185787774816
2024-12-04,218.16000366210932,0.022113948494724145,1.3225866848964791,0.3225866848964791
2024-12-05,220.5500030517578,0.010955259211262947,1.337075964858885,0.337075964858885
2024-12-06,227.02999877929688,0.029381072944344444,1.3763606913145336,0.37636069131453365
2024-12-09,226.08999633789065,-0.004140432746599365,1.3706619624370828,0.3706619624370828
2024-12-10,225.0399932861328,-0.004644181824783655,1.3642963590632102,0.36429635906321023
2024-12-11,230.259994506836,0.02319588240507131,1.3959424169737074,0.39594241697370736
2024-12-12,228.97000122070312,-0.0056023335225718895,1.3881218819755154,0.38812188197551545
2024-12-13,227.4600067138672,-0.006594726378065796,1.378967597984481,0.3789675979844811
2024-12-16,232.92999267578125,0.024048121869595374,1.4121291788350352,0.4121291788350352
2024-12-17,231.1499938964844,-0.007641775792155969,1.4013380042608166,0.40133800426081656
2024-12-18,220.5200042724609,-0.04598741035997567,1.336894098405845,0.33689409840584505
2024-12-19,223.2899932861328,0.012561168873593376,1.3536870509420313,0.35368705094203134
2024-12-20,224.9199981689453,0.00729994595290151,1.3635688932510508,0.3635688932510508
2024-12-23,225.0599975585937,0.0006224408269077664,1.3644176342005117,0.36441763420051165
2024-12-24,229.0500030517578,0.017728630305016146,1.3886068900188973,0.38860689001889726
2024-12-26,227.0500030517578,-0.00873171784917226,1.3764819664518357,0.37648196645183574
2024-12-27,223.75,-0.014534256804240364,1.356475824065019,0.356475824065019
2024-12-30,221.3000030517578,-0.010949707031249978,1.3416228111965336,0.3416228111965336
2024-12-31,219.38999938964844,-0.008630834323407832,1.3300434869885915,0.33004348698859154
2025-01-02,220.22000122070312,0.003783225458606987,1.3350753413696212,0.33507534136962125
2025-01-03,224.19000244140625,0.018027432561515733,1.3591433220507048,0.35914332205070476
2025-01-06,227.6100006103516,0.015254909370185699,1.3798769302496814,0.3798769302496814
2025-01-07,222.1100006103516,-0.02416414035082548,1.3465333904402619,0.3465333904402619
2025-01-08,222.1300048828125,9.006470850447812e-05,1.3466546655775635,0.3466546655775635
2025-01-10,218.94000244140625,-0.014360970473526025,1.327315397687168,0.3273153976871681
2025-01-13,218.4600067138672,-0.0021923619356289947,1.3244054419327045,0.3244054419327045
2025-01-14,217.759994506836,-0.003204303696410893,1.3201616446795728,0.32016164467957275
2025-01-15,223.3500061035156,0.02567051679689558,1.354050876353937,0.35405087635393695
2025-01-16,220.66000366210932,-0.012043887924317098,1.3377428393553068,0.3377428393553068
2025-01-17,225.94000244140625,0.023928209424767477,1.3697526301718836,0.36975263017188365
2025-01-21,230.7100067138672,0.021111818274402117,1.3986705987809567,0.3986705987809567
2025-01-22,235.009994506836,0.018638063663626747,1.4247391104454792,0.4247391104454792
2025-01-23,235.4199981689453,0.0017446222360444352,1.4272247419781245,0.42722474197812454
2025-01-24,234.8500061035156,-0.002421170970448583,1.4237691868645412,0.42376918686454124
2025-01-27,235.4199981689453,0.0024270472668350695,1.4272247419781248,0.42722474197812477
2025-01-28,238.1499938964844,0.011596277923594078,1.443775236745533,0.443775236745533
2025-01-29,237.07000732421875,-0.004534900692607535,1.437227859424446,0.4372278594244461
2025-01-30,234.63999938964844,-0.010250170242948609,1.422496029187437,0.4224960291874369
2025-01-31,237.67999267578125,0.012955989149507907,1.4409258723068075,0.44092587230680746
2025-02-03,237.4199981689453,-0.0010938846972727845,1.4393496655451865,0.4393496655451865
2025-02-04,242.0599975585937,0.01954342273369325,1.4674794845205361,0.4674794845205361
2025-02-05,236.1699981689453,-0.02433280777102642,1.431771588315773,0.4317715883157729
2025-02-06,238.8300018310547,0.011263088803542765,1.4478977588613628,0.44789775886136285
2025-02-07,229.1499938964844,-0.04053095448794497,1.3892130806937555,0.3892130806937555
2025-02-10,233.13999938964844,0.017412199866636113,1.4134023365121404,0.4134023365121404
2025-02-11,232.759994506836,-0.0016299428832773355,1.4110985714325348,0.4110985714325348
2025-02-12,228.92999267578125,-0.016454725560419492,1.3878793317009124,0.3878793317009124
2025-02-13,230.3699951171875,0.006290143220533118,1.396609291470129,0.3966092914701289
2025-02-14,228.67999267578125,-0.007336035409240549,1.3863637162550297,0.38636371625502974
2025-02-18,226.6499938964844,-0.008877028355405603,1.3740569262349283,0.37405692623492826
2025-02-19,226.6300048828125,-8.81933122002243e-05,1.3739357436034518,0.37393574360345183
2025-02-20,222.8800048828125,-0.016546793977871843,1.3512015119152114,0.35120151191521143
2025-02-21,216.5800018310547,-0.028266344731418536,1.3130079841778022,0.3130079841778022
2025-02-24,212.7100067138672,-0.017868663239768212,1.2895462866774021,0.2895462866774021
2025-02-25,212.8000030517578,0.000423094048469963,1.2900918860365218,0.2900918860365218
2025-02-26,214.3500061035156,0.007283848822975836,1.2994887203021597,0.29948872030215967
2025-02-27,208.7400054931641,-0.02617215045770649,1.265478305996319,0.26547830599631905
2025-02-28,212.27999877929688,0.016958863624484843,1.2869393800074547,0.28693938000745467
2025-03-03,205.0200042724609,-0.03420008737791658,1.242925940761118,0.24292594076111795
2025-03-04,203.8000030517578,-0.005950644792113935,1.2355297299847445,0.23552972998474453
2025-03-05,208.3600006103516,0.022374865016246748,1.263174540916713,0.263174540916713
2025-03-06,200.6999969482422,-0.03676331176651404,1.2167360614534686,0.21673606145346858
2025-03-07,199.25,-0.007224698407026442,1.2079455103685142,0.20794551036851416
2025-03-10,194.5399932861328,-0.02363867861413893,1.1793912746655209,0.17939127466552085
2025-03-11,196.58999633789065,0.010537694677220655,1.1918193398229242,0.1918193398229242
2025-03-12,198.88999938964844,0.011699491808345286,1.20576302042621,0.20576302042620997
2025-03-13,193.88999938964844,-0.025139524437347016,1.175450711508556,0.17545071150855596
2025-03-14,197.9499969482422,0.02093969555611075,1.200064291548759,0.20006429154875893
2025-03-17,195.7400054931641,-0.011164392468548168,1.1866663028104183,0.1866663028104183
2025-03-18,192.82000732421875,-0.014917738259935365,1.1689639255032074,0.16896392550320738
2025-03-19,195.5399932861328,0.014106347155876442,1.1854537364490516,0.1854537364490516
2025-03-20,194.9499969482422,-0.003017266841301769,1.1818769061981667,0.18187690619816665
2025-03-21,196.2100067138672,0.006463245885351521,1.189515667249144,0.18951566724914404
2025-03-24,203.259994506836,0.0359308269289742,1.2322559488183762,0.2322559488183762
2025-03-25,205.7100067138672,0.012053587883713135,1.2471090541926868,0.2471090541926868
2025-03-26,201.1300048828125,-0.022264360904062586,1.2193429681234167,0.2193429681234167
2025-03-27,201.3600006103516,0.0011435177345771042,1.2207373084319977,0.22073730843199768
2025-03-28,192.72000122070312,-0.04290822091507429,1.1683576423225244,0.16835764232252437
2025-03-31,190.259994506836,-0.012764667384211559,1.1534439456324757,0.15344394563247565
2025-04-01,192.1699981689453,0.010038913682617112,1.1650232698404175,0.16502326984041749
2025-04-02,196.009994506836,0.019982288465834053,1.188303100887778,0.18830310088777802
2025-04-03,178.41000366210938,-0.08979129298487276,1.0816038290011307,0.08160382900113072
2025-04-04,171.0,-0.041533565999713695,1.0366809649837692,0.03668096498376916
2025-04-07,175.25999450683594,0.024912248577988017,1.0625070188795134,0.06250701887951338
2025-04-08,170.66000366210938,-0.026246667744515673,1.0346197501787668,0.03461975017876684
2025-04-09,191.1000061035156,0.11977031526306248,1.1585364838350687,0.1585364838350687
2025-04-10,181.22000122070312,-0.051700704171933065,1.0986393318119203,0.0986393318119203
2025-04-11,184.8699951171875,0.020141230945248445,1.1207672803194777,0.1207672803194777
2025-04-14,182.1199951171875,-0.014875318183769082,1.104095510414768,0.10409551041476806
2025-04-15,179.58999633789062,-0.013891933050343641,1.088757489502901,0.08875748950290108
2025-04-16,174.3300018310547,-0.029288905919567454,1.056868973823626,0.0568689738236261
2025-04-17,172.61000061035156,-0.009866352335440198,1.0464415321554872,0.046441532155487186
2025-04-21,167.32000732421875,-0.030647084568839134,1.0143711500231725,0.014371150023172463
2025-04-22,173.17999267578125,0.03502262189247651,1.0498970872690705,0.049897087269070495
2025-04-23,180.6000061035156,0.042845673527805994,1.0948806351079956,0.0948806351079956
2025-04-24,186.5399932861328,0.032890293365840595,1.1308915803972754,0.13089158039727544
2025-04-25,188.9900054931641,0.013133978209558528,1.1457446857715865,0.1457446857715865
2025-04-28,187.6999969482422,-0.006825802991833663,1.1379240582675694,0.13792405826756937
2025-04-29,187.38999938964844,-0.0016515586767922308,1.136044709915607,0.13604470991560702
2025-04-30,184.4199981689453,-0.015849304820837684,1.1180391910180545,0.11803919101805449
2025-05-01,190.1999969482422,0.031341496782804956,1.1530802127263966,0.1530802127263966
2025-05-02,189.97999572753903,-0.0011566836184704332,1.1517464637335535,0.1517464637335535
2025-05-05,186.3500061035156,-0.01910722026349243,1.129739790363298,0.12973979036329797
2025-05-06,185.009994506836,-0.007190832051463647,1.1216160212689397,0.12161602126893967
2025-05-07,188.7100067138672,0.0199989855515319,1.144047203872664,0.1440472038726639
2025-05-08,192.0800018310547,0.01785806262143419,1.1644776704812987,0.1644776704812987
2025-05-09,193.0599975585937,0.005102018524557161,1.1704188571275274,0.17041885712752736
2025-05-12,208.63999938964844,0.08070031092964358,1.264872022815637,0.26487202281563693
2025-05-13,211.3699951171875,0.01308471882441209,1.281422517583045,0.28142251758304493
2025-05-14,210.25,-0.005298742220089303,1.2746325899873545,0.2746325899873545
2025-05-15,205.1699981689453,-0.024161720956264898,1.243835273026319,0.2438352730263189
2025-05-16,205.58999633789065,0.002047074000553817,1.2463814958747028,0.24638149587470282
2025-05-19,206.16000366210932,0.0027725440652368594,1.2498371434941113,0.24983714349411135
2025-05-20,204.07000732421875,-0.010137739138363688,1.2371666205679304,0.23716662056793036
2025-05-21,201.1199951171875,-0.014455883280997672,1.219282284301854,0.21928228430185404
2025-05-22,203.1000061035156,0.009844923599835909,1.2312860252374391,0.23128602523743913
2025-05-23,200.9900054931641,-0.010388973643240984,1.2184942271739565,0.2184942271739565
2025-05-27,206.0200042724609,0.02502611394509313,1.24898840254465,0.24898840254465004
2025-05-28,204.72000122070312,-0.00631008166584901,1.241107183724895,0.24110718372489504
2025-05-29,205.6999969482422,0.004787005283780621,1.2470483703711241,0.24704837037112415
2025-05-30,205.009994506836,-0.0033544115296210153,1.2428652569395562,0.24286525693955618
2025-06-02,206.6499938964844,0.007999607012299625,1.2528076905643135,0.2528076905643135
2025-06-03,205.7100067138672,-0.00454869204152053,1.247109054192688,0.24710905419268792
2025-06-04,207.22999572753903,0.00738898917924824,1.2563239294994601,0.25632392949946015
2025-06-05,207.91000366210932,0.0032814165352024194,1.2604464516152902,0.26044645161529023
2025-06-06,213.57000732421875,0.027223334916139708,1.2947600075114731,0.29476000751147313
2025-06-09,216.97999572753903,0.015966607137600564,1.3154329318888855,0.31543293188888555
2025-06-10,217.6100006103516,0.0029035159702170965,1.3192523124143745,0.31925231241437446
2025-06-11,213.1999969482422,-0.020265629565462295,1.2925168337476052,0.2925168337476052
2025-06-12,213.2400054931641,0.0001876573428452044,1.292759384022209,0.2927593840222089
2025-06-13,212.1000061035156,-0.005346085913907173,1.2858481812892164,0.2858481812892164
2025-06-16,216.1000061035156,0.018859028217320217,1.3100980284233397,0.31009802842333967
2025-06-17,214.82000732421875,-0.005923177895162612,1.3023380847408865,0.3023380847408865
2025-06-18,212.5200042724609,-0.010706651956707836,1.2883944041376003,0.2883944041376003
2025-06-20,209.69000244140625,-0.013316402099382896,1.2712376261895093,0.2712376261895093
2025-06-23,208.47000122070312,-0.005818118205440093,1.2638414154131357,0.26384141541313566
2025-06-24,212.7700042724609,0.02062648355436747,1.2899100195834832,0.28991001958348317
2025-06-25,211.9900054931641,-0.0036659245365150417,1.2851813067927955,0.2851813067927955
2025-06-26,217.1199951171875,0.024199205109171285,1.316281672838347,0.31628167283834707
2025-06-27,223.3000030517578,0.028463559660798277,1.3537477347635967,0.35374773476359667
2025-06-30,219.38999938964844,-0.017510092291414314,1.330043486988593,0.3300434869885931
2025-07-01,220.4600067138672,0.00487719279454657,1.3365303654997676,0.33653036549976756
2025-07-02,219.9199981689453,-0.002449462616694653,1.3332565843333986,0.33325658433339855
2025-07-03,223.41000366210932,0.015869432167250785,1.354414609260018,0.354414609260018
2025-07-07,223.47000122070312,0.00026855359030641957,1.3547783421660982,0.35477834216609816
2025-07-08,219.3600006103516,-0.018391733064396565,1.3298616205355536,0.32986162053555357
2025-07-09,222.5399932861328,0.014496684294917683,1.349140204604385,0.349140204604385
2025-07-10,222.259994506836,-0.0012581953255332845,1.3474427227054628,0.34744272270546284
2025-07-11,225.0200042724609,0.012417933203629383,1.3641751764317358,0.3641751764317358
2025-07-14,225.69000244140625,0.0029775049161144818,1.3682370147260026,0.36823701472600257
2025-07-15,226.3500061035156,0.0029243814744550622,1.372238261704531,0.372238261704531
2025-07-16,223.19000244140625,-0.013960696164789121,1.3530808602671758,0.3530808602671758
2025-07-17,223.8800048828125,0.0030915472640284936,1.3572639736987442,0.3572639736987442
2025-07-18,226.1300048828125,0.010050026580880944,1.3709045127116886,0.37090451271168856
2025-07-21,229.3000030517578,0.014018476542235536,1.390122505464782,0.3901225054647821
2025-07-22,227.47000122070312,-0.007980819043607368,1.3790281893002216,0.37902818930022164
2025-07-23,228.2899932861328,0.003604836070819184,1.3839993598596876,0.3839993598596876
2025-07-24,232.22999572753903,0.01725876103762425,1.407885474087731,0.4078854740877309
2025-07-25,231.44000244140625,-0.003401771091877559,1.403096169981305,0.40309616998130493
2025-07-28,232.7899932861328,0.005833005662313484,1.4112804378855763,0.41128043788557633
2025-07-29,231.009994506836,-0.00764637153929959,1.4004892633113577,0.4004892633113577
2025-07-30,230.19000244140625,-0.0035495956232555192,1.3955180927518913,0.3955180927518913
2025-07-31,234.1100006103516,0.017029402351838252,1.4192829318426332,0.4192829318426332
2025-08-01,214.75,-0.08269617085933045,1.3019136680132433,0.30191366801324326
2025-08-04,211.6499938964844,-0.014435418409851408,1.2831199994819678,0.28311999948196775
2025-08-05,213.75,0.009922070229506863,1.2958512062297127,0.2958512062297127
2025-08-06,222.3099975585937,0.040046772203947034,1.347745864295804,0.347745864295804
2025-08-07,223.1300048828125,0.003688576011983802,1.3527171273610958,0.35271712736109584
2025-08-08,222.69000244140625,-0.001971955504762035,1.3500496293754103,0.3500496293754103
2025-08-11,221.3000030517578,-0.006241858073597895,1.3416228111965356,0.3416228111965356
2025-08-12,221.47000122070312,0.0007681796954406295,1.3426534185990366,0.34265341859903664
2025-08-13,224.5599975585937,0.013952211680403837,1.3613864033087482,0.36138640330874816
2025-08-14,230.97999572753903,0.028589233339612052,1.400307396858317,0.40030739685831707
2025-08-15,231.02999877929688,0.00021648217457248542,1.400610538448659,0.4006105384486589
2025-08-18,231.4900054931641,0.0019911124801876845,1.4033993115716463,0.4033993115716463
2025-08-19,228.009994506836,-0.015033093886339999,1.3823018779607648,0.38230187796076476
2025-08-20,223.8099975585937,-0.018420231785569285,1.3568395569710998,0.3568395569710998
2025-08-21,221.9499969482422,-0.008310623433453013,1.3455633743534998,0.3455633743534998
2025-08-22,228.83999633789065,0.031043025385826706,1.3873337323417942,0.38733373234179425
2025-08-25,227.94000244140625,-0.003932852258726305,1.3818775537389467,0.3818775537389467
2025-08-26,228.7100067138672,0.0033781006590050122,1.3865456752138965,0.3865456752138965
2025-08-27,229.1199951171875,0.0017926124405795996,1.3890312142407168,0.38903121424071685
2025-08-28,231.6000061035156,0.0108240705271474,1.4040661860680677,0.40406618606806766
2025-08-29,229.0,-0.011226278216735053,1.3883037484285574,0.3883037484285574
2025-09-02,225.33999633789065,-0.015982548742835556,1.3661151160994367,0.3661151160994367
2025-09-03,225.9900054931641,0.0028845707190781056,1.370055771762227,0.37005577176222704
2025-09-04,235.67999267578125,0.042877945692648245,1.428800948739747,0.42880094873974706
2025-09-05,232.3300018310547,-0.014214150326010255,1.4084917572684141,0.40849175726841414
2025-09-08,235.83999633789065,0.015107797009308976,1.4297709648265102,0.4297709648265102
2025-09-09,238.2400054931641,0.010176429751274751,1.4443209286104794,0.44432092861047945
2025-09-10,230.3300018310547,-0.03320182790348525,1.3963668337013524,0.3963668337013524
2025-09-11,229.9499969482422,-0.0016498279850283293,1.3940630686217466,0.39406306862174656
2025-09-12,228.1499938964844,-0.00782780202498956,1.383150618910226,0.38315061891022606
2025-09-15,231.42999267578125,0.014376501718361023,1.403035486159741,0.40303548615974094
2025-09-16,234.0500030517578,0.011320962964584513,1.4189191989365533,0.41891919893655327
2025-09-17,231.6199951171875,-0.010382430689534927,1.404187368699544,0.4041873686995441
2025-09-18,231.22999572753903,-0.0016837898189711042,1.4018230123042,0.4018230123041999
2025-09-19,231.47999572753903,0.0010811746080494622,1.4033386277500826,0.40333862775008256
2025-09-22,227.6300048828125,-0.016632067201427292,1.3799982053869844,0.37999820538698437
2025-09-23,220.7100067138672,-0.030400202172415014,1.3380459809456502,0.3380459809456502
2025-09-24,220.2100067138672,-0.0022654160880354324,1.3350147500538847,0.3350147500538847
2025-09-25,218.1499938964844,-0.009354764790773018,1.322526001074918,0.322526001074918
2025-09-26,219.77999877929688,0.007471945580644457,1.3324078433839373,0.33240784338393725
2025-09-29,222.1699981689453,0.01087450815780766,1.3468971233463427,0.3468971233463427
2025-09-30,219.57000732421875,-0.011702709034319914,1.331134778212658,0.3311347782126579
2025-10-01,220.6300048828125,0.004827606336181178,1.3375609729022684,0.3375609729022684
2025-10-02,222.41000366210932,0.008067800117405932,1.3483521474764868,0.3483521474764868
2025-10-03,219.509994506836,-0.01303902300941051,1.3307709528007527,0.33077095280075275
2025-10-06,220.8999938964844,0.00633228292302257,1.3391977709796274,0.33919777097962744
2025-10-07,221.77999877929688,0.003983725247293846,1.3445327669509985,0.34453276695099855
2025-10-08,225.22000122070312,0.015510877718191152,1.3653876502872766,0.3653876502872766
2025-10-09,227.7400054931641,0.01118907849570383,1.3806650798834055,0.3806650798834055
2025-10-10,216.3699951171875,-0.04992539782966621,1.3117348265006985,0.3117348265006985
2025-10-13,220.07000732421875,0.017100394188331425,1.334166009104423,0.33416600910442296
2025-10-14,216.38999938964844,-0.016721987604375044,1.3118561016380004,0.31185610163800037
2025-10-15,215.57000732421875,-0.003789417568938358,1.3068849310785344,0.30688493107853443
2025-10-16,214.47000122070312,-0.00510277898660183,1.3002161861143202,0.3002161861143202
2025-10-17,213.0399932861328,-0.006667636156250767,1.291546817660842,0.291546817660842
2025-10-20,216.47999572753903,0.016147214372026264,1.3124017009971198,0.31240170099711984
2025-10-21,222.02999877929688,0.025637486886977978,1.3460483823968812,0.3460483823968812
2025-10-22,217.9499969482422,-0.018375903497213075,1.3213135272193763,0.32131352721937634
2025-10-23,221.08999633789065,0.014406971477930908,1.3403496535194301,0.34034965351943014
2025-10-24,224.2100067138672,0.014111947295924798,1.3592645971880073,0.3592645971880073
2025-10-27,226.97000122070312,0.012309863182682124,1.3759969584084553,0.37599695840845526
2025-10-28,229.25,0.010045375014470892,1.3898193638744396,0.3898193638744396
2025-10-29,230.3000030517578,0.0045801659836763875,1.396184967248312,0.396184967248312
2025-10-30,222.8600006103516,-0.03230569840563202,1.351080236777911,0.3510802367779109
2025-10-31,244.22000122070312,0.09584492754129248,1.4805744241743621,0.48057442417436214
2025-11-03,254.0,0.04004585509136338,1.5398652930168275,0.5398652930168275
2025-11-04,249.32000732421875,-0.018425168014886806,1.5114930162726996,0.5114930162726996
2025-11-05,250.1999969482422,0.0035295587926045258,1.5168279197382453,0.5168279197382453
2025-11-06,243.0399932861328,-0.028617121300727022,1.4734206711667666,0.47342067116676656
2025-11-07,244.41000366210932,0.005636975040414827,1.4817263067141648,0.48172630671416483
2025-11-10,248.3999938964844,0.01632498741700905,1.5059154700267248,0.5059154700267248
2025-11-11,249.1000061035156,0.0028180846386127723,1.5101592672798565,0.5101592672798565
2025-11-12,244.1999969482422,-0.019670851205186968,1.4804531490370603,0.48045314903706027
2025-11-13,237.5800018310547,-0.027108907452568887,1.4403196816319503,0.44031968163195034
2025-11-14,234.69000244140625,-0.012164320933474637,1.4227991707777792,0.4227991707777792
2025-11-17,232.8699951171875,-0.007754941860691922,1.4117654459289568,0.4117654459289568
2025-11-18,222.5500030517578,-0.04431653833391602,1.349200888425948,0.3492008884259481
2025-11-19,222.69000244140625,0.0006290693674619874,1.3500496293754094,0.3500496293754094
2025-11-20,217.13999938964844,-0.02492255148822009,1.3164029479756483,0.3164029479756483
2025-11-21,220.69000244140625,0.016348913427910006,1.3379247058083477,0.33792470580834766
2025-11-24,226.27999877929688,0.02532963104830621,1.3718138449768866,0.37181384497688663
2025-11-25,229.6699981689453,0.0149814363087164,1.3923655867228233,0.3923655867228233
2025-11-26,229.16000366210932,-0.0022205534501761326,1.3892737645153195,0.3892737645153195
2025-11-28,233.22000122070312,0.017716868099636462,1.413887344555523,0.4138873445555229
2025-12-01,233.8800048828125,0.0028299616613276513,1.4178885915340513,0.41788859153405133
2025-12-02,234.4199981689453,0.0023088475921804186,1.421162280194595,0.4211622801945949
2025-12-03,232.3800048828125,-0.008702300580441968,1.4087948988587553,0.4087948988587553
2025-12-04,229.1100006103516,-0.014071797072686798,1.3889706229249785,0.3889706229249785
2025-12-05,229.52999877929688,0.0018331725713691682,1.3915168457733622,0.3915168457733622
2025-12-08,226.88999938964844,-0.011501761877265149,1.375511950365074,0.3755119503650739
2025-12-09,227.9199981689453,0.004539639393836836,1.3817562786016446,0.3817562786016446
2025-12-10,231.77999877929688,0.016935769749744978,1.4051573847863066,0.4051573847863066
2025-12-11,230.27999877929688,-0.006471654188885845,1.3960636921110103,0.39606369211101033
2025-12-12,226.19000244140625,-0.017760970816273702,1.3712682456177674,0.3712682456177674
2025-12-15,222.5399932861328,-0.01613691637948922,1.3491402046043846,0.34914020460438455
2025-12-16,222.5599975585937,8.989068511011666e-05,1.349261479741686,0.349261479741686
2025-12-17,221.2700042724609,-0.005796159688549407,1.3414409447434947,0.34144094474349473
2025-12-18,226.759994506836,0.0248112718776603,1.3747238007313511,0.37472380073135114
2025-12-19,227.3500061035156,0.0026019210221044364,1.3783007234880613,0.3783007234880613
2025-12-22,228.42999267578125,0.00475032567966549,1.3848481008091482,0.3848481008091482
2025-12-23,232.13999938964844,0.016241329216049705,1.4073398747286108,0.4073398747286108
2025-12-24,232.3800048828125,0.001033882544133169,1.4087948988587553,0.4087948988587553
2025-12-26,232.5200042724609,0.000602458846315157,1.4096436398082164,0.4096436398082164
2025-12-29,232.07000732421875,-0.0019353042317806768,1.4069155505067927,0.40691555050679273
2025-12-30,232.52999877929688,0.001982123671998126,1.4097042311239545,0.4097042311239545
2025-12-31,230.82000732421875,-0.0073538531116630335,1.3993374732773791,0.3993374732773791
2026-01-02,226.5,-0.018715913643268745,1.3731475939697297,0.37314759396972974
2026-01-05,233.0599975585937,0.02896246162734517,1.4129173284687593,0.4129173284687593
2026-01-06,240.92999267578125,0.033768107781812606,1.460628873103283,0.46062887310328304
2026-01-07,241.5599975585937,0.0026148877348792787,1.4644482536287713,0.4644482536287713
2026-01-08,246.2899932861328,0.0195810389772495,1.4931236719632413,0.49312367196324125
2026-01-09,247.3800048828125,0.004425724253495522,1.4997318256117174,0.49973182561171736
2026-01-12,246.47000122070312,-0.003678565947722645,1.4942149631873063,0.4942149631873063
2026-01-13,242.6000061035156,-0.01570168822988771,1.470753265686906,0.470753265686906
2026-01-14,236.6499938964844,-0.02452601837319146,1.4346815440702376,0.4346815440702376
2026-01-15,238.17999267578125,0.006465239039753046,1.4439571031985736,0.4439571031985736
2026-01-16,239.1199951171875,0.0039466053837939885,1.4496558320760247,0.44965583207602466
2026-01-20,231.0,-0.033957825706746436,1.4004286719956185,0.4004286719956185
2026-01-21,231.3099975585937,0.001341980773132967,1.4023080203475808,0.40230802034758084
2026-01-22,234.33999633789065,0.013099298825289374,1.4206772721512138,0.42067727215121375
2026-01-23,239.16000366210932,0.020568436457892414,1.449898382350628,0.44989838235062796
2026-01-26,238.4199981689453,-0.003094185824689566,1.4454121273287184,0.4454121273287184
2026-01-27,244.67999267578125,0.026256163723313408,1.483363104791524,0.4833631047915239
2026-01-28,243.009994506836,-0.006825233852111978,1.4732388047137268,0.4732388047137268
2026-01-29,241.72999572753903,-0.005267268047532747,1.4654788610312728,0.4654788610312728
2026-01-30,239.3000030517578,-0.010052507834071744,1.4507471233000895,0.4507471233000895
2026-02-02,242.9600067138672,0.015294624385431943,1.4729357556292102,0.4729357556292102
2026-02-03,238.6199951171875,-0.017863069956986388,1.446624601184259,0.44662460118425895
2026-02-04,232.9900054931641,-0.023593955826118007,1.412493004246942,0.4124930042469419
2026-02-05,222.69000244140625,-0.04420791797466195,1.3500496293754092,0.3500496293754092
2026-02-06,210.32000732421875,-0.05554804877440456,1.275057006714997,0.2750570067149971
2026-02-09,208.72000122070312,-0.00760748406141476,1.2653570308590176,0.26535703085901763
2026-02-10,206.9600067138672,-0.008432323191560842,1.2546871314221006,0.25468713142210064
2026-02-11,204.0800018310547,-0.013915755650289796,1.2372272118836676,0.23722721188366758
2026-02-12,199.6000061035156,-0.021952154485219033,1.2100674089950805,0.21006740899508047
2026-02-13,198.7899932861328,-0.004058180323715521,1.2051567372455272,0.2051567372455272
2026-02-17,201.1499938964844,0.011871828009746288,1.2194641507548931,0.21946415075489312
2026-02-18,204.7899932861328,0.018095945812067082,1.241531507946712,0.24153150794671197
2026-02-19,204.8600006103516,0.00034184934085601526,1.2419559246743554,0.24195592467435545
2026-02-20,210.1100006103516,0.025627257563010764,1.2737838490378923,0.2737838490378923
2026-02-23,205.2700042724609,-0.023035535309270938,1.2444415562070008,0.2444415562070008
2026-02-24,208.5599975585937,0.016027637831418806,1.2643870147722538,0.2643870147722538
2026-02-25,210.63999938964844,0.009973158109912061,1.2769969463826971,0.2769969463826971
2026-02-26,207.9199981689453,-0.012913032798065993,1.2605070429310272,0.2605070429310272
2026-02-27,210.0,0.01000385652833935,1.2731169745414705,0.27311697454147055
2026-03-02,208.38999938964844,-0.007666669573102691,1.263356407369753,0.26335640736975297
2026-03-03,208.72999572753903,0.001631538648142472,1.265417622174755,0.26541762217475506
2026-03-04,216.82000732421875,0.038758260730479055,1.3144630083079472,0.31446300830794716
2026-03-05,218.94000244140625,0.009777672934109694,1.327315397687168,0.3273153976871681
2026-03-06,213.2100067138672,-0.026171534044230005,1.2925775175691676,0.2925775175691676
2026-03-09,213.4900054931641,0.0013132534612818603,1.2942749994680904,0.29427499946809044
2026-03-10,214.3300018310547,0.003934593265620068,1.299367445164858,0.299367445164858
2026-03-11,212.6499938964844,-0.007838417021498234,1.2891824612654972,0.2891824612654972
2026-03-12,209.52999877929688,-0.014671973697334306,1.270267610102745,0.270267610102745
2026-03-13,207.6699981689453,-0.008877013416636048,1.2589914274851448,0.2589914274851448
2026-03-16,211.7400054931641,0.0195984367511175,1.2836656913469116,0.28366569134691155
2026-03-17,215.1999969482422,0.016340754535353108,1.3046417573146658,0.3046417573146658
2026-03-18,209.8699951171875,-0.024767666852414494,1.2723288249077476,0.27232882490774757
2026-03-19,208.759994506836,-0.005288991452692904,1.2655994886277957,0.2655994886277957
2026-03-20,205.3699951171875,-0.016238740557820264,1.2450477468818588,0.24504774688185882
2026-03-23,210.13999938964844,0.02322639327005427,1.2739657154909318,0.27396571549093185
2026-03-24,207.2400054931641,-0.013800294588880657,1.2563846133210228,0.2563846133210228
2026-03-25,211.7100067138672,0.021569200454641724,1.2834838248938716,0.2834838248938716
2026-03-26,207.5399932861328,-0.019696817795534227,1.2582032778514216,0.2582032778514216
2026-03-27,199.33999633789065,-0.039510442389467215,1.2084911097276343,0.2084911097276343
2026-03-30,200.9499969482422,0.008076656164990093,1.2182516768993517,0.21825167689935165
2026-03-31,208.2700042724609,0.03642700888472317,1.2626289415575933,0.2626289415575933
2026-04-01,210.57000732421875,0.011043371606930696,1.2765726221608793,0.2765726221608793
2026-04-02,209.7700042724609,-0.0037992260242745157,1.2717226342328893,0.27172263423288934
2026-04-06,212.7899932861328,0.014396667550949704,1.2900312022149583,0.29003120221495826
2026-04-07,213.7700042724609,0.004605531356027148,1.2959724813670126,0.2959724813670126
2026-04-08,221.25,0.034990857360911454,1.3413196696061922,0.3413196696061922
2026-04-09,233.6499938964844,0.056045170153601775,1.4164941587196442,0.41649415871964424
2026-04-10,238.3800048828125,0.02024400218227118,1.4451696695599392,0.4451696695599392
2026-04-13,239.88999938964844,0.006334400855383171,1.4543239535509735,0.45432395355097355
2026-04-14,249.0200042724609,0.03805913087682655,1.5096742592364738,0.5096742592364738
2026-04-15,248.5,-0.002088202809168549,1.5065217532074067,0.5065217532074067
2026-04-16,249.6999969482422,0.004828961562342915,1.5137966888464787,0.5137966888464787
2026-04-17,250.5599975585937,0.0034441354459837648,1.5190104096805477,0.5190104096805477
2026-04-20,248.27999877929688,-0.00909961207500265,1.5051880042145638,0.5051880042145638
2026-04-21,249.91000366210932,0.00656518805713957,1.515069846523583,0.515069846523583
2026-04-22,255.3600006103516,0.021807838295304638,1.5481102447426613,0.5481102447426613
2026-04-23,255.0800018310547,-0.001096486445127165,1.5464127628437385,0.5464127628437385
2026-04-24,263.989990234375,0.03493017225717909,1.6004292270305704,0.6004292270305704
2026-04-27,261.1199951171875,-0.010871605831113018,1.5830299913137011,0.5830299913137011
2026-04-28,259.70001220703125,-0.005438047398549362,1.5744213991876121,0.5744213991876121
2026-04-29,263.0400085449219,0.012860978748156615,1.594669999343207,0.594669999343207
2026-04-30,265.0599975585937,0.0076793983730685245,1.6069161055417445,0.6069161055417445
2026-05-01,268.260009765625,0.012072784412985316,1.6263160572537039,0.6263160572537039
2026-05-04,272.04998779296875,0.014128002271583506,1.649292654204897,0.6492926542048969
2026-05-05,273.54998779296875,0.005513692583370089,1.6583863468801932,0.6583863468801932
2026-05-06,274.989990234375,0.005264129064761924,1.6671163066494095,0.6671163066494095
2026-05-07,271.1700134277344,-0.01389133038400725,1.6439578432451765,0.6439578432451765
2026-05-08,272.67999267578125,0.0055683857848436435,1.6531120347303851,0.6531120347303851
2026-05-11,268.989990234375,-0.013532354923427414,1.6307415359482242,0.6307415359482242
2026-05-12,265.82000732421875,-0.011784761609137218,1.6115236357009561,0.6115236357009561
2026-05-13,270.1300048828125,0.016213969753363422,1.6376528311870417,0.6376528311870417
2026-05-14,267.2200012207031,-0.010772604336833247,1.620011045195569,0.6200110451955689
2026-05-15,264.1400146484375,-0.011526033074604314,1.6013387443074205,0.6013387443074205
2026-05-18,264.8599853515625,0.0027257161474880665,1.6057035391803776,0.6057035391803776
2026-05-19,259.3399963378906,-0.020841158796957915,1.572238816739482,0.5722388167394821
2026-05-20,265.010009765625,0.021863243262898013,1.6066130564572283,0.6066130564572283
2026-05-21,268.4599914550781,0.01301830709151064,1.627528438603419,0.627528438603419
2026-05-22,266.32000732421875,-0.007971333528174807,1.6145548665927216,0.6145548665927216
2026-05-26,265.2900085449219,-0.003867523096163561,1.608310538356151,0.6083105383561509
2026-05-27,271.8500061035156,0.024727646527565872,1.6480802728551809,0.6480802728551809
2026-05-28,274.0,0.007908750591183455,1.661114528687442,0.661114528687442
2026-05-29,270.6400146484375,-0.01226272026117703,1.640744745900371,0.640744745900371
2026-06-01,261.260009765625,-0.03465860321873382,1.583878824768988,0.5838788247689879
2026-06-02,256.5199890136719,-0.0181429249589532,1.5551426301071292,0.5551426301071292
2026-06-03,250.0200042724609,-0.02533909644314125,1.5157367210200043,0.5157367210200043
2026-06-04,253.7899932861328,0.01507874949703436,1.5385921353397212,0.5385921353397212
2026-06-05,246.02999877929688,-0.03057644001781823,1.4915474652016194,0.4915474652016194
2026-06-08,245.22000122070312,-0.0032922715222234444,1.4866368859578916,0.48663688595789156
2026-06-09,244.19000244140625,-0.004200304926880172,1.4803925577213208,0.48039255772132083
2026-06-10,238.0,-0.025349123139844942,1.4428659044803331,0.44286590448033314
2026-06-11,241.509994506836,0.014747876079142852,1.4641451120384295,0.46414511203842945
2026-06-12,238.5500030517578,-0.012256186172015293,1.4462002769624402,0.44620027696244025
2026-06-15,246.0200042724609,0.03131419461387441,1.491486873885881,0.4914868738858811
2026-06-16,246.0,-8.131156862656308e-05,1.4913655987485794,0.49136559874857944
2026-06-17,237.5,-0.03455284552845528,1.4398346735885676,0.43983467358856765
2026-06-18,244.38999938964844,0.029010523745888195,1.481605031576862,0.4816050315768621
2026-06-22,232.7899932861328,-0.047465142323687703,1.4112804378855746,0.41128043788557456
2026-06-23,234.1100006103516,0.005670378290686617,1.4192829318426317,0.41928293184263166
2026-06-24,234.2700042724609,0.0006834550497294423,1.4202529479293944,0.4202529479293944
2026-06-25,227.009994506836,-0.030989924587961237,1.3762394161772329,0.3762394161772329
2026-06-26,232.69000244140625,0.02502095974633045,1.4106742472107168,0.41067424721071677
2026-06-29,240.13999938964844,0.03201683299701785,1.4558395689968562,0.4558395689968562
2026-06-30,238.33999633789065,-0.007495640277891069,1.4449271192853357,0.4449271192853357
2026-07-01,241.6999969482422,0.014097510539473612,1.465296994578232,0.4652969945782319
2026-07-02,242.6699981689453,0.004013244654325954,1.471177589908723,0.47117758990872294
2026-07-06,244.16000366210932,0.006140048231783046,1.4802106912682809,0.48021069126828086
2026-07-07,245.97999572753903,0.007454095831143537,1.4912443236112778,0.4912443236112778
2026-07-08,243.6199951171875,-0.009594278605344786,1.4769369101019123,0.4769369101019123
2026-07-09,247.0399932861328,0.01403824906613349,1.4976705183008885,0.4976705183008885
2026-07-10,245.33999633789065,-0.006881464517662694,1.4873643517700514,0.48736435177005144
2026-07-13,247.3099975585937,0.00802967820212186,1.4993074088840725,0.49930740888407255
2026-07-14,247.4900054931641,0.0007278635572658398,1.500398700108138,0.500398700108138
2026-07-15,254.9600067138672,0.03018304196089816,1.545685297031579,0.5456852970315791
2026-07-16,249.88999938964844,-0.019885500434225545,1.5149485713862816,0.5149485713862816
2026-07-17,247.22999572753903,-0.010644698341696013,1.4988224008406912,0.4988224008406912
2026-07-20,249.9900054931641,0.01116373341957555,1.5155548545669648,0.5155548545669648
2026-07-21,247.5500030517578,-0.009760399967161937,1.5007624330142173,0.5007624330142173
2026-07-22,244.8500061035156,-0.010906875035172958,1.484393804699849,0.48439380469984905
2026-07-23,233.66000366210932,-0.04570145869906761,1.4165548425412071,0.4165548425412071
2026-07-24,232.1100006103516,-0.006633583101364415,1.40715800827557,0.4071580082755699
2026-07-27,231.38999938964844,-0.0031019827616640683,1.4027930283909615,0.40279302839096154
2026-07-28,230.8600006103516,-0.002290499938177315,1.3995799310461565,0.3995799310461565
2026-07-29,226.6499938964844,-0.0182361894773313,1.3740569262349285,0.3740569262349285
2026-07-30,235.5,0.0390470167299346,1.4277097500215064,0.42770975002150635
2026-07-31,271.5799865722656,0.15320588778032107,1.6464432897661716,0.6464432897661716
2026-08-03,284.0199890136719,0.04580603526208682,1.7218603291542272,0.7218603291542272
2026-08-04,277.4200134277344,-0.023237715094833633,1.6818482293922448,0.6818482293922448
2026-08-05,272.6499938964844,-0.017194215631067156,1.652930168277346,0.6529301682773461
2026-08-06,272.260009765625,-0.001430347110176089,1.6505659043878278,0.6505659043878278
2026-08-07,274.4800109863281,0.00815397466052481,1.6640245769477324,0.6640245769477324
2026-08-10,278.0899963378906,0.013152088338200807,1.6859099751806863,0.6859099751806863
2026-08-11,272.2699890136719,-0.02092850300572191,1.6506264031977407,0.6506264031977407
2026-08-12,267.2799987792969,-0.0183273604720513,1.6203747781016502,0.6203747781016502
2026-08-13,265.1300048828125,-0.00804397600383,1.607340522269389,0.6073405222693891
2026-08-14,262.6499938964844,-0.009353943124710828,1.5923055504420383,0.5923055504420383
