Date,Close,SMA20,SMA50,SMA200,Bullish Crossover,Bearish Crossover,Crossover Type
2021-08-16,164.94949340820312,,,,False,False,
2021-08-17,162.09800720214844,,,,False,False,
2021-08-18,160.06100463867188,,,,False,False,
2021-08-19,159.3874969482422,,,,False,False,
2021-08-20,159.99749755859375,,,,False,False,
2021-08-23,163.2935028076172,,,,False,False,
2021-08-24,165.28900146484375,,,,False,False,
2021-08-25,164.95899963378906,,,,False,False,
2021-08-26,165.8000030517578,,,,False,False,
2021-08-27,167.48150634765625,,,,False,False,
2021-08-30,171.07850646972656,,,,False,False,
2021-08-31,173.5395050048828,,,,False,False,
2021-09-01,173.9499969482422,,,,False,False,
2021-09-02,173.156005859375,,,,False,False,
2021-09-03,173.90249633789062,,,,False,False,
2021-09-07,175.46449279785156,,,,False,False,
2021-09-08,176.27499389648438,,,,False,False,
2021-09-09,174.20799255371094,,,,False,False,
2021-09-10,173.45750427246094,,,,False,False,
2021-09-13,172.85850524902344,168.5603256225586,,,False,False,
2021-09-14,172.5,168.93785095214844,,,False,False,
2021-09-15,173.7895050048828,169.52242584228514,,,False,False,
2021-09-16,174.41200256347656,170.2399757385254,,,False,False,
2021-09-17,173.12600708007812,170.9269012451172,,,False,False,
2021-09-20,167.7864990234375,171.31635131835938,,,False,False,
2021-09-21,167.18150329589844,171.51075134277343,,,False,False,
2021-09-22,169.00250244140625,171.69642639160156,,,False,False,
2021-09-23,170.8000030517578,171.9884765625,,,False,False,
2021-09-24,171.2760009765625,172.26227645874025,,,False,False,
2021-09-27,170.2899932861328,172.40270080566407,,,False,False,
2021-09-28,165.79800415039062,172.13867568969727,,,False,False,
2021-09-29,165.05599975585938,171.7145004272461,,,False,False,
2021-09-30,164.2519989013672,171.22960052490234,,,False,False,
2021-10-01,164.16299438476562,170.7799499511719,,,False,False,
2021-10-04,159.48899841308594,170.05927505493165,,,False,False,
2021-10-05,161.0500030517578,169.33855056762695,,,False,False,
2021-10-06,163.10049438476562,168.67982559204103,,,False,False,
2021-10-07,165.1215057373047,168.2255012512207,,,False,False,
2021-10-08,164.43099975585938,167.77417602539063,,,False,False,
2021-10-11,162.31500244140625,167.24700088500975,,,False,False,
2021-10-12,162.3665008544922,166.74032592773438,,,False,False,
2021-10-13,164.21400451660156,166.2615509033203,,,False,False,
2021-10-14,164.9929962158203,165.7906005859375,,,False,False,
2021-10-15,170.4510040283203,165.6568504333496,,,False,False,
2021-10-18,172.33700561523438,165.88437576293944,,,False,False,
2021-10-19,172.20750427246094,166.13567581176758,,,False,False,
2021-10-20,170.7530059814453,166.22320098876952,,,False,False,
2021-10-21,171.75050354003906,166.2707260131836,,,False,False,
2021-10-22,166.77749633789062,166.04580078125,,,False,False,
2021-10-25,166.01849365234375,165.83222579956055,167.9603009033203,,False,False,
2021-10-26,168.80349731445312,165.98250045776368,168.03738098144532,,False,False,
2021-10-27,169.62449645996094,166.21092529296874,168.18791076660156,,False,False,
2021-10-28,172.32850646972656,166.61475067138673,168.43326080322265,,False,False,
2021-10-29,168.6215057373047,166.83767623901366,168.61794097900392,,False,False,
2021-11-01,165.90550231933594,167.15850143432618,168.73610107421874,,False,False,
2021-11-02,165.6374969482422,167.38787612915038,168.78298095703124,,False,False,
2021-11-03,169.1999969482422,167.6928512573242,168.86120086669922,,False,False,
2021-11-04,173.85000610351562,168.12927627563477,169.03902099609374,,False,False,
2021-11-05,175.94949340820312,168.70520095825196,169.24201080322266,,False,False,
2021-11-08,174.44900512695312,169.3119010925293,169.38136077880858,,False,False,
2021-11-09,178.81149291992188,170.13415069580077,169.5360205078125,,True,False,Bullish
2021-11-10,174.1024932861328,170.62857513427736,169.5472802734375,,False,False,
2021-11-11,173.625,171.06017532348633,169.54078033447266,,False,False,
2021-11-12,176.25750732421875,171.35050048828126,169.60281036376952,,False,False,
2021-11-15,177.28399658203125,171.59785003662108,169.67044036865235,,False,False,
2021-11-16,177.03500366210938,171.8392250061035,169.7018505859375,,False,False,
2021-11-17,177.4499969482422,172.17407455444337,169.72535064697266,,False,False,
2021-11-18,184.8029937744141,172.82669906616212,169.93725067138672,,False,False,
2021-11-19,183.82850646972656,173.67924957275392,170.14467071533204,,False,False,
2021-11-22,178.6284942626953,174.30974960327148,170.26007049560548,,False,False,
2021-11-23,179.0019989013672,174.81967468261718,170.3901104736328,,False,False,
2021-11-24,179.02049255371094,175.2894744873047,170.49473022460938,,False,False,
2021-11-26,175.22799682617188,175.43444900512696,170.51105010986328,,False,False,
2021-11-29,178.07850646972656,175.90729904174805,170.61010009765624,,False,False,
2021-11-30,175.35350036621094,176.37969894409179,170.76144012451172,,False,False,
2021-12-01,172.18600463867188,176.70712432861328,170.8615301513672,,False,False,
2021-12-02,171.8679962158203,176.84052429199218,170.91884002685546,,False,False,
2021-12-03,169.489501953125,176.62249908447265,170.89263000488282,,False,False,
2021-12-06,171.36849975585938,176.39344940185546,170.89447998046876,,False,False,
2021-12-07,176.1645050048828,176.47922439575194,171.01197021484376,,False,False,
2021-12-08,176.1580047607422,176.34654998779297,171.21917022705077,,False,False,
2021-12-09,174.17100524902344,176.3499755859375,171.40147033691406,,False,False,
2021-12-10,172.21200561523438,176.27932586669922,171.5606704711914,,False,False,
2021-12-13,169.5675048828125,175.9448257446289,171.66876068115235,,False,False,
2021-12-14,169.0915069580078,175.53520126342772,171.86081085205078,,False,False,
2021-12-15,173.31500244140625,175.34920120239258,172.10611083984375,,False,False,
2021-12-16,168.87100219726562,174.92025146484374,172.22152099609374,,False,False,
2021-12-17,170.0175018310547,174.18097686767578,172.31944091796876,,False,False,
2021-12-20,167.07899475097656,173.34350128173827,172.3724008178711,,False,False,
2021-12-21,170.41700744628906,172.93292694091798,172.53444091796874,,False,False,
2021-12-22,171.03700256347656,172.53467712402343,172.70785095214845,,False,True,Bearish
2021-12-23,171.06849670410156,172.13707733154297,172.84494079589842,,False,False,
2021-12-27,169.66949462890625,171.8591522216797,172.93847076416014,,False,False,
2021-12-28,170.66099548339844,171.48827667236327,172.9426705932617,,False,False,
2021-12-29,169.2010040283203,171.18065185546874,172.87995056152343,,False,False,
2021-12-30,168.64450073242188,171.00357666015626,172.80869049072265,,False,False,
2021-12-31,166.7169952392578,170.74602661132812,172.7279702758789,,False,False,
2022-01-03,170.4044952392578,170.79177627563476,172.70105010986327,,False,False,
2022-01-04,167.52200317382812,170.5994514465332,172.71594024658202,,False,False,
2022-01-05,164.35699462890625,170.0090759277344,172.68271026611328,,False,False,
2022-01-06,163.25399780273438,169.36387557983397,172.5717202758789,,False,False,
2022-01-07,162.5540008544922,168.78302536010742,172.43031036376954,,False,False,
2022-01-10,161.48599243164062,168.24672470092773,172.21346008300782,,False,False,
2022-01-11,165.36199951171875,168.03644943237305,172.1482699584961,,False,False,
2022-01-12,165.20700073242188,167.84222412109375,172.13429992675782,,False,False,
2022-01-13,161.21400451660156,167.2371742248535,172.045830078125,,False,False,
2022-01-14,162.13800048828125,166.9005241394043,171.9045901489258,,False,False,
2022-01-18,158.91749572753906,166.34552383422852,171.60593994140626,,False,False,
2022-01-19,156.2989959716797,165.80652389526367,171.21292999267578,,False,False,
2022-01-20,151.66749572753906,164.86904830932616,170.7572998046875,,False,False,
2022-01-21,142.64300537109375,163.44934844970703,170.03393005371095,,False,False,
2022-01-24,144.54400634765625,162.12312393188478,169.4427603149414,,False,False,
2022-01-25,139.98599243164062,160.6389488220215,168.76998016357422,,False,False,
2022-01-26,138.87249755859375,159.04952392578124,168.02227996826173,,False,False,
2022-01-27,139.6374969482422,157.57134857177735,167.26934997558592,,False,False,
2022-01-28,143.97799682617188,156.33802337646483,166.6082098388672,,False,False,
2022-01-31,149.57350158691406,155.48084869384766,166.05067993164062,,False,False,
2022-02-01,151.19349670410156,154.52029876708986,165.37848999023439,,False,False,
2022-02-02,150.6125030517578,153.67482376098633,164.714169921875,,False,False,
2022-02-03,138.8455047607422,152.3992492675781,163.91851013183594,,False,False,
2022-02-04,157.63949584960938,152.11852416992187,163.4912600708008,,False,False,
2022-02-07,157.9355010986328,151.8875991821289,163.0695602416992,,False,False,
2022-02-08,161.4134979248047,151.88397445678712,162.79327026367187,,False,False,
2022-02-09,161.1894989013672,151.67534942626952,162.4554901123047,,False,False,
2022-02-10,159.0034942626953,151.36517410278321,162.12848999023439,,False,False,
2022-02-11,153.2935028076172,150.969149017334,161.75063995361327,,False,False,
2022-02-14,155.16700744628906,150.62059936523437,161.41662017822264,,False,False,
2022-02-15,156.510498046875,150.50024948120117,161.15704010009765,,False,False,
2022-02-16,158.10049438476562,150.59032440185547,160.8916799926758,,False,False,
2022-02-17,154.65249633789062,150.73957443237305,160.46143981933594,,False,False,
2022-02-18,152.60150146484375,151.23749923706055,159.99030975341796,,False,False,
2022-02-22,150.19749450683594,151.52017364501953,159.51083953857423,,False,False,
2022-02-23,144.82699584960938,151.76222381591796,158.96313934326173,,False,False,
2022-02-24,151.35800170898438,152.3864990234375,158.59894927978516,,False,False,
2022-02-25,153.7884979248047,153.09404907226562,158.29288909912108,,False,False,
2022-02-28,153.56300354003906,153.57329940795898,157.89784912109374,,False,False,
2022-03-01,151.14199829101562,153.65172424316407,157.54326904296875,,False,False,
2022-03-02,152.05250549316406,153.69467468261718,157.18396911621093,,False,False,
2022-03-03,147.89849853515625,153.5589744567871,156.80035919189453,,False,False,
2022-03-04,145.64100646972656,153.89874954223632,156.30483917236327,,False,False,
2022-03-07,137.4530029296875,152.88942489624023,155.6331591796875,,False,False,
2022-03-08,136.01449584960938,151.79337463378906,154.93207916259766,,False,False,
2022-03-09,139.2790069580078,150.68665008544923,154.3242694091797,,False,False,
2022-03-10,146.8175048828125,149.9680503845215,153.84739959716796,,False,False,
2022-03-11,145.52450561523438,149.29410095214843,153.37386962890625,,False,False,
2022-03-14,141.85299682617188,148.72207565307616,152.83803955078125,,False,False,
2022-03-15,147.3665008544922,148.33205032348633,152.45102966308593,,False,False,
2022-03-16,153.10400390625,148.16172561645507,152.10501983642578,,False,False,
2022-03-17,157.23899841308594,148.1186508178711,151.89935974121093,,False,False,
2022-03-18,161.25050354003906,148.44855117797852,151.83722991943358,,False,False,
2022-03-21,161.4915008544922,148.89305114746094,151.80197998046876,,False,False,
2022-03-22,164.88900756835938,149.62762680053712,151.8486801147461,,False,False,
2022-03-23,163.4080047607422,150.55667724609376,151.88712036132813,,False,False,
2022-03-24,163.64950561523438,151.17125244140624,151.85287048339845,,False,False,
2022-03-25,164.77349853515625,151.72050247192382,151.84420043945312,,False,False,
2022-03-28,168.99049377441406,152.49187698364258,151.99973022460938,,True,False,Bullish
2022-03-29,169.31500244140625,153.4005271911621,152.14327026367187,,False,False,
2022-03-30,166.30099487304688,154.11295166015626,152.29094024658204,,False,False,
2022-03-31,162.99749755859375,154.86790161132814,152.4249102783203,,False,False,
2022-04-01,163.55999755859375,155.76385116577148,152.6627603149414,,False,False,
2022-04-04,168.34649658203125,157.30852584838868,153.17683013916016,,False,False,
2022-04-05,164.05499267578125,158.71055068969727,153.56704986572265,,False,False,
2022-04-06,158.75599670410156,159.68440017700195,153.94244995117188,,False,False,
2022-04-07,157.7845001220703,160.23274993896484,154.3206900024414,,False,False,
2022-04-08,154.4604949951172,160.67954940795897,154.6171499633789,,False,False,
2022-04-11,151.1219940185547,161.14299926757812,154.76002990722657,,False,False,
2022-04-12,150.78750610351562,161.3140495300293,154.78430999755858,,False,False,
2022-04-13,155.54100036621094,161.43589935302734,154.8712600708008,,False,False,
2022-04-14,151.7064971923828,161.15927429199218,154.8931399536133,,False,False,
2022-04-18,152.78500366210938,160.7359992980957,155.17192993164062,,False,False,
2022-04-19,158.11549377441406,160.56719894409179,155.18144989013672,,False,False,
2022-04-20,153.9980010986328,160.02264862060548,155.1026998901367,,False,False,
2022-04-21,148.29600524902344,159.26704864501954,154.8403500366211,,False,False,
2022-04-22,144.35000610351562,158.30207366943358,154.50356018066407,,False,False,
2022-04-25,146.07400512695312,157.36709899902343,154.24497039794923,,False,False,
2022-04-26,139.39100646972656,155.88712463378906,153.9669204711914,,False,False,
2022-04-27,138.16700744628906,154.3297248840332,153.6269204711914,,False,False,
2022-04-28,144.59649658203125,153.24449996948243,153.38864044189452,,False,True,Bearish
2022-04-29,124.28150177001952,151.3087001800537,152.71226058959962,,False,False,
2022-05-02,124.5,149.35570030212403,152.1092106628418,,False,False,
2022-05-03,124.25350189208984,147.15105056762695,151.5422506713867,,False,False,
2022-05-04,125.92849731445312,145.24472579956054,151.05687072753906,,False,False,
2022-05-05,116.40699768066406,143.12727584838868,150.48847076416016,,False,False,
2022-05-06,114.77249908447266,140.9766757965088,149.75676071166993,,False,False,
2022-05-09,108.78900146484376,138.6931011199951,148.8567707824707,,False,False,
2022-05-10,108.85900115966795,136.57995147705077,147.9626907348633,,False,False,
2022-05-11,105.37200164794922,134.30917625427247,147.04729080200195,,False,False,
2022-05-12,106.93049621582033,131.87865104675294,146.14485061645507,,False,False,
2022-05-13,113.05500030517578,129.9460762023926,145.44798065185546,,False,False,
2022-05-16,110.8105010986328,127.84735107421875,144.7513705444336,,False,False,
2022-05-17,115.36849975585938,125.71000137329102,144.30968048095704,,False,False,
2022-05-18,107.1125030517578,123.36572647094727,143.731640625,,False,False,
2022-05-19,107.31900024414062,121.31687622070312,143.09244049072265,,False,False,
2022-05-20,107.59100341796876,119.47892608642579,142.3079104614258,,False,False,
2022-05-23,107.55699920654295,117.55307579040527,141.54856033325194,,False,False,
2022-05-24,104.0999984741211,115.788525390625,140.79350036621094,,False,False,
2022-05-25,106.7750015258789,114.21892509460449,139.98167037963867,,False,False,
2022-05-26,111.07749938964844,112.54297523498535,139.14114028930663,,False,False,
2022-05-27,115.14649963378906,112.08622512817382,138.2992903137207,,False,False,
2022-05-31,120.20950317382812,111.87170028686523,137.47847030639647,157.48967784881592,False,False,
2022-06-01,121.68399810791016,111.74322509765625,136.68232025146483,157.27335037231444,False,False,
2022-06-02,125.51100158691406,111.7223503112793,135.89476013183594,157.0904153442383,False,False,
2022-06-03,122.3499984741211,112.01950035095214,135.0736000061035,156.90186031341554,False,False,
2022-06-06,124.79000091552734,112.52037544250489,134.29640991210937,156.72887283325196,False,False,
2022-06-07,123.0,113.23092536926269,133.46093994140625,156.543885345459,False,False,
2022-06-08,121.18000030517578,113.84697532653809,132.5047300720215,156.3333178329468,False,False,
2022-06-09,116.1500015258789,114.38587532043456,131.44143005371095,156.08762283325194,False,False,
2022-06-10,109.6500015258789,114.5218505859375,130.3084101867676,155.8110778427124,False,False,
2022-06-13,103.66999816894533,114.05260047912597,129.12186019897462,155.50042781829833,False,False,
2022-06-14,102.30999755859376,113.62757530212403,127.89686019897461,155.17457027435302,False,False,
2022-06-15,107.66999816894533,113.24265022277832,126.6833302307129,154.85752773284912,False,False,
2022-06-16,103.66000366210938,113.0700252532959,125.47543045043945,154.50813022613525,False,False,
2022-06-17,106.22000122070312,113.01507530212402,124.42471054077149,154.16948024749755,False,False,
2022-06-21,108.68000030517578,113.06952514648438,123.4426205444336,153.84710021972657,False,False,
2022-06-22,108.9499969482422,113.13917503356933,122.53241058349609,153.52233772277833,False,False,
2022-06-23,112.44000244140624,113.5561752319336,121.75877075195312,153.2072152709961,False,False,
2022-06-24,116.45999908447266,114.04042510986328,121.07222061157226,152.90814029693604,False,False,
2022-06-27,113.22000122070312,114.14755020141601,120.22580062866211,152.603200340271,False,False,
2022-06-28,107.4000015258789,113.76022529602051,119.33967071533203,152.2729128265381,False,False,
2022-06-29,108.91999816894533,113.19575004577636,118.46237060546875,151.95322029113768,False,False,
2022-06-30,106.20999908447266,112.42205009460449,117.42426071166992,151.62177028656006,False,False,
2022-07-01,109.55999755859376,111.62449989318847,116.53550064086915,151.30062274932862,False,False,
2022-07-05,113.5,111.18199996948242,115.83958053588867,150.99606273651122,False,False,
2022-07-06,114.33000183105467,110.65900001525878,115.23918045043945,150.70208271026613,False,False,
2022-07-07,116.33000183105467,110.32550010681152,114.64430038452149,150.4448002243042,False,False,
2022-07-08,115.54000091552734,110.0435001373291,114.1672802734375,150.18659271240233,False,False,
2022-07-11,111.75,109.82350006103516,113.63894012451172,149.9003302001953,False,False,
2022-07-12,109.22000122070312,109.80200004577637,112.93141021728516,149.59243019104005,False,False,
2022-07-13,110.4000015258789,110.13850021362305,112.65378021240234,149.28805019378663,False,False,
2022-07-14,110.62999725341795,110.55450019836425,112.3763801574707,148.98975021362304,False,False,
2022-07-15,113.5500030517578,110.84850044250489,112.16231018066406,148.72851020812988,False,False,
2022-07-18,113.76000213623048,111.35350036621094,111.91894027709961,148.47203022003174,False,False,
2022-07-19,118.20999908447266,111.95300025939942,111.95500030517579,148.24182022094726,False,False,
2022-07-20,122.7699966430664,112.65750007629394,112.11495025634765,148.03485523223878,True,False,Bullish
2022-07-21,124.62999725341795,113.44150009155274,112.43177017211914,147.86056022644044,False,False,
2022-07-22,122.41999816894533,113.94049987792968,112.70299011230469,147.66741020202636,False,False,
2022-07-25,121.13999938964844,114.17449989318848,113.01835006713867,147.45760772705077,False,False,
2022-07-26,114.80999755859376,114.25399971008301,113.17594009399414,147.20605018615723,False,False,
2022-07-27,120.97000122070312,114.93249969482422,113.33424011230468,146.98874519348144,False,False,
2022-07-28,122.27999877929688,115.60049972534179,113.56363006591796,146.7885701751709,False,False,
2022-07-29,134.9499969482422,117.03749961853028,113.95526000976562,146.65148765563964,False,False,
2022-08-01,135.38999938964844,118.32899971008301,114.52080993652343,146.5073676300049,False,False,
2022-08-02,134.16000366210938,119.36199989318848,115.05763000488281,146.35320266723633,False,False,
2022-08-03,139.52000427246094,120.62150001525879,115.69621002197266,146.19854766845702,False,False,
2022-08-04,142.57000732421875,121.93350028991699,116.39647018432618,146.04971267700196,False,False,
2022-08-05,140.8000030517578,123.19650039672851,117.1304702758789,145.89267517089843,False,False,
2022-08-08,139.41000366210938,124.57950057983399,117.78317031860351,145.73596015930175,False,False,
2022-08-09,137.8300018310547,126.01000061035157,118.31822036743164,145.56635765075683,False,False,
2022-08-10,142.69000244140625,127.62450065612794,118.86909042358398,145.4459201812744,False,False,
2022-08-11,140.63999938964844,129.12500076293946,119.27770034790039,145.31902770996095,False,False,
2022-08-12,143.5500030517578,130.62500076293946,119.71502044677734,145.19276023864745,False,False,
2022-08-15,143.17999267578125,132.096000289917,120.06840026855468,145.06053771972657,False,False,
2022-08-16,144.77999877929688,133.42450027465821,120.5170002746582,144.9227951812744,False,False,
2022-08-17,142.10000610351562,134.39100074768066,120.86320037841797,144.79018768310547,False,False,
2022-08-18,142.3000030517578,135.27450103759764,121.24920043945312,144.67216018676757,False,False,
2022-08-19,138.22999572753906,136.06500091552735,121.59020034790039,144.53512268066407,False,False,
2022-08-22,133.22000122070312,136.66900100708008,121.93160034179688,144.35522270202637,False,False,
2022-08-23,133.6199951171875,137.60950088500977,122.41100021362304,144.15407264709472,False,False,
2022-08-24,133.8000030517578,138.2510009765625,123.01360031127929,143.9433251953125,False,False,
2022-08-25,137.27999877929688,139.0010009765625,123.71300033569337,143.75748016357423,False,False,
2022-08-26,130.75,138.7910011291504,124.17460037231446,143.5171726989746,False,False,
2022-08-29,129.7899932861328,138.5110008239746,124.69720016479492,143.2956101989746,False,False,
2022-08-30,128.72999572753906,138.2395004272461,125.14740005493164,143.0711351776123,False,False,
2022-08-31,126.7699966430664,137.60200004577638,125.50919998168945,142.82369762420655,False,False,
2022-09-01,127.81999969482422,136.86449966430663,125.88660003662109,142.5763776397705,False,False,
2022-09-02,127.51000213623048,136.19999961853028,126.18800003051757,142.32875263214112,False,False,
2022-09-06,126.11000061035156,135.53499946594238,126.38100006103515,142.07205265045167,False,False,
2022-09-07,129.47999572753906,135.1174991607666,126.70619995117187,141.7954376602173,False,False,
2022-09-08,129.82000732421875,134.47399940490723,127.15460006713867,141.52539516448974,False,False,
2022-09-09,133.27000427246094,134.10549964904786,127.64160018920899,141.29860271453856,False,False,
2022-09-12,136.4499969482422,133.75049934387206,128.24640014648438,141.08584270477294,False,False,
2022-09-13,126.81999969482422,132.93249969482423,128.59160018920898,140.82484024047852,False,False,
2022-09-14,128.5500030517578,132.12099990844726,128.89260025024413,140.59145027160645,False,False,
2022-09-15,126.27999877929688,131.32999954223632,129.131600189209,140.33245773315429,False,False,
2022-09-16,123.52999877929688,130.3914993286133,129.27560012817383,140.07334022521974,False,False,
2022-09-19,124.66000366210938,129.7129997253418,129.45800018310547,139.83571022033692,False,False,
2022-09-20,122.19000244140624,129.16149978637696,129.6668002319336,139.58732025146483,False,True,Bearish
2022-09-21,118.54000091552734,128.40750007629396,129.85320022583008,139.33257274627687,False,False,
2022-09-22,117.30999755859376,127.58299980163574,129.99140014648438,139.06228023529053,False,False,
2022-09-23,113.77999877929688,126.40799980163574,130.05440017700195,138.7503577041626,False,False,
2022-09-26,115.1500015258789,125.62799987792968,130.08640014648438,138.44531768798828,False,False,
2022-09-27,114.41000366210938,124.85900039672852,130.09940017700194,138.14651268005372,False,False,
2022-09-28,118.01000213623048,124.32300071716308,130.09540023803712,137.8755026626587,False,False,
2022-09-29,114.8000030517578,123.72450103759766,129.93600036621095,137.6016651535034,False,False,
2022-09-30,113.0,122.98350105285644,129.7034004211426,137.32120761871337,False,False,
2022-10-03,115.87999725341795,122.40200080871583,129.57260040283202,137.03403259277343,False,False,
2022-10-04,121.08999633789062,122.15100059509277,129.57160034179688,136.79512756347657,False,False,
2022-10-05,120.9499969482422,121.72450065612793,129.69440032958985,136.5497900390625,False,False,
2022-10-06,120.3000030517578,121.24850044250488,129.68100036621092,136.3158950805664,False,False,
2022-10-07,114.55999755859376,120.31300010681153,129.52660034179686,136.03661003112794,False,False,
2022-10-10,113.66999816894533,119.17400016784669,129.10100036621094,135.7497750091553,False,False,
2022-10-11,112.20999908447266,118.4435001373291,128.63740036010742,135.45548252105712,False,False,
2022-10-12,112.9000015258789,117.66100006103515,128.2122003173828,135.171635055542,False,False,
2022-10-13,112.52999877929688,116.97350006103515,127.67240020751953,134.8809800720215,False,False,
2022-10-14,106.9000015258789,116.14200019836426,126.95900009155274,134.56947505950927,False,False,
2022-10-17,113.79000091552734,115.59850006103515,126.41880004882813,134.2952025604248,False,False,
2022-10-18,116.36000061035156,115.30699996948242,125.95779998779297,134.04341758728026,False,False,
2022-10-19,115.06999969482422,115.13349990844726,125.50259994506835,133.76674510955812,False,False,
2022-10-20,115.25,115.03050003051757,124.95379989624024,133.50538509368897,False,False,
2022-10-21,119.31999969482422,115.30750007629395,124.52739990234375,133.28020011901856,False,False,
2022-10-24,119.81999969482422,115.5409999847412,124.05279983520508,133.063030128479,False,False,
2022-10-25,120.5999984741211,115.85049972534179,123.60119995117188,132.85326011657716,False,False,
2022-10-26,115.66000366210938,115.73299980163574,123.01880004882813,132.62413017272948,False,False,
2022-10-27,110.95999908447266,115.54099960327149,122.39599990844727,132.35212017059325,False,False,
2022-10-28,103.41000366210938,115.06149978637696,121.61819992065429,132.0431351852417,False,False,
2022-10-31,102.44000244140624,114.38950004577637,120.90240005493165,131.7492651748657,False,False,
2022-11-01,96.79000091552734,113.1745002746582,120.17380004882813,131.42252517700194,False,False,
2022-11-02,92.12000274658205,111.73300056457519,119.34380020141602,131.08853771209718,False,False,
2022-11-03,89.30000305175781,110.1830005645752,118.45380020141602,130.75354274749756,False,False,
2022-11-04,90.9800033569336,109.00400085449219,117.52780029296875,130.45010528564453,False,False,
2022-11-07,90.52999877929688,107.84700088500976,116.72340026855468,130.18954025268556,False,False,
2022-11-08,89.9800033569336,106.73550109863281,115.9272004699707,129.91672023773194,False,False,
2022-11-09,86.13999938964844,105.39750099182129,115.0754005432129,129.64749027252196,False,False,
2022-11-10,96.62999725341795,104.60250091552734,114.47260055541992,129.4362777709961,False,False,
2022-11-11,100.79000091552734,104.29700088500977,113.93200057983398,129.2420402908325,False,False,
2022-11-14,98.48999786376952,103.53200073242188,113.35160049438477,129.01460029602052,False,False,
2022-11-15,98.94000244140624,102.6610008239746,112.80820053100587,128.76143280029297,False,False,
2022-11-16,97.12000274658205,101.7635009765625,112.16100067138672,128.49106533050536,False,False,
2022-11-17,94.8499984741211,100.74350090026856,111.46160049438477,128.21225280761718,False,False,
2022-11-18,94.13999938964844,99.48450088500977,110.67900039672851,127.98872528076171,False,False,
2022-11-21,92.45999908447266,98.11650085449219,109.79920043945313,127.66282779693603,False,False,
2022-11-22,93.1999969482422,96.74650077819824,109.12680038452149,127.33915027618409,False,False,
2022-11-23,94.12999725341795,95.67000045776368,108.43840026855469,127.00273277282714,False,False,
2022-11-25,93.41000366210938,94.79250068664551,107.78100036621093,126.66383529663086,False,False,
2022-11-28,93.9499969482422,94.31950035095215,107.18940032958984,126.33856781005859,False,False,
2022-11-29,92.41999816894533,93.8185001373291,106.54460021972656,126.03420028686523,False,False,
2022-11-30,96.54000091552734,93.80600013732911,106.03160018920899,125.74106525421142,False,False,
2022-12-01,95.5,93.975,105.57080017089844,125.43601276397705,False,False,
2022-12-02,94.12999725341795,94.21649971008301,105.10720016479492,125.11616027832031,False,False,
2022-12-05,91.01000213623048,94.21799964904785,104.65180023193359,124.79794780731201,False,False,
2022-12-06,88.25,94.103999710083,104.11380020141601,124.47619029998779,False,False,
2022-12-07,88.45999908447266,94.02799949645996,103.59480010986329,124.16750282287597,False,False,
2022-12-08,90.3499984741211,94.23849945068359,103.04160003662109,123.89511783599853,False,False,
2022-12-09,89.08999633789062,93.86149940490722,102.52739990234375,123.58377780914307,False,False,
2022-12-12,90.5500030517578,93.34949951171875,102.0783999633789,123.26758533477783,False,False,
2022-12-13,92.48999786376952,93.04949951171875,101.61059997558594,122.96222030639649,False,False,
2022-12-14,91.58000183105467,92.68149948120117,101.02040008544923,122.66441032409668,False,False,
2022-12-15,88.44999694824219,92.24799919128418,100.37040008544922,122.34639778137208,False,False,
2022-12-16,87.86000061035156,91.8984992980957,99.7216000366211,122.04620529174805,False,False,
2022-12-19,84.91999816894531,91.43749923706055,99.12880004882813,121.74260025024414,False,False,
2022-12-20,85.19000244140625,91.07399940490723,98.55920013427735,121.48128524780273,False,False,
2022-12-21,86.7699966430664,90.75249938964843,98.05040008544921,121.23506275177002,False,False,
2022-12-22,83.79000091552734,90.23549957275391,97.46820007324219,120.95761772155761,False,False,
2022-12-23,85.25,89.82749938964844,96.92260009765624,120.64978019714356,False,False,
2022-12-27,83.04000091552734,89.2819995880127,96.44540008544922,120.33735767364502,False,False,
2022-12-28,81.81999969482422,88.75199966430664,95.80600006103515,120.03719268798828,False,False,
2022-12-29,84.18000030517578,88.13399963378906,95.16240005493164,119.7212601852417,False,False,
2022-12-30,84.0,87.55899963378906,94.54100006103516,119.37574016571045,False,False,
2023-01-03,85.81999969482422,87.14349975585938,93.95240005493164,119.01864517211914,False,False,
2023-01-04,85.13999938964844,86.84999961853028,93.26880004882813,118.63809265136719,False,False,
2023-01-05,83.12000274658203,86.59349975585937,92.53480010986328,118.24623516082764,False,False,
2023-01-06,86.08000183105469,86.47449989318848,91.84440017700196,117.85219013214112,False,False,
2023-01-09,87.36000061035156,86.325,91.2784001159668,117.47195011138916,False,False,
2023-01-10,89.87000274658203,86.36400032043457,90.85660018920899,117.1030525970459,False,False,
2023-01-11,95.08999633789062,86.59099998474122,90.69020004272461,116.75463508605957,False,False,
2023-01-12,95.2699966430664,86.72999992370606,90.54679992675781,116.38603260040283,False,False,
2023-01-13,98.12000274658205,87.05699996948242,90.5733999633789,116.03005760192872,False,False,
2023-01-17,96.0500030517578,87.4370002746582,90.65199996948242,115.67880264282226,False,False,
2023-01-18,95.45999908447266,87.81700019836425,90.77519989013672,115.34111515045166,False,False,
2023-01-19,93.68000030517578,88.25500030517578,90.82919982910157,114.99171516418457,False,False,
2023-01-20,97.25,88.85800018310547,90.96359985351563,114.63623268127441,False,False,
2023-01-23,97.5199966430664,89.39550018310547,91.11439971923828,114.30355770111083,False,False,
2023-01-24,96.31999969482422,90.02200012207031,91.31799972534179,113.99137771606445,False,False,
2023-01-25,97.18000030517578,90.61850013732911,91.32899978637695,113.68835521697999,False,False,
2023-01-26,99.22000122070312,91.4275001525879,91.29759979248047,113.41215274810791,True,False,Bullish
2023-01-27,102.23999786376952,92.44850006103516,91.37259979248047,113.16774276733399,False,False,
2023-01-30,100.5500030517578,93.26700019836426,91.4047998046875,112.9165552520752,False,False,
2023-01-31,103.12999725341795,94.22350006103515,91.52499969482422,112.65450023651123,False,False,
2023-02-01,105.1500015258789,95.19000015258788,91.73099975585937,112.42171775817872,False,False,
2023-02-02,112.91000366210938,96.57850036621093,92.10639984130859,112.22234275817871,False,False,
2023-02-03,103.38999938964844,97.59200019836426,92.32499984741212,111.94871528625488,False,False,
2023-02-06,102.18000030517578,98.39700012207031,92.50459991455078,111.6896252822876,False,False,
2023-02-07,102.11000061035156,99.1345001220703,92.66419998168945,111.45869525909424,False,False,
2023-02-08,100.0500030517578,99.6435001373291,92.79699996948243,111.23719524383544,False,False,
2023-02-09,98.23999786376952,99.80100021362304,92.88279998779296,110.99802520751953,False,False,
2023-02-10,97.61000061035156,99.91800041198731,92.9866000366211,110.78912017822266,False,False,
2023-02-13,99.54000091552734,99.98900032043457,93.0466000366211,110.59598514556885,False,False,
2023-02-14,99.6999969482422,100.17150001525879,93.13059997558594,110.37150264739991,False,False,
2023-02-15,101.16000366210938,100.45650024414063,93.27120010375977,110.25589515686035,False,False,
2023-02-16,98.1500015258789,100.68000030517578,93.41400009155274,110.12414516448975,False,False,
2023-02-17,97.1999969482422,100.6775001525879,93.59300003051757,109.98887763977051,False,False,
2023-02-21,94.58000183105467,100.5305004119873,93.71540008544922,109.83213516235351,False,False,
2023-02-22,95.79000091552734,100.50400047302246,93.82420013427735,109.72905017852783,False,False,
2023-02-23,95.81999969482422,100.43600044250488,93.95880020141601,109.6342876815796,False,False,
2023-02-24,93.5,100.15000038146972,94.01780014038086,109.55784267425537,False,False,
2023-02-27,93.76000213623048,99.72600059509277,94.04320022583008,109.48234767913819,False,False,
2023-02-28,94.2300033569336,99.41000061035156,94.09620025634766,109.42663768768311,False,False,
2023-03-01,92.16999816894533,98.86200065612793,94.17060028076172,109.35283519744873,False,False,
2023-03-02,92.12999725341795,98.21100044250488,94.25600021362305,109.24821018218994,False,False,
2023-03-03,94.9000015258789,97.31050033569336,94.45560028076171,109.16865768432618,False,False,
2023-03-06,93.75,96.82850036621093,94.6268002319336,109.06056518554688,False,False,
2023-03-07,93.5500030517578,96.39700050354004,94.76240036010742,108.99275268554688,False,False,
2023-03-08,93.91999816894533,95.98750038146973,94.96500030517578,108.9257576751709,False,False,
2023-03-09,92.25,95.59750022888184,95.10500030517578,108.84905265808105,False,False,
2023-03-10,90.7300033569336,95.22200050354004,95.25880035400391,108.764917678833,False,True,Bearish
2023-03-13,92.43000030517578,94.96300048828125,95.47100036621094,108.70656768798828,False,False,
2023-03-14,94.87999725341795,94.73000030517578,95.68500030517578,108.64709266662598,False,False,
2023-03-15,96.1999969482422,94.55500030517578,95.92900024414062,108.57270515441894,False,False,
2023-03-16,100.04000091552734,94.49900016784667,96.2134002685547,108.49717266082763,False,False,
2023-03-17,98.9499969482422,94.53899993896485,96.48960021972657,108.39087512969971,False,False,
2023-03-20,97.70999908447266,94.56450004577637,96.78140014648437,108.27100513458252,False,False,
2023-03-21,100.61000061035156,94.86599998474121,97.0720001220703,108.1465001296997,False,False,
2023-03-22,98.6999969482422,95.01149978637696,97.29880004882813,108.02825012207032,False,False,
2023-03-23,98.70999908447266,95.15599975585937,97.47559997558594,107.89785011291504,False,False,
2023-03-24,98.12999725341795,95.38749961853027,97.53639999389648,107.77350009918213,False,False,
2023-03-27,98.04000091552734,95.60149955749512,97.5918000793457,107.65780010223389,False,False,
2023-03-28,97.23999786376952,95.75199928283692,97.57419998168945,107.56325008392334,False,False,
2023-03-29,100.25,96.15599937438965,97.6581999206543,107.51625007629394,False,False,
2023-03-30,102.0,96.64949951171874,97.78899993896485,107.50790008544922,False,False,
2023-03-31,103.29000091552734,97.06899948120117,97.98119995117187,107.51280010223388,False,False,
2023-04-03,102.41000366210938,97.50199966430664,98.08440002441407,107.4865001296997,False,False,
2023-04-04,103.9499969482422,98.02199935913086,98.21300003051758,107.48795009613038,False,False,
2023-04-05,101.0999984741211,98.38099937438965,98.30860000610352,107.46235008239746,True,False,Bullish
2023-04-06,102.05999755859376,98.87149925231934,98.40619995117187,107.42925006866454,False,False,
2023-04-10,102.16999816894533,99.44349899291993,98.46519989013672,107.39535007476806,False,False,
2023-04-11,99.91999816894533,99.8179988861084,98.41879989624023,107.33275005340576,False,False,
2023-04-12,97.83000183105467,99.96549911499024,98.36439987182617,107.23960006713867,False,False,
2023-04-13,102.4000015258789,100.27549934387207,98.3497999572754,107.18550006866455,False,False,
2023-04-14,102.51000213623048,100.39899940490723,98.29699996948243,107.1610500717163,False,False,
2023-04-17,102.73999786376952,100.5884994506836,98.09359985351563,107.13015007019042,False,False,
2023-04-18,102.3000030517578,100.81799964904785,98.07179992675782,107.11060009002685,False,False,
2023-04-19,104.3000030517578,101.00249977111817,98.11419998168945,107.08430011749267,False,False,
2023-04-20,103.80999755859376,101.25799980163575,98.14819992065429,107.03585010528565,False,False,
2023-04-21,106.95999908447266,101.67049980163574,98.2863998413086,106.99900009155273,False,False,
2023-04-24,106.20999908447266,102.07449989318847,98.44579986572266,106.94840007781983,False,False,
2023-04-25,102.56999969482422,102.30099983215332,98.54499984741211,106.88355007171631,False,False,
2023-04-26,104.9800033569336,102.68800010681153,98.65379989624023,106.84970008850098,False,False,
2023-04-27,109.81999969482422,103.16650009155273,98.85619995117187,106.85270008087159,False,False,
2023-04-28,105.4499969482422,103.33899993896485,98.94199981689454,106.8279500579834,False,False,
2023-05-01,102.0500030517578,103.27700004577636,99.01999984741211,106.7850500869751,False,False,
2023-05-02,103.62999725341795,103.3379997253418,99.14859985351562,106.7354500579834,False,False,
2023-05-03,103.6500015258789,103.32299995422363,99.32999984741211,106.68490005493165,False,False,
2023-05-04,104.0,103.46800003051757,99.49419982910156,106.61385005950928,False,False,
2023-05-05,105.66000366210938,103.64800033569335,99.69099990844727,106.52830009460449,False,False,
2023-05-08,105.83000183105467,103.83100051879883,99.93759994506836,106.43430011749268,False,False,
2023-05-09,106.62000274658205,104.16600074768067,100.1947999572754,106.35530014038086,False,False,
2023-05-10,110.19000244140624,104.78400077819825,100.51399993896484,106.30055015563966,False,False,
2023-05-11,112.18000030517578,105.27300071716309,100.91419998168945,106.28740016937256,False,False,
2023-05-12,110.26000213623048,105.66050071716309,101.2768000793457,106.2338501739502,False,False,
2023-05-15,111.1999969482422,106.08350067138672,101.60279998779296,106.17845016479492,False,False,
2023-05-16,113.4000015258789,106.63850059509278,101.99580001831055,106.0707001876831,False,False,
2023-05-17,115.5,107.19850044250488,102.43479995727539,105.97125019073486,False,False,
2023-05-18,118.1500015258789,107.91550064086914,102.91940002441406,105.89120018005372,False,False,
2023-05-19,116.25,108.3800006866455,103.39940002441406,105.77485015869141,False,False,
2023-05-22,115.01000213623048,108.8200008392334,103.885,105.63705013275147,False,False,
2023-05-23,114.98999786376952,109.44100074768066,104.33619995117188,105.50800010681152,False,False,
2023-05-24,116.75,110.02950057983398,104.77360000610352,105.39470008850098,False,False,
2023-05-25,115.0,110.28850059509277,105.14960006713868,105.2805500793457,False,False,
2023-05-26,120.11000061035156,111.02150077819825,105.55100006103515,105.16765007019043,False,False,
2023-05-30,121.66000366210938,112.00200080871582,106.0052001953125,105.07275009155273,False,False,
2023-05-31,120.58000183105467,112.84950103759766,106.46260025024414,104.95790008544923,False,False,
2023-06-01,122.7699966430664,113.80550079345703,106.90580017089843,104.85585010528564,False,False,
2023-06-02,124.25,114.81800079345703,107.41680023193359,104.75320011138916,False,False,
2023-06-05,125.3000030517578,115.80000076293945,107.9486003112793,104.66920009613037,False,False,
2023-06-06,126.61000061035156,116.8390007019043,108.51820037841797,104.59075008392334,False,False,
2023-06-07,121.2300033569336,117.56950073242187,108.98200042724609,104.50575012207031,False,False,
2023-06-08,124.25,118.27250061035156,109.5222004699707,104.4609001159668,False,False,
2023-06-09,123.43000030517578,118.83500061035156,109.98580047607422,104.40995014190673,False,False,
2023-06-12,126.56999969482422,119.65050048828125,110.4772004699707,104.37380012512207,False,False,
2023-06-13,126.66000366210938,120.4235008239746,110.94460052490234,104.32070014953614,False,False,
2023-06-14,126.41999816894533,121.07450065612792,111.42480041503906,104.29905014038086,False,False,
2023-06-15,127.11000061035156,121.65500068664551,111.88800048828125,104.28565017700195,False,False,
2023-06-16,125.48999786376952,122.02200050354004,112.37580047607422,104.2694501876831,False,False,
2023-06-20,125.77999877929688,122.49850044250488,112.85020050048828,104.26450019836426,False,False,
2023-06-21,124.83000183105467,122.9895004272461,113.30340057373047,104.24955020904541,False,False,
2023-06-22,130.14999389648438,123.74750022888183,113.90800048828125,104.26275016784668,False,False,
2023-06-23,129.3300018310547,124.37650032043457,114.53800048828126,104.27885017395019,False,False,
2023-06-26,127.33000183105467,124.99300041198731,115.03660049438477,104.26810020446777,False,False,
2023-06-27,129.17999267578125,125.44650001525879,115.57000030517578,104.26490013122559,False,False,
2023-06-28,129.0399932861328,125.81549949645996,116.09600021362304,104.24375007629395,False,False,
2023-06-29,127.9000015258789,126.18149948120117,116.60800018310547,104.20100009918212,False,False,
2023-06-30,130.36000061035156,126.56099967956543,117.12920013427734,104.21870010375977,False,False,
2023-07-03,130.22000122070312,126.85949974060058,117.65740020751953,104.2270500946045,False,False,
2023-07-05,130.3800048828125,127.11349983215332,118.12580032348633,104.24755012512207,False,False,
2023-07-06,128.36000061035156,127.20099983215331,118.56880035400391,104.27170013427734,False,False,
2023-07-07,129.77999877929688,127.62849960327148,119.11300033569336,104.29730010986329,False,False,
2023-07-10,127.12999725341795,127.77249946594239,119.55600021362305,104.32200008392334,False,False,
2023-07-11,128.77999877929688,128.03999938964844,119.9352001953125,104.37320007324219,False,False,
2023-07-12,130.8000030517578,128.25149955749512,120.44220031738281,104.44065010070801,False,False,
2023-07-13,134.3000030517578,128.63349952697754,121.08720031738281,104.54325012207032,False,False,
2023-07-14,134.67999267578125,129.04649925231934,121.70820022583008,104.64090007781982,False,False,
2023-07-17,133.55999755859375,129.36899909973144,122.30640014648438,104.73665004730225,False,False,
2023-07-18,132.8300018310547,129.7359992980957,122.88300018310547,104.81075004577637,False,False,
2023-07-19,135.36000061035156,130.21499938964843,123.47700012207031,104.91355003356934,False,False,
2023-07-20,129.9600067138672,130.47149963378905,123.95960021972657,104.99835006713867,False,False,
2023-07-21,130.0,130.46399993896483,124.42720016479493,105.06895008087159,False,False,
2023-07-24,128.8000030517578,130.4375,124.79940017700196,105.10750011444092,False,False,
2023-07-25,129.1300048828125,130.5275001525879,125.13840026855469,105.14840015411377,False,False,
2023-07-26,128.14999389648438,130.47600021362305,125.49620010375976,105.18765010833741,False,False,
2023-07-27,128.25,130.4365005493164,125.83720016479492,105.25610012054443,False,False,
2023-07-28,132.2100067138672,130.65200080871583,126.2134002685547,105.34880016326905,False,False,
2023-07-31,133.67999267578125,130.8180004119873,126.57700012207032,105.45615013122558,False,False,
2023-08-01,131.69000244140625,130.89150047302246,126.84780014038085,105.55010013580322,False,False,
2023-08-02,128.2100067138672,130.7830005645752,127.08700027465821,105.62850017547608,False,False,
2023-08-03,128.91000366210938,130.81050071716308,127.36500030517578,105.73855018615723,False,False,
2023-08-04,139.57000732421875,131.30000114440918,127.85660049438476,105.86745021820069,False,False,
2023-08-07,142.22000122070312,132.05450134277345,128.36600051879884,105.99675022125244,False,False,
2023-08-08,139.94000244140625,132.6125015258789,128.86480056762696,106.12110023498535,False,False,
2023-08-09,137.85000610351562,132.9650016784668,129.21960067749023,106.23410026550293,False,False,
2023-08-10,138.55999755859375,133.1780014038086,129.55760055541992,106.33030025482178,False,False,
2023-08-11,138.41000366210938,133.364501953125,129.91420059204103,106.4232502746582,False,False,
2023-08-14,140.57000732421875,133.71500244140626,130.27020080566408,106.52310031890869,False,False,
2023-08-15,137.6699981689453,133.95700225830078,130.53860076904297,106.63315029144287,False,False,
2023-08-16,135.07000732421875,133.94250259399413,130.7340008544922,106.7537003326416,False,False,
2023-08-17,133.97999572753906,134.14350204467775,130.88140075683594,106.90655029296875,False,False,
2023-08-18,133.22000122070312,134.30450210571288,131.12120071411132,107.06045028686523,False,False,
2023-08-21,134.67999267578125,134.59850158691407,131.32980056762696,107.24990024566651,False,False,
2023-08-22,134.25,134.85450134277343,131.54620056152345,107.4605502319336,False,False,
2023-08-23,135.52000427246094,135.22300186157227,131.72520065307617,107.69165023803711,False,False,
2023-08-24,131.83999633789062,135.4025016784668,131.8288005065918,107.89595020294189,False,False,
2023-08-25,133.25999450683594,135.45500106811522,131.9656004333496,108.1096001815796,False,False,
2023-08-28,133.13999938964844,135.4280014038086,132.08620040893555,108.32540016174316,False,False,
2023-08-29,134.91000366210938,135.58900146484376,132.27460052490235,108.56925018310547,False,False,
2023-08-30,135.07000732421875,135.93200149536133,132.4604006958008,108.76145023345947,False,False,
2023-08-31,138.00999450683594,136.38700103759766,132.7240005493164,108.94755020141602,False,False,
2023-09-01,138.1199951171875,136.3145004272461,132.88340057373046,109.1457001876831,False,False,
2023-09-05,137.27000427246094,136.06700057983397,133.0422006225586,109.33735019683837,False,False,
2023-09-06,135.36000061035156,135.83800048828124,133.20280059814453,109.52855018615723,False,False,
2023-09-07,137.85000610351562,135.83800048828124,133.3762008666992,109.7435502243042,False,False,
2023-09-08,138.22999572753906,135.8215003967285,133.56000091552735,109.96400020599366,False,False,
2023-09-11,143.10000610351562,136.05600051879884,133.86400100708008,110.21720024108886,False,False,
2023-09-12,141.22999572753906,136.08899993896483,134.08140090942382,110.45735023498536,False,False,
2023-09-13,144.85000610351562,136.44800033569337,134.37400100708007,110.71095027923585,False,False,
2023-09-14,144.72000122070312,136.93050003051758,134.6608009338379,110.96750026702881,False,False,
2023-09-15,140.38999938964844,137.25100021362306,134.90140090942384,111.19970027923584,False,False,
2023-09-18,139.97999572753906,137.58899993896483,135.10540084838868,111.43750026702881,False,False,
2023-09-19,137.6300048828125,137.73650054931642,135.31540100097655,111.64295028686523,False,False,
2023-09-20,135.2899932861328,137.78850021362305,135.4456008911133,111.8419002532959,False,False,
2023-09-21,129.3300018310547,137.47900009155273,135.41620086669923,112.01790027618408,False,False,
2023-09-22,129.1199951171875,137.34300003051757,135.3126007080078,112.20845024108887,False,False,
2023-09-25,131.27000427246094,137.24350051879884,135.2444009399414,112.42355026245117,False,False,
2023-09-26,125.9800033569336,136.8855007171631,135.0928010559082,112.61115028381347,False,False,
2023-09-27,125.9800033569336,136.4390007019043,134.9558010864258,112.78930030822754,False,False,
2023-09-28,125.9800033569336,135.98450050354003,134.76820114135742,112.97375034332275,False,False,
2023-09-29,127.12000274658205,135.44000091552735,134.71140106201173,113.15660034179687,False,False,
2023-10-02,129.4600067138672,135.00700149536132,134.70060119628906,113.34145038604737,False,False,
2023-10-03,124.72000122070312,134.37950134277344,134.61900115966796,113.5071503829956,False,True,Bearish
2023-10-04,127.0,133.96150131225585,134.5764010620117,113.6999003982544,False,False,
2023-10-05,125.95999908447266,133.36700096130372,134.5326011657715,113.890400390625,False,False,
2023-10-06,127.95999908447266,132.8535011291504,134.52680114746093,114.10560039520264,False,False,
2023-10-09,128.25999450683594,132.11150054931642,134.4478009033203,114.32095035552979,False,False,
2023-10-10,129.47999572753906,131.5240005493164,134.36380096435548,114.53450035095214,False,False,
2023-10-11,131.8300018310547,130.87300033569335,134.36660095214845,114.77470035552979,False,False,
2023-10-12,132.3300018310547,130.25350036621094,134.4490008544922,115.01010036468506,False,False,
2023-10-13,129.7899932861328,129.72350006103517,134.46660064697267,115.24385032653808,False,False,
2023-10-16,132.5500030517578,129.35200042724608,134.32620056152345,115.49750034332276,False,False,
2023-10-17,131.47000122070312,129.04400024414062,134.11120056152345,115.73395034790039,False,False,
2023-10-18,128.1300048828125,128.6860008239746,133.87500061035155,115.95460037231446,False,False,
2023-10-19,128.39999389648438,128.6395004272461,133.68600036621095,116.16750034332276,False,False,
2023-10-20,125.16999816894533,128.44200057983397,133.41820037841796,116.36765033721923,False,False,
2023-10-23,126.55999755859376,128.2065002441406,133.18120025634767,116.5848503112793,False,False,
2023-10-24,128.55999755859375,128.33549995422362,132.94100006103517,116.79725028991699,False,False,
2023-10-25,121.38999938964844,128.1059997558594,132.6154000854492,116.96740028381348,False,False,
2023-10-26,119.56999969482422,127.7854995727539,132.30539993286132,117.11590026855468,False,False,
2023-10-27,127.73999786376952,127.81649932861328,132.18059997558595,117.27915027618408,False,False,
2023-10-30,132.7100067138672,127.97899932861328,132.17040008544922,117.46635032653809,False,False,
2023-10-31,133.08999633789062,128.39749908447266,132.13860015869142,117.64120029449462,False,False,
2023-11-01,137.0,128.89749908447266,132.1936001586914,117.84595027923584,False,False,
2023-11-02,138.07000732421875,129.50299949645995,132.24460021972655,118.05900032043456,False,False,
2023-11-03,138.60000610351562,130.0349998474121,132.37980041503906,118.28360034942627,False,False,
2023-11-06,139.74000549316406,130.6090003967285,132.50940063476563,118.49605037689209,False,False,
2023-11-07,142.7100067138672,131.27050094604493,132.70080078125,118.72200042724609,False,False,
2023-11-08,142.0800018310547,131.78300094604492,132.8442007446289,118.95080043792724,False,False,
2023-11-09,140.60000610351562,132.19650115966797,132.95480072021485,119.16790046691895,False,False,
2023-11-10,143.55999755859375,132.885001373291,133.06580078125,119.3896004486084,False,False,
2023-11-13,142.58999633789062,133.38700103759766,133.15520080566407,119.591350440979,True,False,Bullish
2023-11-14,145.8000030517578,134.1035011291504,133.32580078125,119.817600440979,False,False,
2023-11-15,143.1999969482422,134.85700073242188,133.48260070800782,120.01795043945313,False,False,
2023-11-16,142.8300018310547,135.5785011291504,133.5822006225586,120.20635044097901,False,False,
2023-11-17,145.17999267578125,136.5790008544922,133.72120056152343,120.36770038604736,False,False,
2023-11-20,146.1300048828125,137.55750122070313,133.78180053710938,120.58140041351318,False,False,
2023-11-21,143.89999389648438,138.32450103759766,133.83520050048827,120.79000038146972,False,False,
2023-11-22,146.7100067138672,139.5905014038086,133.87240051269532,121.0130004119873,False,False,
2023-11-24,146.74000549316406,140.9490016937256,133.91280059814454,121.24645042419434,False,False,
2023-11-27,147.72999572753906,141.94850158691406,134.05960052490235,121.49390041351319,False,False,
2023-11-28,147.02999877929688,142.66450119018555,134.2006005859375,121.7410004043579,False,False,
2023-11-29,146.32000732421875,143.32600173950195,134.37440063476564,121.97490043640137,False,False,
2023-11-30,146.08999633789062,143.78050155639647,134.59040069580078,122.20685043334962,False,False,
2023-12-01,147.02999877929688,144.2285011291504,134.94440063476563,122.43620040893555,False,False,
2023-12-04,144.83999633789062,144.54050064086914,135.25880065917968,122.6696503829956,False,False,
2023-12-05,146.8800048828125,144.89750061035156,135.5710006713867,122.91805042266846,False,False,
2023-12-06,144.52000427246094,144.98800048828124,135.94180068969726,123.16775043487549,False,False,
2023-12-07,146.8800048828125,145.22800064086914,136.35980072021485,123.42320045471192,False,False,
2023-12-08,147.4199981689453,145.56900024414062,136.78860061645508,123.68120044708252,False,False,
2023-12-11,145.88999938964844,145.68550033569335,137.1640005493164,123.94315044403076,False,False,
2023-12-12,147.47999572753906,145.93000030517578,137.52440032958984,124.21175041198731,False,False,
2023-12-13,148.83999633789062,146.0819999694824,138.0068002319336,124.4848003768921,False,False,
2023-12-14,147.4199981689453,146.2930000305176,138.4152001953125,124.76105037689209,False,False,
2023-12-15,149.97000122070312,146.65,138.8954002380371,125.05025039672852,False,False,
2023-12-18,154.07000732421875,147.09450073242186,139.41760040283202,125.34610042572021,False,False,
2023-12-19,153.7899932861328,147.47750015258788,139.92820037841796,125.64630039215088,False,False,
2023-12-20,152.1199951171875,147.88850021362305,140.38100036621094,125.93915035247802,False,False,
2023-12-21,153.83999633789062,148.24499969482423,140.82120025634765,126.23875034332275,False,False,
2023-12-22,153.4199981689453,148.5789993286133,141.24300018310547,126.54460033416748,False,False,
2023-12-26,153.41000366210938,148.8629997253418,141.715400390625,126.85800033569336,False,False,
2023-12-27,153.33999633789062,149.1784996032715,142.13120025634765,127.16255031585693,False,False,
2023-12-28,153.3800048828125,149.53149948120117,142.56940032958985,127.4550503540039,False,False,
2023-12-29,151.94000244140625,149.82399978637696,143.04560028076173,127.73375038146973,False,False,
2024-01-02,149.92999267578125,149.96899948120117,143.47620025634765,127.983200340271,False,False,
2024-01-03,148.47000122070312,150.1504997253418,143.9422003173828,128.2308003616333,False,False,
2024-01-04,144.57000732421875,150.0349998474121,144.3024005126953,128.46510040283204,False,False,
2024-01-05,145.24000549316406,150.07099990844728,144.6360006713867,128.6882504272461,False,False,
2024-01-08,149.10000610351562,150.18199996948243,145.19020080566406,128.94025047302247,False,False,
2024-01-09,151.3699951171875,150.37949981689454,145.82620071411134,129.20355045318604,False,False,
2024-01-10,153.72999572753906,150.77149963378906,146.34600067138672,129.48155044555665,False,False,
2024-01-11,155.17999267578125,151.15649948120117,146.795400390625,129.76725040435792,False,False,
2024-01-12,154.6199951171875,151.44549942016602,147.22600036621094,130.054150390625,False,False,
2024-01-16,153.16000366210938,151.7324996948242,147.54920043945313,130.31870040893554,False,False,
2024-01-17,151.7100067138672,151.81949996948242,147.82200042724608,130.56725044250487,False,False,
2024-01-18,153.5,151.79099960327147,148.12000030517578,130.81830043792723,False,False,
2024-01-19,155.33999633789062,151.86849975585938,148.43200012207032,131.08295040130616,False,False,
2024-01-22,154.77999877929688,152.00149993896486,148.6733999633789,131.33710041046143,False,False,
2024-01-23,156.02000427246094,152.11050033569336,148.95220001220704,131.61170043945313,False,False,
2024-01-24,156.8699951171875,152.28300018310546,149.27759979248046,131.88575042724608,False,False,
2024-01-25,157.75,152.5,149.5613998413086,132.16365043640135,False,False,
2024-01-26,159.1199951171875,152.78899993896485,149.89199981689453,132.45965042114258,False,False,
2024-01-29,161.25999450683594,153.18299942016603,150.2011996459961,132.7768003845215,False,False,
2024-01-30,159.0,153.5359992980957,150.51719970703124,133.0598003768921,False,False,
2024-01-31,155.1999969482422,153.79949951171875,150.764599609375,133.32325035095215,False,False,
2024-02-01,159.27999877929688,154.33999938964843,151.04659973144533,133.60595035552979,False,False,
2024-02-02,171.80999755859375,155.70199890136718,151.56019958496094,133.95350032806397,False,False,
2024-02-05,170.30999755859375,156.95549850463868,152.08839965820312,134.28355030059814,False,False,
2024-02-06,169.14999389648438,157.9579978942871,152.53719940185547,134.6102502822876,False,False,
2024-02-07,170.52999877929688,158.91599807739257,153.01299926757812,134.92810028076173,False,False,
2024-02-08,169.83999633789062,159.72149810791015,153.45519927978515,135.2462502670288,False,False,
2024-02-09,174.4499969482422,160.68499832153321,154.00359924316408,135.6056502532959,False,False,
2024-02-12,172.33999633789062,161.57099838256835,154.5239990234375,135.9424502182007,False,False,
2024-02-13,168.63999938964844,162.34499816894532,154.97499908447264,136.2365502166748,False,False,
2024-02-14,170.97999572753906,163.3084976196289,155.4539990234375,136.5642002105713,False,False,
2024-02-15,169.8000030517578,164.1234977722168,155.95319915771483,136.90295021057128,False,False,
2024-02-16,169.50999450683594,164.83199768066407,156.4057989501953,137.23235019683838,False,False,
2024-02-20,167.0800018310547,165.44699783325194,156.85699890136718,137.54950019836426,False,False,
2024-02-21,168.58999633789062,166.07549743652345,157.29119873046875,137.8724501800537,False,False,
2024-02-22,174.5800018310547,166.96099777221679,157.83439880371094,138.21705017089843,False,False,
2024-02-23,174.99000549316406,167.822998046875,158.41639892578124,138.56285018920897,False,False,
2024-02-26,174.72999572753906,168.60349807739257,158.96139892578125,138.90340015411377,False,False,
2024-02-27,173.5399932861328,169.2174980163574,159.4553988647461,139.2201501083374,False,False,
2024-02-28,173.16000366210938,169.92549819946288,159.9701989746094,139.52505012512208,False,False,
2024-02-29,176.75999450683594,171.00349807739258,160.50599884033204,139.8575500869751,False,False,
2024-03-01,178.22000122070312,171.95049819946288,160.9889987182617,140.1926501083374,False,False,
2024-03-04,177.5800018310547,172.23899841308594,161.46479888916016,140.51355010986327,False,False,
2024-03-05,174.1199951171875,172.42949829101562,161.90479888916016,140.8066500854492,False,False,
2024-03-06,173.50999450683594,172.6474983215332,162.29819885253906,141.083450050354,False,False,
2024-03-07,176.82000732421875,172.9619987487793,162.76619903564452,141.3863000869751,False,False,
2024-03-08,175.35000610351562,173.23749923706055,163.20499908447266,141.68800010681153,False,False,
2024-03-11,171.9600067138672,173.1129997253418,163.57739929199218,141.972850151062,False,False,
2024-03-12,175.38999938964844,173.2654998779297,164.01759918212892,142.26605014801027,False,False,
2024-03-13,176.55999755859375,173.66149978637696,164.50999908447267,142.5738501358032,False,False,
2024-03-14,178.75,174.05,165.08639923095703,142.86705013275147,False,False,
2024-03-15,174.4199981689453,174.28099975585937,165.60539916992187,143.13085010528565,False,False,
2024-03-18,174.47999572753906,174.52949981689454,166.2035989379883,143.40035007476806,False,False,
2024-03-19,175.89999389648438,174.97049942016602,166.8167987060547,143.66600006103516,False,False,
2024-03-20,178.14999389648438,175.4484992980957,167.39779846191405,143.93550003051757,False,False,
2024-03-21,178.14999389648438,175.6269989013672,167.9333984375,144.1997499847412,False,False,
2024-03-22,178.8699951171875,175.82099838256835,168.43619842529296,144.46104995727538,False,False,
2024-03-25,179.7100067138672,176.06999893188475,168.92679870605468,144.75344997406006,False,False,
2024-03-26,178.3000030517578,176.30799942016603,169.40039886474608,145.02369998931886,False,False,
2024-03-27,179.8300018310547,176.6414993286133,169.933798828125,145.30569999694825,False,False,
2024-03-28,180.3800048828125,176.8224998474121,170.5071987915039,145.5747500228882,False,False,
2024-04-01,180.97000122070312,176.95999984741212,171.05659881591797,145.84630001068115,False,False,
2024-04-02,180.69000244140625,177.1154998779297,171.56359893798827,146.11765003204346,False,False,
2024-04-03,182.41000366210932,177.53000030517578,172.11619903564454,146.39415004730225,False,False,
2024-04-04,180.0,177.854500579834,172.5957989501953,146.6667000579834,False,False,
2024-04-05,185.07000732421875,178.267000579834,173.15979919433593,146.96315010070802,False,False,
2024-04-08,185.19000244140625,178.7590003967285,173.70859924316406,147.26495010375976,False,False,
2024-04-09,185.6699981689453,179.44449996948242,174.23959930419923,147.54255012512206,False,False,
2024-04-10,185.9499969482422,179.9724998474121,174.73339935302735,147.825650100708,False,False,
2024-04-11,189.0500030517578,180.5970001220703,175.3343994140625,148.13425010681152,False,False,
2024-04-12,186.1300048828125,180.96600036621095,175.9529995727539,148.4190001678467,False,False,
2024-04-15,183.6199951171875,181.42600021362304,176.4397994995117,148.69190017700194,False,False,
2024-04-16,183.32000732421875,181.86800079345704,176.6699996948242,148.96900020599367,False,False,
2024-04-17,181.27999877929688,182.13700103759766,176.88939971923827,149.2236001968384,False,False,
2024-04-18,179.22000122070312,182.19050140380858,177.09079986572266,149.46860019683837,False,False,
2024-04-19,174.6300048828125,182.014501953125,177.17279998779296,149.6898501968384,False,False,
2024-04-22,177.22999572753906,181.93250198364257,177.32059997558594,149.9342001724243,False,False,
2024-04-23,179.5399932861328,181.92400131225585,177.42239990234376,150.1830001449585,False,False,
2024-04-24,176.58999633789062,181.8385009765625,177.50739990234376,150.43030014038087,False,False,
2024-04-25,173.6699981689453,181.53050079345704,177.6079998779297,150.6547501373291,False,False,
2024-04-26,179.6199951171875,181.49250030517578,177.78079986572266,150.89885009765624,False,False,
2024-04-29,180.9600067138672,181.49200057983398,178.00399993896485,151.1321501159668,False,False,
2024-04-30,175.0,181.20750045776367,178.11380004882812,151.3337501525879,False,False,
2024-05-01,179.0,181.0370002746582,178.35220001220702,151.56095016479492,False,False,
2024-05-02,184.72000122070312,181.27300033569335,178.67480010986327,151.82040016174315,False,False,
2024-05-03,186.2100067138672,181.3300003051758,178.90740020751954,152.07465019226075,False,False,
2024-05-06,188.6999969482422,181.50550003051757,179.1816000366211,152.36835014343262,False,False,
2024-05-07,188.759994506836,181.6599998474121,179.46220001220703,152.6621501159668,False,False,
2024-05-08,188.0,181.7625,179.75140014648437,152.958150100708,False,False,
2024-05-09,189.5,181.7849998474121,180.0782000732422,153.26000007629395,False,False,
2024-05-10,187.47999572753903,181.85249938964844,180.29260009765625,153.5566500854492,False,False,
2024-05-13,186.57000732421875,182.0,180.45960021972655,153.8482501220703,False,False,
2024-05-14,187.07000732421875,182.1875,180.64940032958984,154.12255012512207,False,False,
2024-05-15,185.9900054931641,182.42300033569336,180.88680053710937,154.384100189209,False,False,
2024-05-16,183.6300048828125,182.64350051879882,181.0892007446289,154.643800201416,False,False,
2024-05-17,184.6999969482422,183.14700012207032,181.24680053710938,154.9262501525879,False,False,
2024-05-20,183.5399932861328,183.4625,181.4106002807617,155.199400100708,False,False,
2024-05-21,183.1499938964844,183.64300003051758,181.63440002441405,155.41730003356935,False,False,
2024-05-22,183.1300048828125,183.97000045776366,181.78920013427734,155.62185005187987,False,False,
2024-05-23,181.0500030517578,184.3390007019043,181.87900024414063,155.82740005493164,False,False,
2024-05-24,180.75,184.39550094604493,181.91900024414062,156.04190002441408,False,False,
2024-05-28,182.1499938964844,184.4550003051758,182.07360015869142,156.2598500061035,False,False,
2024-05-29,182.0200042724609,184.80600051879884,182.22440032958986,156.47790000915526,False,False,
2024-05-30,179.32000732421875,184.82200088500977,182.29280059814454,156.6716500091553,False,False,
2024-05-31,176.44000244140625,184.40800094604492,182.25860076904297,156.86550003051758,False,False,
2024-06-03,178.33999633789062,184.0145004272461,182.26240081787108,157.08184997558592,False,False,
2024-06-04,179.33999633789062,183.5465003967285,182.27180084228516,157.3086499786377,False,False,
2024-06-05,181.27999877929688,183.17250061035156,182.30320068359376,157.54894996643065,False,False,
2024-06-06,185.0,183.02250061035156,182.4372006225586,157.80055000305177,False,False,
2024-06-07,184.3000030517578,182.76250076293945,182.52660064697267,158.05080001831055,False,False,
2024-06-10,187.0599975585937,182.7415008544922,182.6602005004883,158.30849998474122,False,False,
2024-06-11,187.22999572753903,182.7745002746582,182.785400390625,158.58544998168946,False,True,Bearish
2024-06-12,186.88999938964844,182.7654998779297,182.90940032958986,158.8536000061035,False,False,
2024-06-13,183.8300018310547,182.65749969482422,182.93780029296875,159.10705001831056,False,False,
2024-06-14,183.66000366210932,182.65899963378905,183.01100036621094,159.35080001831054,False,False,
2024-06-17,184.0599975585937,182.62699966430665,182.99080017089844,159.59574996948243,False,False,
2024-06-18,182.8099975585937,182.59049987792966,182.9432000732422,159.8197499847412,False,False,
2024-06-20,186.1000061035156,182.73800048828122,182.9518002319336,160.05965003967285,False,False,
2024-06-21,189.0800018310547,183.03550033569334,183.01440032958985,160.3187000274658,True,False,Bullish
2024-06-24,185.57000732421875,183.2615005493164,182.94480041503905,160.56975006103517,False,False,
2024-06-25,186.33999633789065,183.5410003662109,182.94900024414062,160.81220001220703,False,False,
2024-06-26,193.6100006103516,184.11400070190427,183.1488003540039,161.0891000366211,False,False,
2024-06-27,197.8500061035156,184.905500793457,183.43940032958983,161.3628500366211,False,False,
2024-06-28,193.25,185.60200042724608,183.6788003540039,161.6229500579834,False,False,
2024-07-01,197.1999969482422,186.64000015258787,184.03840026855468,161.88470001220702,False,False,
2024-07-02,200.0,187.72300033569334,184.54580017089845,162.1611000061035,False,False,
2024-07-03,197.58999633789065,188.63550033569334,184.95300018310547,162.44709999084472,False,False,
2024-07-05,200.0,189.57150039672848,185.36220031738281,162.74720001220703,False,False,
2024-07-08,199.2899932861328,190.28600006103514,185.81620025634766,163.05549995422362,False,False,
2024-07-09,199.33999633789065,191.0379997253418,186.32960021972656,163.37574996948243,False,False,
2024-07-10,199.7899932861328,191.67449951171875,186.73300018310547,163.72804992675782,False,False,
2024-07-11,195.0500030517578,192.06549987792968,187.01480010986327,164.05769996643068,False,False,
2024-07-12,194.4900054931641,192.44550018310548,187.40460021972658,164.3737999725342,False,False,
2024-07-15,192.72000122070312,192.8900001525879,187.67900024414064,164.70749996185302,False,False,
2024-07-16,193.0200042724609,193.35800018310547,187.84500030517577,165.04269996643066,False,False,
2024-07-17,187.92999267578125,193.55149993896484,187.87940002441405,165.3524499130249,False,False,
2024-07-18,183.75,193.59850006103517,187.78040008544923,165.635599899292,False,False,
2024-07-19,183.1300048828125,193.45,187.66780029296876,165.90394989013672,False,False,
2024-07-22,182.5500030517578,193.12350006103514,187.5588003540039,166.19309989929198,False,False,
2024-07-23,186.41000366210932,193.16549987792968,187.4970004272461,166.49014991760254,False,False,
2024-07-24,180.8300018310547,192.8900001525879,187.36400054931642,166.76449993133545,False,False,
2024-07-25,179.85000610351562,192.2020004272461,187.22960052490234,167.02394996643068,False,False,
2024-07-26,182.5,191.43450012207032,187.13820037841796,167.29514999389647,False,False,
2024-07-29,183.1999969482422,190.93199996948243,187.08240020751953,167.56375,False,False,
2024-07-30,181.7100067138672,190.15750045776366,187.04400024414062,167.81315002441406,False,False,
2024-07-31,186.97999572753903,189.50650024414062,187.08960021972655,168.0863999938965,False,False,
2024-08-01,184.07000732421875,188.83050079345702,187.10020050048828,168.35780006408692,False,False,
2024-08-02,167.89999389648438,187.22550048828126,186.79520050048828,168.53455001831054,False,False,
2024-08-05,161.02000427246094,185.31200103759767,186.35300048828125,168.68230003356933,False,True,Bearish
2024-08-06,161.92999267578125,183.44150085449218,185.97060028076172,168.85129997253418,False,False,
2024-08-07,162.77000427246094,181.5905014038086,185.61100036621093,169.02315002441406,False,False,
2024-08-08,165.8000030517578,180.12800140380858,185.2840005493164,169.22630004882814,False,False,
2024-08-09,166.94000244140625,178.75050125122067,184.9824005126953,169.42820007324218,False,False,
2024-08-12,166.8000030517578,177.45450134277343,184.7320004272461,169.61940010070802,False,False,
2024-08-13,170.22999572753906,176.31500091552735,184.60780029296876,169.86360008239745,False,False,
2024-08-14,170.10000610351562,175.42350158691406,184.44300048828126,170.11625011444093,False,False,
2024-08-15,177.58999633789062,175.1155014038086,184.40800048828126,170.3655001068115,False,False,
2024-08-16,177.05999755859375,174.81200103759767,184.3236004638672,170.58725006103515,False,False,
2024-08-19,178.22000122070312,174.59550094604492,184.18800048828126,170.81290008544923,False,False,
2024-08-20,178.8800048828125,174.21900100708007,184.07960052490233,171.0223001098633,False,False,
2024-08-21,180.11000061035156,174.18300094604493,183.9406005859375,171.23250007629395,False,False,
2024-08-22,176.1300048828125,173.99700088500975,183.71860076904298,171.42015007019043,False,False,
2024-08-23,177.0399932861328,173.7240005493164,183.52160064697264,171.60665000915526,False,False,
2024-08-26,175.5,173.3390007019043,183.35500061035157,171.77059997558592,False,False,
2024-08-27,173.1199951171875,172.9095001220703,183.14420043945313,171.9257999420166,False,False,
2024-08-28,170.8000030517578,172.10050048828126,182.8790005493164,172.07679992675781,False,False,
2024-08-29,172.1199951171875,171.50299987792968,182.66520050048828,172.21959991455077,False,False,
2024-08-30,178.5,172.03300018310546,182.51320037841796,172.39914993286132,False,False,
2024-09-03,176.25,172.79449996948242,182.25660034179688,172.55139991760254,False,False,
2024-09-04,173.3300018310547,173.3645004272461,182.0118002319336,172.7020499420166,False,False,
2024-09-05,177.88999938964844,174.12050018310546,181.84280029296875,172.87734992980958,False,False,
2024-09-06,171.38999938964844,174.4,181.3984002685547,173.0083999633789,False,False,
2024-09-09,175.39999389648438,174.8229995727539,180.94940002441408,173.15474990844726,False,False,
2024-09-10,179.5500030517578,175.46049957275392,180.6754000854492,173.33299995422362,False,False,
2024-09-11,184.5200042724609,176.175,180.4218002319336,173.5220499420166,False,False,
2024-09-12,187.0,177.0199996948242,180.1618002319336,173.7233499145508,False,False,
2024-09-13,186.4900054931641,177.4650001525879,179.93980041503906,173.9171499633789,False,False,
2024-09-16,184.88999938964844,177.85650024414062,179.63760040283202,174.10644996643066,False,False,
2024-09-17,186.8800048828125,178.28950042724608,179.38940063476562,174.30924995422365,False,False,
2024-09-18,186.42999267578125,178.66699981689453,179.13120056152343,174.5109499359131,False,False,
2024-09-19,189.8699951171875,179.15499954223634,178.93280059814452,174.72514991760255,True,False,Bullish
2024-09-20,191.6000061035156,179.9284996032715,178.86380065917967,174.95894996643065,False,False,
2024-09-23,193.8800048828125,180.77050018310547,178.85160064697266,175.19394996643067,False,False,
2024-09-24,193.9600067138672,181.69350051879883,178.87640075683595,175.4411499786377,False,False,
2024-09-25,192.52999877929688,182.66400070190429,178.86660064697264,175.66939994812012,False,False,
2024-09-26,191.16000366210932,183.68200073242187,178.9312008666992,175.88809997558593,False,False,
2024-09-27,187.97000122070312,184.47450103759766,179.01560089111328,176.0984999847412,False,False,
2024-09-30,186.3300018310547,184.8660011291504,179.07960083007814,176.29275001525878,False,False,
2024-10-01,185.1300048828125,185.31000137329102,179.13120086669923,176.4742000579834,False,False,
2024-10-02,184.759994506836,185.8815010070801,179.09820068359375,176.66090003967284,False,False,
2024-10-03,181.9600067138672,186.08500137329102,179.12080078125,176.82085006713868,False,False,
2024-10-04,186.509994506836,186.84100112915038,179.2540005493164,176.98305000305174,False,False,
2024-10-07,180.8000030517578,187.11100158691406,179.22000061035158,177.11810005187988,False,False,
2024-10-08,182.72000122070312,187.26950149536134,179.2104006958008,177.27110008239745,False,False,
2024-10-09,185.1699981689453,187.30200119018554,179.27960052490235,177.42775009155272,False,False,
2024-10-10,186.6499938964844,187.28450088500978,179.27300048828124,177.59390007019044,False,False,
2024-10-11,188.82000732421875,187.4010009765625,179.36800048828124,177.77095008850097,False,False,
2024-10-14,187.5399932861328,187.53350067138672,179.76080047607422,177.9419500732422,False,False,
2024-10-15,187.69000244140625,187.5740005493164,180.29420043945314,178.11350006103515,False,False,
2024-10-16,186.88999938964844,187.59700088500978,180.79340057373048,178.28825004577638,False,False,
2024-10-17,187.52999877929688,187.48000106811523,181.2886004638672,178.47625007629395,False,False,
2024-10-18,188.9900054931641,187.34950103759766,181.75240051269532,178.67885009765624,False,False,
2024-10-21,189.07000732421875,187.10900115966797,182.19500061035157,178.90135009765626,False,False,
2024-10-22,189.6999969482422,186.89600067138673,182.65300048828124,179.12365005493163,False,False,
2024-10-23,184.7100067138672,186.50500106811523,182.9426007080078,179.3017000579834,False,False,
2024-10-24,186.3800048828125,186.2660011291504,183.26820068359376,179.47675010681152,False,False,
2024-10-25,187.8300018310547,186.25900115966797,183.47300079345703,179.6472501373291,False,False,
2024-10-28,188.38999938964844,186.36200103759765,183.6996008300781,179.81330017089843,False,False,
2024-10-29,190.8300018310547,186.64700088500976,183.95180084228517,179.99435020446776,False,False,
2024-10-30,192.72999572753903,187.0455009460449,184.22880065917968,180.1922001647949,False,False,
2024-10-31,186.3999938964844,187.2675003051758,184.35460052490234,180.365650100708,False,False,
2024-11-01,197.92999267578125,187.83850021362304,184.7906002807617,180.5878000640869,False,False,
2024-11-04,195.77999877929688,188.5875,185.165400390625,180.79000007629395,False,False,
2024-11-05,199.5,189.42649993896484,185.645400390625,181.01360008239746,False,False,
2024-11-06,207.08999633789065,190.52249984741212,186.32480041503905,181.2689500427246,False,False,
2024-11-07,210.0500030517578,191.6925003051758,187.10980041503908,181.53485008239747,False,False,
2024-11-08,208.17999267578125,192.66049957275393,187.83100036621093,181.78700004577638,False,False,
2024-11-11,206.83999633789065,193.62549972534183,188.39780029296875,182.02560005187988,False,False,
2024-11-12,208.91000366210932,194.68649978637694,189.05100036621093,182.26385009765625,False,False,
2024-11-13,214.1000061035156,196.0470001220703,189.86640045166016,182.53935012817382,False,False,
2024-11-14,211.47999572753903,197.24449996948243,190.53820037841797,182.8207501220703,False,False,
2024-11-15,202.6100006103516,197.9254997253418,191.16260040283203,183.03740013122558,False,False,
2024-11-18,201.6999969482422,198.55699920654297,191.68860046386717,183.18685012817383,False,False,
2024-11-19,204.6100006103516,199.30249938964843,192.18980041503906,183.35835014343263,False,False,
2024-11-20,202.8800048828125,200.21099929809571,192.5570004272461,183.52700019836425,False,False,
2024-11-21,198.3800048828125,200.8109992980957,192.78460052490234,183.66625022888184,False,False,
2024-11-22,197.1199951171875,201.27549896240234,192.9972003173828,183.8026502227783,False,False,
2024-11-25,201.4499969482422,201.92849884033203,193.32840026855467,183.93765022277833,False,False,
2024-11-26,207.8600006103516,202.7799987792969,193.74800018310546,184.1152502441406,False,False,
2024-11-27,205.7400054931641,203.43049926757814,194.13420043945314,184.3007502746582,False,False,
2024-11-29,207.88999938964844,204.50499954223633,194.49460052490235,184.48530029296876,False,False,
2024-12-02,210.7100067138672,205.1440002441406,194.87680053710938,184.6898503112793,False,False,
2024-12-03,213.44000244140625,206.0270004272461,195.26800048828125,184.90950035095216,False,False,
2024-12-04,218.16000366210932,206.96000061035156,195.7520004272461,185.16490036010742,False,False,
2024-12-05,220.5500030517578,207.63300094604492,196.31240051269532,185.42470039367674,False,False,
2024-12-06,227.02999877929688,208.48200073242188,197.02980041503906,185.68695037841798,False,False,
2024-12-09,226.08999633789065,209.37750091552735,197.79220031738282,185.9424503326416,False,False,
2024-12-10,225.0399932861328,210.28750076293946,198.56640014648437,186.19400032043458,False,False,
2024-12-11,230.259994506836,211.3550003051758,199.46899993896486,186.4776003265381,False,False,
2024-12-12,228.97000122070312,212.09850006103517,200.3532000732422,186.75665031433107,False,False,
2024-12-13,227.4600067138672,212.89750061035156,201.2632000732422,187.0101503753662,False,False,
2024-12-16,232.92999267578125,214.41350021362305,202.19160003662108,187.28370033264162,False,False,
2024-12-17,231.1499938964844,215.88600006103516,203.19859985351562,187.55155029296876,False,False,
2024-12-18,220.5200042724609,216.68150024414064,203.95459991455078,187.78355033874513,False,False,
2024-12-19,223.2899932861328,217.70199966430664,204.71699981689454,188.0324503326416,False,False,
2024-12-20,224.9199981689453,219.02899932861328,205.48239990234376,188.27295028686524,False,False,
2024-12-23,225.0599975585937,220.4259994506836,206.20719970703124,188.5215002441406,False,False,
2024-12-24,229.0500030517578,221.80599975585938,207.03739990234374,188.80695022583006,False,False,
2024-12-26,227.0500030517578,222.7654998779297,207.8245999145508,189.06525024414063,False,False,
2024-12-27,223.75,223.66599960327147,208.5617999267578,189.30120025634767,False,False,
2024-12-30,221.3000030517578,224.33649978637695,209.23720001220704,189.51395027160643,False,False,
2024-12-31,219.38999938964844,224.770499420166,209.8451998901367,189.73880027770997,False,False,
2025-01-02,220.22000122070312,225.10949935913087,210.4681997680664,189.96750030517578,False,False,
2025-01-03,224.19000244140625,225.4109992980957,211.15799987792968,190.20895034790038,False,False,
2025-01-06,227.6100006103516,225.76399917602538,212.01599975585938,190.45625038146972,False,False,
2025-01-07,222.1100006103516,225.51799926757812,212.73059967041016,190.67605041503907,False,False,
2025-01-08,222.1300048828125,225.31999969482422,213.4165997314453,190.8923504638672,False,False,
2025-01-10,218.94000244140625,225.0150001525879,214.02759979248046,191.08850044250488,False,False,
2025-01-13,218.4600067138672,224.42500076293945,214.58019989013673,191.28930046081544,False,False,
2025-01-14,217.759994506836,223.8645004272461,215.08079986572267,191.47895042419432,False,False,
2025-01-15,223.3500061035156,223.65900039672852,215.81980010986328,191.69380043029784,False,False,
2025-01-16,220.66000366210932,223.0455009460449,216.27440032958984,191.8922504425049,False,False,
2025-01-17,225.94000244140625,222.785001373291,216.87760040283203,192.11850044250488,False,False,
2025-01-21,230.7100067138672,223.29450149536132,217.50180053710938,192.36000045776368,False,False,
2025-01-22,235.009994506836,223.8805015563965,218.0602005004883,192.63505043029784,False,False,
2025-01-23,235.4199981689453,224.40550155639647,218.56760040283203,192.88680038452148,False,False,
2025-01-24,234.8500061035156,224.89500198364257,219.1010006713867,193.13510040283202,False,False,
2025-01-27,235.4199981689453,225.21350173950196,219.67260070800782,193.38385040283202,False,False,
2025-01-28,238.1499938964844,225.76850128173828,220.2574005126953,193.64485038757323,False,False,
2025-01-29,237.07000732421875,226.43450164794922,220.71680053710938,193.88495040893554,False,False,
2025-01-30,234.63999938964844,227.10150146484375,221.18000061035156,194.12750038146973,False,False,
2025-01-31,237.67999267578125,228.0160011291504,221.88140045166017,194.39780036926268,False,False,
2025-02-03,237.4199981689453,228.8760009765625,222.59580047607423,194.66830032348633,False,False,
2025-02-04,242.0599975585937,229.76950073242188,223.34480041503906,194.9722003173828,False,False,
2025-02-05,236.1699981689453,230.19750061035157,224.0106002807617,195.256950302124,False,False,
2025-02-06,238.8300018310547,231.03350067138672,224.81960021972657,195.57795028686525,False,False,
2025-02-07,229.1499938964844,231.3845001220703,225.4602001953125,195.83755027770997,False,False,
2025-02-10,233.13999938964844,232.09449996948243,226.09400024414063,196.10555030822755,False,False,
2025-02-11,232.759994506836,232.80949935913085,226.59200012207032,196.38640029907228,False,False,
2025-02-12,228.92999267578125,233.3679992675781,227.05579986572266,196.66270027160644,False,False,
2025-02-13,230.3699951171875,233.71899871826173,227.50539978027345,196.91645027160644,False,False,
2025-02-14,228.67999267578125,234.1199981689453,227.86479949951172,197.155050201416,False,False,
2025-02-18,226.6499938964844,234.1554977416992,228.12899932861328,197.41330017089842,False,False,
2025-02-19,226.6300048828125,233.95149765014648,228.29839935302735,197.6514501953125,False,False,
2025-02-20,222.8800048828125,233.34499816894532,228.34499938964845,197.84225021362306,False,False,
2025-02-21,216.5800018310547,232.4029983520508,228.13599945068358,197.99410018920898,False,False,
2025-02-24,212.7100067138672,231.29599838256837,227.86839965820312,198.1141502380371,False,False,
2025-02-25,212.8000030517578,230.16499862670898,227.62359985351563,198.23435028076173,False,False,
2025-02-26,214.3500061035156,228.97499923706056,227.3054000854492,198.3661003112793,False,False,
2025-02-27,208.7400054931641,227.55849914550782,226.90080017089844,198.4623003387451,False,False,
2025-02-28,212.27999877929688,226.44049911499025,226.59720001220703,198.5863003540039,False,True,Bearish
2025-03-03,205.0200042724609,224.80749969482423,226.03900024414062,198.6785503387451,False,False,
2025-03-04,203.8000030517578,223.12649993896486,225.4920004272461,198.76220031738282,False,False,
2025-03-05,208.3600006103516,221.44150009155274,225.24880035400392,198.87405029296875,False,False,
2025-03-06,200.6999969482422,219.6680000305176,224.7970004272461,198.9594002532959,False,False,
2025-03-07,199.25,217.68899993896486,224.28360046386717,199.0321502685547,False,False,
2025-03-10,194.5399932861328,215.95849990844727,223.67320037841796,199.0871502685547,False,False,
2025-03-11,196.58999633789065,214.13099975585936,223.02400024414064,199.15435028076172,False,False,
2025-03-12,198.88999938964844,212.4375,222.46080017089844,199.2331502532959,False,False,
2025-03-13,193.88999938964844,210.68550033569335,221.8636001586914,199.29735023498534,False,False,
2025-03-14,197.9499969482422,209.0645004272461,221.3966000366211,199.38335021972657,False,False,
2025-03-17,195.7400054931641,207.41750106811523,220.9236001586914,199.45130027770995,False,False,
2025-03-18,192.82000732421875,205.72600173950195,220.37560028076172,199.50530029296874,False,False,
2025-03-19,195.5399932861328,204.17150115966797,219.80260009765624,199.5864002227783,False,False,
2025-03-20,194.9499969482422,202.77500076293944,219.14940002441406,199.6789501953125,False,False,
2025-03-21,196.2100067138672,201.7565010070801,218.63140014648437,199.76830024719237,False,False,
2025-03-24,203.259994506836,201.28400039672852,218.25399993896485,199.8879002380371,False,False,
2025-03-25,205.7100067138672,200.92950057983398,217.98940002441407,200.01005027770995,False,False,
2025-03-26,201.1300048828125,200.26850051879882,217.64279998779296,200.09070030212402,False,False,
2025-03-27,201.3600006103516,199.8995002746582,217.31480010986328,200.176000289917,False,False,
2025-03-28,192.72000122070312,198.9215003967285,216.70220001220704,200.20430030822754,False,False,
2025-03-31,190.259994506836,198.18349990844726,216.09419982910157,200.21945030212402,False,False,
2025-04-01,192.1699981689453,197.60199966430665,215.41879974365236,200.2458502960205,False,False,
2025-04-02,196.009994506836,196.98449935913087,214.72479949951173,200.30675025939942,False,False,
2025-04-03,178.41000366210938,195.86999969482423,213.5927996826172,200.28050025939942,False,False,
2025-04-04,171.0,194.4574996948242,212.3043997192383,200.21520027160645,False,False,
2025-04-07,175.25999450683594,193.49349975585938,211.1125994873047,200.17745025634767,False,False,
2025-04-08,170.66000366210938,192.1970001220703,209.81739959716796,200.10025024414062,False,False,
2025-04-09,191.1000061035156,191.80750045776367,208.8763998413086,200.11035026550292,False,False,
2025-04-10,181.22000122070312,191.17400054931642,207.75939971923827,200.08860023498536,False,False,
2025-04-11,184.8699951171875,190.52000045776367,206.76399963378907,200.08125022888183,False,False,
2025-04-14,182.1199951171875,189.83899993896483,205.6527996826172,200.023800201416,False,False,
2025-04-15,179.58999633789062,189.17749938964843,204.4961996459961,199.9325001525879,False,False,
2025-04-16,174.3300018310547,188.11699981689452,203.14159973144533,199.83790016174316,False,False,
2025-04-17,172.61000061035156,187.0,201.87039978027343,199.7149501800537,False,False,
2025-04-21,167.32000732421875,185.55550003051758,200.4401998901367,199.5515502166748,False,False,
2025-04-22,173.17999267578125,184.05149993896484,199.32079986572265,199.42950019836425,False,False,
2025-04-23,180.6000061035156,182.79599990844727,198.27,199.33250022888183,False,False,
2025-04-24,186.5399932861328,182.06649932861328,197.34559997558594,199.26875022888183,False,False,
2025-04-25,188.9900054931641,181.4479995727539,196.5468002319336,199.2170002746582,False,False,
2025-04-28,187.6999969482422,181.19699935913087,195.69340026855468,199.15655029296875,False,False,
2025-04-29,187.38999938964844,181.0534996032715,194.86760040283204,199.1182502746582,False,False,
2025-04-30,184.4199981689453,180.66599960327147,194.02300048828124,199.0679002380371,False,False,
2025-05-01,190.1999969482422,180.3754997253418,193.29440032958985,199.0553002166748,False,False,
2025-05-02,189.97999572753903,180.9539993286133,192.63640014648436,199.0401001739502,False,False,
2025-05-05,186.3500061035156,181.72149963378905,192.0318002319336,199.03220024108887,False,False,
2025-05-06,185.009994506836,182.20899963378906,191.47779998779296,199.03850021362305,False,False,
2025-05-07,188.7100067138672,183.11149978637695,190.99600006103515,199.06640022277833,False,False,
2025-05-08,192.0800018310547,183.1604995727539,190.55059997558592,199.1140502166748,False,False,
2025-05-09,193.0599975585937,183.75249938964845,190.23699981689452,199.14730018615722,False,False,
2025-05-12,208.63999938964844,184.94099960327148,190.16419982910156,199.28635017395018,False,False,
2025-05-13,211.3699951171875,186.40349960327148,190.2911996459961,199.44395011901855,False,False,
2025-05-14,210.25,187.93649978637694,190.42019958496093,199.58270011901857,False,False,
2025-05-15,205.1699981689453,189.47849960327147,190.3563995361328,199.69255012512207,False,False,
2025-05-16,205.58999633789065,191.12749938964845,190.45419952392578,199.8119500732422,True,False,Bullish
2025-05-19,206.16000366210932,193.06949920654296,190.59239959716797,199.90785011291504,False,False,
2025-05-20,204.07000732421875,194.61399993896484,190.78299987792968,200.00785011291504,False,False,
2025-05-21,201.1199951171875,195.63999938964844,190.87359985351563,200.17395011901854,False,False,
2025-05-22,203.1000061035156,196.46800003051757,190.95779998779298,200.38435012817382,False,False,
2025-05-23,200.9900054931641,197.06800003051757,191.09980010986328,200.57965019226074,False,False,
2025-05-27,206.0200042724609,197.9840003967285,191.26120025634765,200.79590019226075,False,False,
2025-05-28,204.72000122070312,198.85050048828126,191.44080017089843,200.99050018310547,False,False,
2025-05-29,205.6999969482422,199.91450042724608,191.6983999633789,201.18430015563965,False,False,
2025-05-30,205.009994506836,200.65500030517578,191.88779998779296,201.37535011291504,False,False,
2025-06-02,206.6499938964844,201.48850021362304,192.1217999267578,201.55745010375978,False,False,
2025-06-03,205.7100067138672,202.4565002441406,192.3117999267578,201.73550010681151,False,False,
2025-06-04,207.22999572753903,203.56750030517577,192.39119995117187,201.88370010375976,False,False,
2025-06-05,207.91000366210932,204.5275001525879,192.43519989013672,202.03795013427734,False,False,
2025-06-06,213.57000732421875,205.60200042724608,192.68399993896483,202.21470016479492,False,False,
2025-06-09,216.97999572753903,206.79800033569336,192.9963998413086,202.40520011901856,False,False,
2025-06-10,217.6100006103516,207.24650039672852,193.49419982910158,202.59270011901856,False,False,
2025-06-11,213.1999969482422,207.33800048828124,193.9529998779297,202.7780500793457,False,False,
2025-06-12,213.2400054931641,207.48750076293945,194.37440002441406,202.95905014038087,False,False,
2025-06-13,212.1000061035156,207.83400115966796,194.69620025634765,203.14205017089844,False,False,
2025-06-16,216.1000061035156,208.35950164794923,195.4500003051758,203.35695022583008,False,False,
2025-06-17,214.82000732421875,208.7925018310547,196.32640045166016,203.57705024719237,False,False,
2025-06-18,212.5200042724609,209.2150016784668,197.07160064697266,203.77905029296875,False,False,
2025-06-20,209.69000244140625,209.64350204467775,197.8522006225586,203.93500030517578,False,False,
2025-06-23,208.47000122070312,209.9120018005371,198.19960052490234,204.0961003112793,False,False,
2025-06-24,212.7700042724609,210.50100173950196,198.8306005859375,204.29330032348633,False,False,
2025-06-25,211.9900054931641,210.79950180053712,199.37300079345704,204.4638003540039,False,False,
2025-06-26,217.1199951171875,211.41950149536132,200.07300079345703,204.6924503326416,False,False,
2025-06-27,223.3000030517578,212.29950180053712,200.94720092773437,204.93195037841798,False,False,
2025-06-30,219.38999938964844,213.01850204467775,201.84840087890626,205.13115036010743,False,False,
2025-07-01,220.4600067138672,213.70900268554686,202.80540100097656,205.31085037231446,False,False,
2025-07-02,219.9199981689453,214.41950225830078,203.85740081787108,205.47545036315918,False,False,
2025-07-03,223.41000366210932,215.2285026550293,204.86200103759765,205.6600503540039,False,False,
2025-07-07,223.47000122070312,216.006502532959,205.7194009399414,205.85295036315918,False,False,
2025-07-08,219.3600006103516,216.29600219726564,206.37580108642578,206.01535034179688,False,False,
2025-07-09,222.5399932861328,216.57400207519532,207.04680084228517,206.19590034484864,False,False,
2025-07-10,222.259994506836,216.80650177001954,207.73800079345702,206.35785034179688,False,False,
2025-07-11,225.0200042724609,217.39750213623046,208.49060089111327,206.5249503326416,False,False,
2025-07-14,225.69000244140625,218.02000198364257,209.3160009765625,206.68400032043456,False,False,
2025-07-15,226.3500061035156,218.73250198364258,210.03900115966798,206.8459503173828,False,False,
2025-07-16,223.19000244140625,219.0870018005371,210.7032012939453,206.99925033569335,False,False,
2025-07-17,223.8800048828125,219.5400016784668,211.45380126953125,207.16285034179688,False,False,
2025-07-18,226.1300048828125,220.2205017089844,212.2762014770508,207.35365036010742,False,False,
2025-07-21,229.3000030517578,221.20100173950195,213.0880014038086,207.56850036621094,False,False,
2025-07-22,227.47000122070312,222.15100173950196,213.79580139160157,207.7802003479004,False,False,
2025-07-23,228.2899932861328,222.92700119018554,214.50040130615236,207.99785034179686,False,False,
2025-07-24,232.22999572753903,223.9390007019043,214.97220123291015,208.24920028686523,False,False,
2025-07-25,231.44000244140625,224.65500106811524,215.37360137939453,208.4738503265381,False,False,
2025-07-28,232.7899932861328,225.12950057983397,215.8244012451172,208.73380027770997,False,False,
2025-07-29,231.009994506836,225.71050033569335,216.341201171875,208.97525024414062,False,False,
2025-07-30,230.19000244140625,226.1970001220703,216.8332012939453,209.20035026550292,False,False,
2025-07-31,234.1100006103516,226.90650024414063,217.39220123291017,209.43765029907226,False,False,
2025-08-01,214.75,226.47350006103517,217.60580108642577,209.56730026245117,False,False,
2025-08-04,211.6499938964844,225.88249969482422,217.81640106201172,209.68785026550293,False,False,
2025-08-05,213.75,225.60199966430665,218.0294009399414,209.8181502532959,False,False,
2025-08-06,222.3099975585937,225.5904998779297,218.45580078125,209.99525024414064,False,False,
2025-08-07,223.1300048828125,225.6340003967285,218.79800079345702,210.17325027465822,False,False,
2025-08-08,222.69000244140625,225.5175003051758,219.1574008178711,210.34175025939942,False,False,
2025-08-11,221.3000030517578,225.29800033569336,219.4694009399414,210.5029002380371,False,False,
2025-08-12,221.47000122070312,225.05400009155272,219.79860107421874,210.6617502593994,False,False,
2025-08-13,224.5599975585937,225.12249984741212,220.15680114746092,210.86100021362304,False,False,
2025-08-14,230.97999572753903,225.47749938964844,220.66220092773438,211.08400016784668,False,False,
2025-08-15,231.02999877929688,225.72249908447264,221.13820098876954,211.3000001525879,False,False,
2025-08-18,231.4900054931641,225.83199920654297,221.60980102539062,211.51550018310547,False,False,
2025-08-19,228.009994506836,225.8589988708496,221.89860076904296,211.7014001464844,False,False,
2025-08-20,223.8099975585937,225.63499908447267,222.03520080566406,211.85680015563966,False,False,
2025-08-21,221.9499969482422,225.12099914550782,222.12200073242187,212.03455017089843,False,False,
2025-08-22,228.83999633789065,224.99099884033203,222.43480072021484,212.18910018920897,False,False,
2025-08-25,227.94000244140625,224.7484992980957,222.72880065917968,212.34990020751954,False,False,
2025-08-26,228.7100067138672,224.63349990844728,223.06100067138672,212.49595024108888,False,False,
2025-08-27,229.1199951171875,224.57999954223632,223.32140045166017,212.60610023498535,False,False,
2025-08-28,231.6000061035156,224.45449981689453,223.6570004272461,212.71385025024415,False,False,
2025-08-29,229.0,225.16699981689453,223.98660034179687,212.81795028686523,False,False,
2025-09-02,225.33999633789065,225.85149993896485,224.29960021972656,212.91045028686523,False,False,
2025-09-03,225.9900054931641,226.46350021362304,224.65000030517578,212.9958502960205,False,False,
2025-09-04,235.67999267578125,227.13199996948242,225.1082000732422,213.10375022888184,False,False,
2025-09-05,232.3300018310547,227.59199981689454,225.515,213.20800025939943,False,False,
2025-09-08,235.83999633789065,228.24949951171874,225.88940002441407,213.37415023803712,False,False,
2025-09-09,238.2400054931641,229.09649963378905,226.1882000732422,213.55685028076172,False,False,
2025-09-10,230.3300018310547,229.53949966430665,226.40700012207031,213.68545028686523,False,False,
2025-09-11,229.9499969482422,229.80899963378906,226.59679992675783,213.82080024719238,False,False,
2025-09-12,228.1499938964844,229.66749954223633,226.7613998413086,213.96965019226073,False,False,
2025-09-15,231.42999267578125,229.68749923706054,226.92179962158204,214.14120018005372,False,False,
2025-09-16,234.0500030517578,229.81549911499025,227.13339965820313,214.30420021057128,False,False,
2025-09-17,231.6199951171875,229.99599914550782,227.37859954833985,214.42300018310547,False,False,
2025-09-18,231.22999572753903,230.36699905395508,227.55239959716798,214.55045013427736,False,False,
2025-09-19,231.47999572753903,230.84349899291993,227.73679962158204,214.6684001159668,False,False,
2025-09-22,227.6300048828125,230.78299942016602,227.78899963378908,214.75300010681153,False,False,
2025-09-23,220.7100067138672,230.42149963378907,227.68939971923828,214.78935012817382,False,False,
2025-09-24,220.2100067138672,229.99649963378906,227.5665997314453,214.79960014343263,False,False,
2025-09-25,218.1499938964844,229.4479995727539,227.46579956054688,214.78760009765625,False,False,
2025-09-26,219.77999877929688,228.85699920654298,227.38379943847656,214.75135009765626,False,False,
2025-09-29,222.1699981689453,228.51549911499023,227.30459930419923,214.73175010681152,False,False,
2025-09-30,219.57000732421875,228.22699966430665,227.10999938964844,214.70440017700196,False,False,
2025-10-01,220.6300048828125,227.95899963378906,226.97319946289062,214.65625022888185,False,False,
2025-10-02,222.41000366210932,227.29550018310547,226.85559967041016,214.62345024108888,False,False,
2025-10-03,219.509994506836,226.65449981689454,226.6011996459961,214.5837001800537,False,False,
2025-10-06,220.8999938964844,225.90749969482422,226.39039947509767,214.52355018615722,False,True,Bearish
2025-10-07,221.77999877929688,225.08449935913086,226.17019958496093,214.4767002105713,False,False,
2025-10-08,225.22000122070312,224.8289993286133,226.0543997192383,214.5002001953125,False,False,
2025-10-09,227.7400054931641,224.71849975585937,226.00539978027345,214.52245025634767,False,False,
2025-10-10,216.3699951171875,224.12949981689454,225.65059967041014,214.47970024108886,False,False,
2025-10-13,220.07000732421875,223.5615005493164,225.75699981689453,214.454750289917,False,False,
2025-10-14,216.38999938964844,222.67850036621093,225.85179992675782,214.39145027160646,False,False,
2025-10-15,215.57000732421875,221.8760009765625,225.8882000732422,214.33405029296875,False,False,
2025-10-16,214.47000122070312,221.0380012512207,225.73140014648436,214.28765029907225,False,False,
2025-10-17,213.0399932861328,220.1160011291504,225.52959991455077,214.24635025024415,False,False,
2025-10-20,216.47999572753903,219.55850067138672,225.40539978027343,214.2318002319336,False,False,
2025-10-21,222.02999877929688,219.6245002746582,225.4199996948242,214.24085021972655,False,False,
2025-10-22,217.9499969482422,219.51149978637696,225.349599609375,214.20965019226074,False,False,
2025-10-23,221.08999633789065,219.65849990844725,225.28019958496094,214.17705017089844,False,False,
2025-10-24,224.2100067138672,219.88000030517577,225.1447998046875,214.187550201416,False,False,
2025-10-27,226.97000122070312,220.12000045776367,225.06359985351563,214.21175018310547,False,False,
2025-10-28,229.25,220.60400009155273,225.01879974365235,214.26330017089845,False,False,
2025-10-29,230.3000030517578,221.0875,225.06459991455077,214.32250015258788,False,False,
2025-10-30,222.8600006103516,221.1099998474121,225.04559997558593,214.34800018310546,False,False,
2025-10-31,244.22000122070312,222.34550018310546,225.49100006103515,214.45235015869142,False,False,
2025-11-03,254.0,224.00050048828126,225.99420013427735,214.61905014038086,False,False,
2025-11-04,249.32000732421875,225.37750091552735,226.4218002319336,214.73595016479493,False,False,
2025-11-05,250.1999969482422,226.6265007019043,226.8516000366211,214.8334001159668,False,False,
2025-11-06,243.0399932861328,227.39150009155273,227.13,214.8735501098633,True,False,Bullish
2025-11-07,244.41000366210932,228.79350051879882,227.38619995117188,214.9185001373291,False,False,
2025-11-10,248.3999938964844,230.20999984741212,227.77419982910158,214.98625007629394,False,False,
2025-11-11,249.1000061035156,231.84550018310546,228.24940002441406,215.0546501159668,False,False,
2025-11-12,244.1999969482422,233.27699966430663,228.61359985351564,215.0849001312256,False,False,
2025-11-13,237.5800018310547,234.43249969482423,228.6516000366211,215.08745010375978,False,False,
2025-11-14,234.69000244140625,235.5150001525879,228.69880004882813,215.08770011901856,False,False,
2025-11-17,232.8699951171875,236.33450012207032,228.63940002441407,215.0636501312256,False,False,
2025-11-18,222.5500030517578,236.36050033569336,228.32559997558593,214.98930015563965,False,False,
2025-11-19,222.69000244140625,236.59750061035157,228.17279998779296,214.89245018005371,False,False,
2025-11-20,217.13999938964844,236.40000076293944,227.9166000366211,214.79730018615723,False,False,
2025-11-21,220.69000244140625,236.2240005493164,227.76740020751953,214.70660018920898,False,False,
2025-11-24,226.27999877929688,236.1895004272461,227.66440032958985,214.69225021362305,False,False,
2025-11-25,229.6699981689453,236.21050033569335,227.5768002319336,214.67490020751953,False,False,
2025-11-26,229.16000366210932,236.15350036621095,227.52760040283204,214.6569002532959,False,False,
2025-11-28,233.22000122070312,236.6715003967285,227.56740051269531,214.6783502960205,False,False,
2025-12-01,233.8800048828125,236.15450057983398,227.6154006958008,214.69590034484864,False,False,
2025-12-02,234.4199981689453,235.17550048828124,227.75120056152343,214.72460037231446,False,False,
2025-12-03,232.3800048828125,234.32850036621093,227.98460052490233,214.7532504272461,False,False,
2025-12-04,229.1100006103516,233.2740005493164,228.16260040283203,214.76565040588378,False,False,
2025-12-05,229.52999877929688,232.5985008239746,228.39020050048828,214.7989003753662,False,False,
2025-12-08,226.88999938964844,231.72250061035157,228.53240051269532,214.85045036315918,False,False,
2025-12-09,227.9199981689453,230.6985008239746,228.6474005126953,214.92650032043457,False,False,
2025-12-10,231.77999877929688,229.83250045776367,228.89160034179687,215.02140029907227,False,False,
2025-12-11,230.27999877929688,229.1365005493164,229.08460021972655,215.10105026245117,False,False,
2025-12-12,226.19000244140625,228.56700057983397,229.1602001953125,215.1883002471924,False,True,Bearish
2025-12-15,222.5399932861328,227.95950012207032,229.22080017089843,215.23960021972655,False,False,
2025-12-16,222.5599975585937,227.44400024414062,229.25400024414063,215.32730018615723,False,False,
2025-12-17,221.2700042724609,227.38000030517577,229.2438003540039,215.41465019226075,False,False,
2025-12-18,226.759994506836,227.58349990844727,229.27460021972655,215.50665016174315,False,False,
2025-12-19,227.3500061035156,228.09400024414063,229.2668002319336,215.63990020751953,False,False,
2025-12-22,228.42999267578125,228.4809997558594,229.50800018310548,215.78580017089843,False,False,
2025-12-23,232.13999938964844,228.77399978637695,229.74940002441406,215.97380020141603,False,False,
2025-12-24,232.3800048828125,228.9095001220703,230.06920013427734,216.15275024414063,False,False,
2025-12-26,232.5200042724609,229.0775001525879,230.4082000732422,216.32090026855468,False,False,
2025-12-29,232.07000732421875,229.02000045776367,230.7602001953125,216.51180030822755,False,False,
2025-12-30,232.52999877929688,228.9525001525879,231.15000030517578,216.6847003173828,False,False,
2025-12-31,230.82000732421875,228.77250061035156,231.43680053710938,216.8601003265381,False,False,
2026-01-02,226.5,228.47850036621094,231.52620056152344,217.028500289917,False,False,
2026-01-05,233.0599975585937,228.67600021362304,231.82840057373048,217.2161003112793,False,False,
2026-01-06,240.92999267578125,229.24599990844726,232.22520050048828,217.44600028991698,False,False,
2026-01-07,241.5599975585937,229.97949981689453,232.57220031738282,217.67275024414062,False,False,
2026-01-08,246.2899932861328,230.89799957275392,232.9586001586914,217.8879002380371,False,False,
2026-01-09,247.3800048828125,231.6779998779297,233.32120025634765,218.09625022888184,False,False,
2026-01-12,246.47000122070312,232.4875,233.64460021972656,218.3229502105713,False,False,
2026-01-13,242.6000061035156,233.30800018310546,234.03940032958985,218.52915023803712,False,False,
2026-01-14,236.6499938964844,234.01350021362305,233.88800018310548,218.748800201416,True,False,Bullish
2026-01-15,238.17999267578125,234.79449996948242,233.5716000366211,218.98840019226074,False,False,
2026-01-16,239.1199951171875,235.68699951171874,233.36759979248046,219.22315017700194,False,False,
2026-01-20,231.0,235.89899978637695,232.9835998535156,219.39810020446777,False,False,
2026-01-21,231.3099975585937,236.09699935913085,232.74899993896486,219.66260017395018,False,False,
2026-01-22,234.33999633789065,236.39249954223632,232.54759979248047,219.97930015563963,False,False,
2026-01-23,239.16000366210932,236.74349975585938,232.36279998779298,220.29880020141601,False,False,
2026-01-26,238.4199981689453,237.045499420166,232.14919982910158,220.6376001739502,False,False,
2026-01-27,244.67999267578125,237.65349884033202,232.15879974365234,220.90550010681153,False,False,
2026-01-28,243.009994506836,238.20049819946288,232.26739959716798,221.21445007324218,False,False,
2026-01-29,241.72999572753903,238.660498046875,232.40819946289062,221.49875007629396,False,False,
2026-01-30,239.3000030517578,239.08449783325196,232.53679962158202,221.7846501159668,False,False,
2026-02-02,242.9600067138672,239.90749816894532,232.94499969482422,222.10150016784667,False,False,
2026-02-03,238.6199951171875,240.185498046875,233.26359954833984,222.42295013427736,False,False,
2026-02-04,232.9900054931641,239.78849868774415,233.58059967041015,222.7248501586914,False,False,
2026-02-05,222.69000244140625,238.84499893188476,233.62059967041014,223.00170013427734,False,False,
2026-02-06,210.32000732421875,237.04649963378907,233.30139984130858,223.18740020751954,False,False,
2026-02-09,208.72000122070312,235.1134994506836,232.88239990234376,223.32800018310547,False,False,
2026-02-10,206.9600067138672,233.13799972534179,232.4383999633789,223.43010025024415,False,False,
2026-02-11,204.0800018310547,231.21199951171874,231.85559997558593,223.5055502319336,False,True,Bearish
2026-02-12,199.6000061035156,229.3595001220703,231.17,223.56505027770996,False,False,
2026-02-13,198.7899932861328,227.3900001525879,230.45739990234375,223.6220502471924,False,False,
2026-02-17,201.1499938964844,225.49150009155272,229.83279968261718,223.70570022583007,False,False,
2026-02-18,204.7899932861328,224.18099975585938,229.34639953613282,223.77865020751952,False,False,
2026-02-19,204.8600006103516,222.85849990844727,228.8529995727539,223.8530502319336,False,False,
2026-02-20,210.1100006103516,221.64700012207032,228.51739959716798,223.97185020446778,False,False,
2026-02-23,205.2700042724609,219.9525001525879,228.06439971923828,224.0731502532959,False,False,
2026-02-24,208.5599975585937,218.45950012207032,227.59999969482422,224.17240020751953,False,False,
2026-02-25,210.63999938964844,216.75750045776368,227.20719970703124,224.2652001953125,False,False,
2026-02-26,207.9199981689453,215.00300064086915,226.84179962158203,224.33950019836425,False,False,
2026-02-27,210.0,213.4165008544922,226.59099975585937,224.34630020141603,False,False,
2026-03-02,208.38999938964844,211.87100067138672,226.30759979248046,224.3314002227783,False,False,
2026-03-03,208.72999572753903,210.1595001220703,226.05679962158203,224.32380020141602,False,False,
2026-03-04,216.82000732421875,209.0695007324219,225.8579998779297,224.38205024719238,False,False,
2026-03-05,218.94000244140625,208.36700057983398,225.6897998046875,224.44880027770995,False,False,
2026-03-06,213.2100067138672,207.89300079345702,225.38540008544922,224.48405029296876,False,False,
2026-03-09,213.4900054931641,208.0515007019043,225.01240020751953,224.53115028381347,False,False,
2026-03-10,214.3300018310547,208.33200073242188,224.65140014648438,224.5972003173828,False,False,
2026-03-11,212.6499938964844,208.61650009155272,224.25399993896485,224.64495025634767,False,False,
2026-03-12,209.52999877929688,208.88899993896484,223.8031997680664,224.68765022277833,False,False,
2026-03-13,207.6699981689453,209.29249954223633,223.30599975585938,224.69590019226075,False,False,
2026-03-16,211.7400054931641,209.94000015258788,222.9243997192383,224.73100021362305,False,False,
2026-03-17,215.1999969482422,210.6425003051758,222.69839965820313,224.77850021362303,False,False,
2026-03-18,209.8699951171875,210.89650039672853,222.234599609375,224.8028002166748,False,False,
2026-03-19,208.759994506836,211.09150009155275,221.59119964599608,224.81335021972657,False,False,
2026-03-20,205.3699951171875,210.85449981689453,220.86739959716797,224.81165016174316,False,False,
2026-03-23,210.13999938964844,211.0979995727539,220.1443997192383,224.82620018005372,False,False,
2026-03-24,207.2400054931641,211.03199996948243,219.3415997314453,224.822850189209,False,False,
2026-03-25,211.7100067138672,211.08550033569335,218.6463998413086,224.81355018615722,False,False,
2026-03-26,207.5399932861328,211.06650009155274,217.94519958496093,224.7663501739502,False,False,
2026-03-27,199.33999633789065,210.53349990844725,217.19899963378907,224.6750001525879,False,False,
2026-03-30,200.9499969482422,210.16149978637696,216.45439971923827,224.6137501525879,False,False,
2026-03-31,208.2700042724609,210.13850021362305,215.83739990234375,224.58890014648438,False,False,
2026-04-01,210.57000732421875,209.82600021362305,215.42880004882812,224.5812501525879,False,False,
2026-04-02,209.7700042724609,209.36750030517578,214.99800018310546,224.54960014343263,False,False,
2026-04-06,212.7899932861328,209.34649963378905,214.5670001220703,224.5394500732422,False,False,
2026-04-07,213.7700042724609,209.3604995727539,214.05920013427735,224.5457000732422,False,False,
2026-04-08,221.25,209.70649948120118,213.71580017089843,224.60350006103516,False,False,
2026-04-09,233.6499938964844,210.75649948120116,213.4952001953125,224.72940002441408,False,False,
2026-04-10,238.3800048828125,212.19899978637696,213.40260040283204,224.85745002746583,False,False,
2026-04-13,239.88999938964844,213.80999984741212,213.3658004760742,224.99694999694825,True,False,Bullish
2026-04-14,249.0200042724609,215.67399978637695,213.5602005004883,225.1564500427246,False,False,
2026-04-15,248.5,217.33899993896483,213.67100036621093,225.2824500274658,False,False,
2026-04-16,249.6999969482422,219.33050003051758,213.89260040283204,225.4340000152588,False,False,
2026-04-17,250.5599975585937,221.42050018310547,214.24400024414064,225.5844999694824,False,False,
2026-04-20,248.27999877929688,223.56600036621094,214.75580017089842,225.72629997253418,False,False,
2026-04-21,249.91000366210932,225.55450057983398,215.54760009765624,225.85879997253417,False,False,
2026-04-22,255.3600006103516,227.96050033569335,216.48040008544922,226.0182499694824,False,False,
2026-04-23,255.0800018310547,230.12900009155274,217.44279998779297,226.19684997558593,False,False,
2026-04-24,263.989990234375,232.95149993896484,218.64099975585938,226.40409996032716,False,False,
2026-04-27,261.1199951171875,236.04049987792968,219.8713995361328,226.5983999633789,False,False,
2026-04-28,259.70001220703125,238.97800064086914,221.08959991455077,226.77180000305177,False,False,
2026-04-29,263.0400085449219,241.71650085449218,222.32740020751953,226.95855003356934,False,False,
2026-04-30,265.0599975585937,244.44100036621094,223.53280029296874,227.15209999084473,False,False,
2026-05-01,268.260009765625,247.36550064086913,224.80080047607422,227.3774500274658,False,False,
2026-05-04,272.04998779296875,250.32850036621093,226.03960021972657,227.6182999420166,False,False,
2026-05-05,273.54998779296875,253.31749954223633,227.4051998901367,227.85539985656737,False,False,
2026-05-06,274.989990234375,256.0044990539551,228.73379974365236,228.08384979248046,False,False,
2026-05-07,271.1700134277344,257.88050003051757,229.94440002441405,228.30234985351564,False,False,
2026-05-08,272.67999267578125,259.595499420166,231.23959991455078,228.52429985046388,False,False,
2026-05-11,268.989990234375,261.05049896240234,232.41939971923827,228.70809982299804,False,False,
2026-05-12,265.82000732421875,261.89049911499023,233.56799987792968,228.8799998474121,False,False,
2026-05-13,270.1300048828125,262.97199935913085,234.79600006103516,229.0666999053955,False,False,
2026-05-14,267.2200012207031,263.8479995727539,235.80399993896484,229.24774993896483,False,False,
2026-05-15,264.1400146484375,264.5270004272461,236.70800018310547,229.4175,False,False,
2026-05-18,264.8599853515625,265.3559997558594,237.74099975585938,229.57124992370606,False,False,
2026-05-19,259.3399963378906,265.82749938964844,238.6579995727539,229.79419990539552,False,False,
2026-05-20,265.010009765625,266.3099998474121,239.67159973144533,230.06099998474122,False,False,
2026-05-21,268.4599914550781,266.97899932861327,240.7877996826172,230.3345499420166,False,False,
2026-05-22,266.32000732421875,267.09550018310546,241.9235998535156,230.55459999084474,False,False,
2026-05-26,265.2900085449219,267.3040008544922,243.07600006103516,230.7654000091553,False,False,
2026-05-27,271.8500061035156,267.91150054931643,244.27820007324217,231.01120002746583,False,False,
2026-05-28,274.0,268.4595001220703,245.45420013427736,231.27470001220703,False,False,
2026-05-29,270.6400146484375,268.7385009765625,246.66960052490234,231.5205500793457,False,False,
2026-06-01,261.260009765625,268.3885009765625,247.71960083007812,231.70405014038087,False,False,
2026-06-02,256.5199890136719,267.6120010375977,248.7426007080078,231.8317501068115,False,False,
2026-06-03,250.0200042724609,266.4355018615723,249.54020080566406,231.92670013427735,False,False,
2026-06-04,253.7899932861328,265.37550201416013,250.47120056152343,232.0382000732422,False,False,
2026-06-05,246.02999877929688,264.1185012817383,251.15760040283203,232.1283000946045,False,False,
2026-06-08,245.22000122070312,262.74550170898436,251.91120056152343,232.23535011291503,False,False,
2026-06-09,244.19000244140625,261.50550231933596,252.80820068359375,232.34655014038086,False,False,
2026-06-10,238.0,260.114501953125,253.5492007446289,232.3923501586914,False,False,
2026-06-11,241.509994506836,258.68350143432616,254.2140005493164,232.46020011901857,False,False,
2026-06-12,238.5500030517578,257.25000152587893,254.77360046386718,232.509400100708,False,False,
2026-06-15,246.0200042724609,256.34400100708007,255.49860046386718,232.59390014648437,False,False,
2026-06-16,246.0,255.40100173950196,256.16280059814454,232.6659001159668,False,True,Bearish
2026-06-17,237.5,254.30900192260742,256.6374005126953,232.7084001159668,False,False,
2026-06-18,244.38999938964844,253.2780014038086,257.10020050048826,232.8036501312256,False,False,
2026-06-22,232.7899932861328,251.49450149536133,257.08300048828124,232.83765007019042,False,False,
2026-06-23,234.1100006103516,249.88400115966797,256.997600402832,232.82980010986327,False,False,
2026-06-24,234.2700042724609,248.33300094604493,256.8852005004883,232.83950012207032,False,False,
2026-06-25,227.009994506836,246.09100036621095,256.44500030517577,232.79535011291503,False,False,
2026-06-26,232.69000244140625,244.02550048828124,256.1288003540039,232.76760009765624,False,False,
2026-06-29,240.13999938964844,242.5004997253418,255.93760040283203,232.81665008544923,False,False,
2026-06-30,238.33999633789065,241.35449905395507,255.69320037841797,232.85860008239746,False,False,
2026-07-01,241.6999969482422,240.6134994506836,255.56160034179686,232.92635009765624,False,False,
2026-07-02,242.6699981689453,240.24599914550782,255.4168002319336,232.98255012512206,False,False,
2026-07-06,244.16000366210932,239.76449966430664,255.19280029296874,233.03310012817383,False,False,
2026-07-07,245.97999572753903,239.76199951171876,255.01080017089845,233.10490013122558,False,False,
2026-07-08,243.6199951171875,239.68199920654297,254.60340026855468,233.16685012817382,False,False,
2026-07-09,247.0399932861328,239.8244987487793,254.3218002319336,233.2446501159668,False,False,
2026-07-10,245.33999633789065,240.19149856567384,254.03459991455077,233.33320007324218,False,False,
2026-07-13,247.3099975585937,240.48149871826172,253.71999969482422,233.46620002746582,False,False,
2026-07-14,247.4900054931641,240.92849884033203,253.36859985351563,233.6026000213623,False,False,
2026-07-15,254.9600067138672,241.37549896240233,253.10259979248048,233.78665008544922,False,False,
2026-07-16,249.88999938964844,241.56999893188475,252.65940002441405,233.937200088501,False,False,
2026-07-17,247.22999572753903,242.0564987182617,252.13300018310548,234.06250007629396,False,False,
2026-07-20,249.9900054931641,242.3364990234375,251.63300048828125,234.21460006713866,False,False,
2026-07-21,247.5500030517578,243.07449951171876,251.1606002807617,234.3492000579834,False,False,
2026-07-22,244.8500061035156,243.61149978637695,250.6040005493164,234.46140007019042,False,False,
2026-07-23,233.66000366210932,243.58099975585938,249.8974008178711,234.5321501159668,False,False,
2026-07-24,232.1100006103516,243.83600006103515,249.22320068359375,234.58820014953614,False,False,
2026-07-27,231.38999938964844,243.77099990844727,248.44840057373048,234.63625015258788,False,False,
2026-07-28,230.8600006103516,243.30699996948243,247.72120056152343,234.66445014953612,False,False,
2026-07-29,226.6499938964844,242.7224998474121,246.97140014648437,234.65900009155274,False,False,
2026-07-30,235.5,242.4125,246.38420043945314,234.7546501159668,False,False,
2026-07-31,271.5799865722656,243.857999420166,246.62900024414063,235.01220001220702,False,False,
2026-08-03,284.0199890136719,245.85099868774415,247.00919982910156,235.35034996032715,False,False,
2026-08-04,277.4200134277344,247.4229995727539,247.1884002685547,235.65959999084473,True,False,Bullish
2026-08-05,272.6499938964844,248.87449951171874,247.315,235.95049995422363,False,False,
2026-08-06,272.260009765625,250.13550033569337,247.45440002441407,236.2466000366211,False,False,
2026-08-07,274.4800109863281,251.59250106811524,247.5070001220703,236.53660011291504,False,False,
2026-08-10,278.0899963378906,253.1315010070801,247.58880004882812,236.816900100708,False,False,
2026-08-11,272.2699890136719,254.37050018310546,247.6213995361328,237.08850006103515,False,False,
2026-08-12,267.2799987792969,254.98649978637695,247.74179931640626,237.3194500732422,False,False,
2026-08-13,265.1300048828125,255.74850006103514,247.91399963378908,237.5240500640869,False,False,
2026-08-14,262.6499938964844,256.5194999694824,248.16659942626953,237.70245002746583,False,False,
