Date,AAPL,MSFT,GOOGL,AMZN,NVDA
2021-08-16,,,,,
2021-08-17,,,,,
2021-08-18,,,,,
2021-08-19,,,,,
2021-08-20,,,,,
2021-08-23,,,,,
2021-08-24,,,,,
2021-08-25,,,,,
2021-08-26,,,,,
2021-08-27,,,,,
2021-08-30,,,,,
2021-08-31,,,,,
2021-09-01,,,,,
2021-09-02,,,,,
2021-09-03,,,,,
2021-09-07,,,,,
2021-09-08,,,,,
2021-09-09,,,,,
2021-09-10,,,,,
2021-09-13,,,,,
2021-09-14,,,,,
2021-09-15,,,,,
2021-09-16,,,,,
2021-09-17,,,,,
2021-09-20,,,,,
2021-09-21,,,,,
2021-09-22,,,,,
2021-09-23,,,,,
2021-09-24,,,,,
2021-09-27,,,,,
2021-09-28,,,,,
2021-09-29,,,,,
2021-09-30,,,,,
2021-10-01,,,,,
2021-10-04,,,,,
2021-10-05,,,,,
2021-10-06,,,,,
2021-10-07,,,,,
2021-10-08,,,,,
2021-10-11,,,,,
2021-10-12,,,,,
2021-10-13,,,,,
2021-10-14,,,,,
2021-10-15,,,,,
2021-10-18,,,,,
2021-10-19,,,,,
2021-10-20,,,,,
2021-10-21,,,,,
2021-10-22,,,,,
2021-10-25,,,,,
2021-10-26,,,,,
2021-10-27,,,,,
2021-10-28,,,,,
2021-10-29,,,,,
2021-11-01,,,,,
2021-11-02,,,,,
2021-11-03,,,,,
2021-11-04,,,,,
2021-11-05,,,,,
2021-11-08,,,,,
2021-11-09,0.7753823825876868,0.6505287157950917,0.5992105376769176,0.5841833280294538,0.5871390317236163
2021-11-10,0.7814555511063738,0.6576720158001956,0.6047828765139529,0.5890740001345854,0.5921237903521762
2021-11-11,0.7699621177061007,0.6533777109021427,0.6016770657766074,0.5795485607959293,0.5765339391005007
2021-11-12,0.773648503568822,0.6677226174679577,0.6087596678353735,0.5872065411384694,0.5728291227020007
2021-11-15,0.7707894607136632,0.6619462519753947,0.6040076305831154,0.588755543869793,0.5618625381226938
2021-11-16,0.768567126557303,0.6715858189806195,0.5907076488815788,0.5755880625441255,0.547955798334423
2021-11-17,0.7460751139711831,0.6761611028350499,0.5900470547398005,0.575601910236465,0.5507221692492632
2021-11-18,0.7342137490658894,0.6787400357064397,0.5908945651478401,0.5562358078211141,0.5305153314915877
2021-11-19,0.7152509791914855,0.6709082611283397,0.5912284214888002,0.565458118073998,0.5128240488531876
2021-11-22,0.7132410152016742,0.6804000654346218,0.5831540624211832,0.5590844988342306,0.5099842145605613
2021-11-23,0.7268719559513146,0.6746276165911628,0.5817161122895932,0.5568232937818576,0.5108813027005037
2021-11-24,0.7273269640943119,0.6731228846576802,0.5825269478197166,0.5653254226448992,0.5106004825295519
2021-11-26,0.7610522658507296,0.7018651925587758,0.6129824448491854,0.5841205201811525,0.5354889001480131
2021-11-29,0.7704853652984326,0.716629459794591,0.6383757589254516,0.5972178754606937,0.5592901028931391
2021-11-30,0.6094775639741734,0.728542164925923,0.6589716835989762,0.6043294703165706,0.5662004987321728
2021-12-01,0.6212215434991432,0.7216947314216915,0.6597914426480709,0.6217253425514675,0.5790229366102095
2021-12-02,0.588345977795363,0.6935289940114537,0.6638128339071372,0.6030135157545004,0.5780056801106519
2021-12-03,0.5929800308800435,0.6986630409593496,0.6652357014133728,0.606583764877529,0.5868533643876762
2021-12-06,0.6028274040659604,0.6985386240074398,0.6590368797223051,0.6119259931660517,0.5639140080618994
2021-12-07,0.6384725304876379,0.7177709361384224,0.6807552372578718,0.6373528378801643,0.6052159823139458
2021-12-08,0.6281694154425702,0.7281598616240607,0.6844008015379889,0.6379458958632127,0.6010243109464938
2021-12-09,0.6300259981464515,0.7258353258701621,0.6801758590315283,0.6401516285990339,0.6116666717365018
2021-12-10,0.6364976148923386,0.7288838387207234,0.6763095953217544,0.622854430100781,0.5979753201326657
2021-12-13,0.6316983034521346,0.7225366250454099,0.6715628996667506,0.6311969527738648,0.6062332021984155
2021-12-14,0.6145071557603942,0.706208799702699,0.6708914216634361,0.6043410733982457,0.5886726667870605
2021-12-15,0.6327698323614016,0.7147944393407243,0.6793484027914831,0.6204529978111376,0.6103152052523493
2021-12-16,0.6317226039118129,0.7173699311697666,0.6830598421021726,0.6273815989151645,0.6166039521798298
2021-12-17,0.6352122665184612,0.7160432952802999,0.6941506842767174,0.5969387491328974,0.617196023524384
2021-12-20,0.6392874559633621,0.7209744280192518,0.6867738967267031,0.6054049388116044,0.6164472259530919
2021-12-21,0.6467900882511134,0.7344471624836219,0.6873677261973136,0.6172736628187163,0.6272801608884774
2021-12-22,0.6279538493251611,0.7117441544019029,0.6632701908783292,0.5926640384165456,0.6083779604282411
2021-12-23,0.6264742624271896,0.7110519145146045,0.666782367425395,0.5916399061159677,0.6084806672969578
2021-12-27,0.6312995829035949,0.718986001331191,0.6659072181938349,0.5710110642969569,0.6309972124711997
2021-12-28,0.6338904559426081,0.7120317690046494,0.6579889806643543,0.5763890426711151,0.6412598226519796
2021-12-29,0.6141778145016555,0.6982409629252184,0.6435757115604765,0.5530261485562191,0.6245502456413909
2021-12-30,0.6126058224285413,0.6939722082289836,0.6377799938013435,0.5505148658740078,0.6214482414079474
2021-12-31,0.6139226586264105,0.6959583534119573,0.6390618551862981,0.5521149347355971,0.6222411297858084
2022-01-03,0.6136817661716807,0.6895887619571343,0.6339852177070354,0.5491448784063065,0.623425169486836
2022-01-04,0.6100469508857059,0.683308663604186,0.6368162919867567,0.5464731645771453,0.6206803573733404
2022-01-05,0.6388886986705641,0.7165714518278086,0.6743805756502786,0.555568150835704,0.644093615588774
2022-01-06,0.6339704797926718,0.7157331857639883,0.6743780166781784,0.5570572048088323,0.6409552423018795
2022-01-07,0.6372717383523678,0.7144088594561069,0.6748026384646464,0.557306006969996,0.6431458298605008
2022-01-10,0.6285181720881372,0.7026973189872288,0.6509090230643324,0.5643156540449208,0.6369771028878695
2022-01-11,0.6334905284430288,0.6994343896008207,0.6545627692012731,0.5697006409641822,0.6392502576786115
2022-01-12,0.6328398178262531,0.6991031600263495,0.6536964247705873,0.5693297314354999,0.6387737613494873
2022-01-13,0.6425223367758424,0.7152479537673199,0.6657099644773797,0.5892278042108279,0.656699601145352
2022-01-14,0.6428447860290445,0.7097853763553412,0.6717634009394623,0.5931850128471797,0.6597332466395303
2022-01-18,0.6565653235891954,0.723125815534129,0.6874176041993311,0.6049174365984229,0.6678010765232443
2022-01-19,0.6655398589993334,0.7123733579403827,0.7039616403087993,0.6238627642164588,0.6733157148548932
2022-01-20,0.6727575656449026,0.7143981999673079,0.7106106763150242,0.6389185719724589,0.6781964864351788
2022-01-21,0.6748810028113282,0.7203446267828025,0.7241357600948304,0.6720933190664181,0.6931948867803521
2022-01-24,0.6689409164329954,0.7862603050854207,0.8230089650490465,0.6782911504849587,0.6912857824467914
2022-01-25,0.6652441327965133,0.794014994827153,0.8344929487159877,0.6815645370422998,0.6969973271253324
2022-01-26,0.6795207249095273,0.7724459469338678,0.8215778480312396,0.6933075013298792,0.6932723761265596
2022-01-27,0.6833549185776571,0.765060094599954,0.857614272918403,0.6948946765786391,0.6932644118676068
2022-01-28,0.7222385258407844,0.7786503653601837,0.8723601397864541,0.7162239739968089,0.6941790397210832
2022-01-31,0.7303271491624471,0.7742636459153155,0.871729702027326,0.7319387505446464,0.7112549642129559
2022-02-01,0.7298470803249725,0.7651313364971476,0.8713852832638855,0.7377383607219496,0.7487446637760873
2022-02-02,0.7286821931902286,0.7697221137276061,0.7922344797278873,0.7304518484514123,0.7521326460794686
2022-02-03,0.7334083198071387,0.7873317116137142,0.8045054232125638,0.749408380280549,0.7642628817869721
2022-02-04,0.7294260603760541,0.7874340673313657,0.8039912857465346,0.6193521058276962,0.7654696634465604
2022-02-07,0.7275522356819134,0.7837412821065692,0.793001193670706,0.6147797684922371,0.7590857930718693
2022-02-08,0.7309562174686322,0.7864105489802827,0.790259562848618,0.6191960790975276,0.7645095424123782
2022-02-09,0.7239150257914022,0.7907764625366975,0.7911856523002118,0.6068253394058768,0.7752311091096099
2022-02-10,0.7339175506508502,0.7990300767887575,0.7955809467544239,0.6053380629817374,0.7776335755181554
2022-02-11,0.7408631904559145,0.8043720406033396,0.8065060450400915,0.6186687296285123,0.7883206509488075
2022-02-14,0.7459862406762899,0.8038989805139539,0.8028652312226431,0.6159484230440669,0.7877351995257404
2022-02-15,0.7567922260787264,0.8081435973605497,0.7988256529014042,0.6178997013296281,0.8128390661508165
2022-02-16,0.7615249286425066,0.809543285174989,0.7984502457640884,0.6178459735036474,0.8234267184666917
2022-02-17,0.7681598558776782,0.8172768851482949,0.8114179383207992,0.6231571338969132,0.8342290023541723
2022-02-18,0.769051857288936,0.8190719462906145,0.8125370484746833,0.6241049920811588,0.8348726735965383
2022-02-22,0.7717508474120994,0.8136279189986543,0.8100355633095563,0.6261710706221516,0.8337118252832955
2022-02-23,0.7677625666767584,0.8145586002592334,0.8054823042396775,0.6347638716538002,0.8387143434529664
2022-02-24,0.7656961591878602,0.8078080916062349,0.806513100108283,0.6445283898383461,0.8409825253526324
2022-02-25,0.8361498598207576,0.7986621789208006,0.7964744987271943,0.6451528498254139,0.8381205465306413
2022-02-28,0.838572795661833,0.8018150735379951,0.7967410325794901,0.6423649280460251,0.8341187956950774
2022-03-01,0.8587718153784938,0.813488996119856,0.7923352119170248,0.6529363379144925,0.8366910627141336
2022-03-02,0.860028382467173,0.8146094212912959,0.7820684925505493,0.6449756479660241,0.8366896719899807
2022-03-03,0.8571660375933852,0.8142440936707707,0.782625938967639,0.6440893978422408,0.8537304830463684
2022-03-04,0.8490576691015468,0.8074172106258792,0.7743465349093648,0.6365269905060845,0.8458744119594087
2022-03-07,0.8539338936193198,0.8188148510305864,0.7901421101291208,0.6608817064140161,0.8561381583028955
2022-03-08,0.855124798967691,0.8196664547460527,0.7851677780755372,0.6607182188791113,0.852418098001734
2022-03-09,0.8656945104940004,0.8343438638607018,0.8061193247526327,0.6720521674607056,0.8689951386348692
2022-03-10,0.8570624277173682,0.8344030356119342,0.8051795137414951,0.6422239386095492,0.8753786131956801
2022-03-11,0.8584742218724075,0.8425779311041992,0.8069305556283958,0.6419694087823474,0.8790155067650464
2022-03-14,0.8497043223181296,0.8396827680731119,0.8006404389674425,0.6368033921919513,0.8768417308257239
2022-03-15,0.8694869537581317,0.8512777998662863,0.8054693016140226,0.6485548306957564,0.8913910414586688
2022-03-16,0.8783914473847048,0.8608368128536864,0.8111815316071146,0.6712840717659789,0.8979141371644616
2022-03-17,0.8769689284977142,0.8563231400132155,0.8117428203531016,0.674236481192969,0.8987440805571688
2022-03-18,0.8742393481821659,0.8534924003479454,0.8141308448023836,0.6746225783068425,0.8882610367586051
2022-03-21,0.8712428522706966,0.8515299444612348,0.8118549415354337,0.6766046406867152,0.8892415108600636
2022-03-22,0.873634324822396,0.853535643834887,0.8152500907657366,0.6812098786188951,0.8801426315201271
2022-03-23,0.8558097992089758,0.8511444963506952,0.8185710058194526,0.6931910705729549,0.8788828650170835
2022-03-24,0.8599505059908639,0.8527819866581586,0.8233581137686721,0.685996731772457,0.8752749475568331
2022-03-25,0.8599068331930142,0.8515328110697815,0.8225769740933251,0.6875768725087553,0.8714076731006799
2022-03-28,0.8597032568277061,0.8506686017321874,0.8196184806959598,0.6896762292226307,0.8719974102471406
2022-03-29,0.8618586439742106,0.8525245502799764,0.8182509739303637,0.6850966960986165,0.8701623679074548
2022-03-30,0.8659231414853527,0.855568890424163,0.8191962089228683,0.6848464886231803,0.8693259491890934
2022-03-31,0.8713674287636767,0.8618619608614279,0.8221286864303212,0.6893981931079494,0.8695214652379345
2022-04-01,0.8662336962288203,0.8576339275057347,0.8171742047955078,0.6882408220503792,0.8606603571234035
2022-04-04,0.8711206278442901,0.8595366311880737,0.8186295702919459,0.691229931564722,0.8636611373783731
2022-04-05,0.8736009513669634,0.8609913352395948,0.8204996795596172,0.6949852269719388,0.8669383357550993
2022-04-06,0.8744569640929284,0.8559114403448748,0.8230258337192483,0.6980887771689682,0.8658725426698077
2022-04-07,0.8726318426331736,0.8583783606882469,0.8202026619655117,0.6927166205666618,0.8633958504556871
2022-04-08,0.8712153271417259,0.8569342555041674,0.8175136188829445,0.6921126037106795,0.8580922304810498
2022-04-11,0.8725037567100694,0.8622377079679819,0.8199312440769171,0.6911704054534293,0.8590851477994101
2022-04-12,0.8674217747983787,0.8664963925961449,0.8203457693228627,0.6910505898843671,0.859597915487542
2022-04-13,0.8669139743194956,0.8653666782718404,0.8185978318467915,0.6939057346144941,0.8599009274204674
2022-04-14,0.865864930984518,0.8727656017462073,0.8222132840951882,0.6956842927734588,0.8606236718603414
2022-04-18,0.8652136967531493,0.8747125010489799,0.8206667102888077,0.6918778482040278,0.8569174657811686
2022-04-19,0.8675238848841195,0.8761187760832115,0.8199319087803837,0.6849998938004277,0.8553701090734164
2022-04-20,0.8701844749213632,0.8758526815723735,0.817678242618413,0.6809212958532925,0.8528362893330369
2022-04-21,0.8651473572986494,0.8760034733510164,0.818803913117315,0.6831900974968932,0.8539315128716667
2022-04-22,0.8695896811766294,0.8937154908946183,0.8363003185185853,0.6854510119285673,0.8498218429990582
2022-04-25,0.8698875622198241,0.8963187044963815,0.8333623318191508,0.6877988031922714,0.8511926144002353
2022-04-26,0.8911542535333856,0.8983795927263603,0.8329637511295316,0.6964909943062191,0.8537647257907713
2022-04-27,0.8868900996214019,0.8736712330343033,0.8107891408225846,0.6856038780726876,0.8453496506405161
2022-04-28,0.8943817869228042,0.8784097037884039,0.8190915636797149,0.6984614224333969,0.8543919054072358
2022-04-29,0.8997733415604349,0.882937344160828,0.8636709999143791,0.7345380986250145,0.8528712015005605
2022-05-02,0.900915089423198,0.8760782578977624,0.8576596600541745,0.7216540186060161,0.8470748912412853
2022-05-03,0.9029212610247339,0.8716035967913293,0.8581290030116362,0.8074635762982063,0.8463407385829342
2022-05-04,0.9099012857077918,0.8749034565201061,0.8742152246125393,0.7961657557757067,0.8439088007047604
2022-05-05,0.9172553469928462,0.8816659001446228,0.8835409422452992,0.8119016738001332,0.8495472929674129
2022-05-06,0.9167697874338672,0.8797742945520101,0.8822855896824064,0.8174434326523324,0.847209981891229
2022-05-09,0.9178824731625995,0.8821167578694645,0.8799268296513487,0.8277311408041551,0.8560747116657789
2022-05-10,0.9146652021433509,0.8777348828130342,0.8750664630253444,0.8249303106565052,0.8498910940416309
2022-05-11,0.9030189013640804,0.8789025457325581,0.874581411438558,0.8302479002959903,0.8539540202954322
2022-05-12,0.8906607844614686,0.872456800834923,0.8764156928184876,0.8296548073718596,0.8540757608620302
2022-05-13,0.8952148902107919,0.8740854632464837,0.8806516391216289,0.837997794755291,0.8596677752059263
2022-05-16,0.8943393374013948,0.8703527041585071,0.876735518032348,0.8396472666604717,0.8553945020450535
2022-05-17,0.8968632298004495,0.8713657659803676,0.8773740782718115,0.8443795760903188,0.8598616604854619
2022-05-18,0.9054985759907574,0.8821014992523194,0.88204031688147,0.8549906697503784,0.8622811382500872
2022-05-19,0.9010986991959375,0.8799069254133269,0.8816898483777984,0.8510715851084872,0.8574853068600009
2022-05-20,0.8999989338330621,0.8870727938192309,0.8809094756595877,0.8491035338882427,0.8531231266844512
2022-05-23,0.9042627798839235,0.8951634906735801,0.8854581670061283,0.8434996354529444,0.8536801490693382
2022-05-24,0.904220949389182,0.8955943819680969,0.869447996277172,0.843281677176939,0.8538697303375284
2022-05-25,0.9036817065489461,0.8965167264726724,0.8706698977989621,0.8454801421574244,0.8516371359676995
2022-05-26,0.9040925389402485,0.8938711481132257,0.8771693160736571,0.854089734353728,0.8543032748853366
2022-05-27,0.9083313536757012,0.8969087339002763,0.8822373750700792,0.8584703688334079,0.8582288322636686
2022-05-31,0.908254618161805,0.8973392993706428,0.8753298025805628,0.838010525596819,0.8576673019422433
2022-06-01,0.9093179426232174,0.8900758800951438,0.8666771863783417,0.8248169983426137,0.852331212256072
2022-06-02,0.9087335521178218,0.8854879097206586,0.8740478525939733,0.8275246432171193,0.8587542006990456
2022-06-03,0.9053744233296706,0.8809516005664968,0.8704322969491981,0.831303264236231,0.8549132342795945
2022-06-06,0.9099813140448826,0.879762716886002,0.8671921856840977,0.8562319843159758,0.8547630127577711
2022-06-07,0.9096599495377512,0.8792764586826809,0.864926511575116,0.8510990619574007,0.8534957629446823
2022-06-08,0.9106834936263098,0.8785595578908447,0.8641341142661694,0.8507631518602118,0.8528234132323368
2022-06-09,0.9113357151186061,0.8755049112858334,0.8606582794835156,0.8502244843294929,0.846205022598559
2022-06-10,0.9124590608554383,0.8785106813500512,0.8595935602319268,0.8521057630291474,0.8446930014424062
2022-06-13,0.9148159918564363,0.8873573706632617,0.8679221814705604,0.8539512613559959,0.8525631440927017
2022-06-14,0.9135830372232951,0.8845738645497884,0.8665217879092788,0.8530763714666991,0.8568780412532159
2022-06-15,0.9156611178041909,0.8861998249340965,0.8685443611488587,0.8536056232105845,0.8597877397348622
2022-06-16,0.9175082597268586,0.8845352536020398,0.8706139785628958,0.8502917265624567,0.8663310432920118
2022-06-17,0.9239165060255685,0.881847408493132,0.8686402333137248,0.8471160193018853,0.8638028573021839
2022-06-21,0.9253264695652788,0.8830573946147475,0.8722047352043277,0.8503175958473937,0.8746858571113544
2022-06-22,0.9252888747851192,0.8840945785192657,0.8725438125019903,0.8497607069878981,0.8776455882745309
2022-06-23,0.9257518815323996,0.8855343027979306,0.8741560755940633,0.850298597667851,0.872993538153219
2022-06-24,0.9221483419355417,0.8890231614666513,0.882917784188961,0.8539613493764415,0.877054244382728
2022-06-27,0.9218257518107749,0.8885524985432934,0.8811149570654854,0.851892089822557,0.8779648284262749
2022-06-28,0.9227829958102342,0.8895839124883924,0.8822324726730377,0.8544781436528556,0.8819354471966521
2022-06-29,0.9210303336103934,0.8867380095205067,0.8820446803615986,0.8529861379503401,0.882475340031619
2022-06-30,0.921273903114175,0.8861904591006592,0.8800485351254391,0.852356380162935,0.8818043046168489
2022-07-01,0.9216189182708857,0.8864450463244775,0.8764163634346733,0.8529197816587719,0.8645106043355798
2022-07-05,0.9188899752664027,0.892391134100811,0.8627043326456976,0.8480343033236848,0.8651262357471863
2022-07-06,0.9192208743117981,0.8918856026450387,0.8646226443904744,0.8497793599846755,0.8667870106981609
2022-07-07,0.9213902693632826,0.8925019850148634,0.8686454000824089,0.8515732957715213,0.8742488385848961
2022-07-08,0.9201890288305486,0.8948089358323165,0.8673603626850195,0.8512851175382198,0.8728347904882874
2022-07-11,0.9235133894359894,0.8960836883635992,0.8662401908425071,0.8519832359758184,0.8731477263055324
2022-07-12,0.9186785939580713,0.8829890960935242,0.8653772758059658,0.8508625022984948,0.8707824420632855
2022-07-13,0.9198711479583918,0.8838171450992186,0.8621370305157814,0.8474656702223321,0.8691172527856539
2022-07-14,0.9141376672928836,0.883105422970606,0.8618702481445516,0.8472875665950512,0.8695862398975476
2022-07-15,0.9118776531432156,0.8797091444215187,0.8592734963862744,0.8462768873539884,0.8700501106048033
2022-07-18,0.9109685112311559,0.880042736520316,0.860481130039736,0.8476628904252332,0.867399228474547
2022-07-19,0.9140810299372131,0.8789948772676665,0.8653702426994014,0.8497757453148137,0.8725453322506226
2022-07-20,0.9132843542622451,0.8777727100671432,0.8595590967155098,0.8494482613234857,0.8709908563715323
2022-07-21,0.9137424775220656,0.8809298692730433,0.8612969197959556,0.8496383129071985,0.8705074261919703
2022-07-22,0.9105398012779732,0.8760542384014015,0.8404356253181623,0.8463328657149297,0.8660293179956311
2022-07-25,0.909794721053821,0.9043670263275537,0.8576340449567046,0.8465980679619202,0.8674260837141016
2022-07-26,0.9062090318997275,0.9015907736529065,0.8532872922397894,0.8397303721211199,0.8629801387395049
2022-07-27,0.9074946448125911,0.8865701838843346,0.8480652532921065,0.8510374551855652,0.8645827342240859
2022-07-28,0.9054976097886269,0.8896558515187903,0.8483290463604704,0.8510802649727625,0.8683070640086485
2022-07-29,0.9055763826363703,0.8941625833485528,0.8493706081062036,0.825962755376675,0.8663680901688936
2022-08-01,0.9009566852101367,0.8915848126612912,0.8422022134788184,0.8388576684340857,0.8660846904445855
2022-08-02,0.8931129676560666,0.8843791103822182,0.8313261010911245,0.8260094151630842,0.8562844515094858
2022-08-03,0.8945087158604302,0.8857415239466991,0.8336644744411249,0.8284416567924375,0.8556286842663386
2022-08-04,0.891476060786507,0.8791638004511271,0.8333207562827594,0.8166971269165824,0.8430505220111771
2022-08-05,0.893441085118002,0.8826940552953841,0.8349442295758701,0.8164124362977279,0.847456459448171
2022-08-08,0.9016327132738359,0.8807741045546887,0.8381243656477008,0.8122665294321977,0.8280664398511274
2022-08-09,0.9118740825498641,0.8839474280483433,0.8384005712410828,0.8138364603456576,0.8274673511544098
2022-08-10,0.910827957579553,0.8851471752441544,0.8381174179090387,0.8095553686208177,0.8290293237536279
2022-08-11,0.910683051841167,0.8847582576833689,0.8376722378243628,0.8083356157887086,0.829165527342244
2022-08-12,0.9101836823128886,0.8844260967418408,0.8404166854045815,0.8036946786648715,0.8275119638943998
2022-08-15,0.8979274673038952,0.8716542476895437,0.8383448102838741,0.7801193179420653,0.8166816858341202
2022-08-16,0.9019220131096869,0.8710605470167544,0.8371847696719213,0.7808716684072563,0.8204129079125445
2022-08-17,0.8965137274974048,0.8712831520173759,0.8399238275831099,0.7823284759580608,0.8243540665312721
2022-08-18,0.8946558287996426,0.8668885794553156,0.8379273248964635,0.7947533106841379,0.8275324152558365
2022-08-19,0.897315304704524,0.8686654645131144,0.8517924434198152,0.7982789172675137,0.8312656195248088
2022-08-22,0.9036635235013168,0.8730268190532872,0.8579192706298427,0.8035284331160241,0.8390078176568951
2022-08-23,0.9021593666602375,0.8753000272118573,0.8585970144796566,0.7983585140598657,0.8325482785249275
2022-08-24,0.8968339708413896,0.8702724919597778,0.8511224094844978,0.7939860778422467,0.8253343216828669
2022-08-25,0.8969854484754701,0.8699074026938495,0.8598633827483863,0.8186131038789118,0.8283976370731969
2022-08-26,0.9054027455500233,0.8812495684942866,0.873478329801802,0.8323034897651036,0.8432638012076409
2022-08-29,0.9054661630708435,0.8865386189914437,0.8700248930304423,0.8296328331106765,0.839776032057872
2022-08-30,0.9100880630525325,0.8853204665724915,0.8655525087501864,0.8267779179985371,0.8371377234293051
2022-08-31,0.910318564922271,0.8868757093946448,0.8674356863937835,0.8280737343225126,0.8377448496479706
2022-09-01,0.9096439316402865,0.8844470456194937,0.8688371537569799,0.8391103655061272,0.802304881094845
2022-09-02,0.9110478165887844,0.885781554749897,0.8738794942586672,0.8364162815582652,0.8034544218989499
2022-09-06,0.9069079439524891,0.8850842484216909,0.8764106702003187,0.830276283906616,0.8045873122498813
2022-09-07,0.89505934735839,0.8781191242091271,0.8775584459323806,0.8202426588907635,0.7956925970809205
2022-09-08,0.87456759269101,0.8659153911794694,0.8699875734939351,0.8051577569997971,0.7785133796210357
2022-09-09,0.8787952750665753,0.8728360062169789,0.8728500602775315,0.8072571845194662,0.7850012023129197
2022-09-12,0.8670863328479371,0.8717128223377287,0.8677489852231737,0.8073173267949043,0.7806630085022903
2022-09-13,0.8784788864428184,0.8910800053958045,0.8808821834784663,0.8275942939567187,0.8008340889337905
2022-09-14,0.8823319227017498,0.8956378143666943,0.8844637773181315,0.8347990008471351,0.8055862155465953
2022-09-15,0.8783558136354624,0.8942850345054243,0.8799305272205836,0.8410843801498378,0.7985481173017962
2022-09-16,0.8793498066947706,0.8897640227007916,0.8741931905280736,0.8433114888189381,0.7798888968462486
2022-09-19,0.8765021863243267,0.8879575781941892,0.8737982905805143,0.8420924074435616,0.7856450915894468
2022-09-20,0.8593482361538105,0.8804922255626348,0.8637054718224842,0.8460633476689089,0.774029559592296
2022-09-21,0.8629994814144735,0.8794868314376324,0.8637505920710828,0.8526430186333612,0.7561455083837765
2022-09-22,0.8575132258963636,0.864182824343413,0.850284055642692,0.8466566788281976,0.7471424014954333
2022-09-23,0.8625776309974236,0.8688697926735917,0.8482379158694044,0.8519086625039223,0.7401859811069985
2022-09-26,0.8588495920516201,0.8648598040739993,0.8462736063350503,0.8422902400066562,0.7402834131939557
2022-09-27,0.8559156291835005,0.86395436755632,0.8517628647687592,0.8402308603534708,0.7658231316990616
2022-09-28,0.8194106752168919,0.8687789403242994,0.8755520467017869,0.8510997160252056,0.7701543434489494
2022-09-29,0.8216649417560394,0.8678569780144573,0.8777513809455049,0.8530422013172465,0.77487698373699
2022-09-30,0.8204534000434891,0.8713847217357793,0.8763614561225319,0.8532208538281754,0.7631530925767523
2022-10-03,0.8292978476722475,0.8791306062675247,0.8817249698259714,0.8500650132630151,0.7645953587836961
2022-10-04,0.8302133599554365,0.8853132935637932,0.8835474146258736,0.8549688461603416,0.7730378085470768
2022-10-05,0.8363546981839199,0.8993358562758864,0.8827820503031283,0.8542691453946637,0.7739395155066606
2022-10-06,0.836322240251668,0.8997172136956746,0.8804784591347805,0.8568379135054285,0.7743707490585146
2022-10-07,0.8552745919965888,0.9053196978306223,0.8808275129796164,0.8644876007935792,0.7909780768130764
2022-10-10,0.8541385479629056,0.9068951960142788,0.8827553066270323,0.8632156470747749,0.7895701447951745
2022-10-11,0.8550589895488437,0.9059778528977384,0.8837699088667287,0.8657261090350028,0.7999996149184496
2022-10-12,0.8505173429800268,0.9067186366053189,0.8745018433145844,0.8607107757261564,0.7891215833172831
2022-10-13,0.8578065167403948,0.911889024416587,0.8698995311421513,0.8356723655302857,0.7990212488331816
2022-10-14,0.861428785137608,0.9128699654903333,0.8733135214623109,0.8407645696661424,0.805110397543664
2022-10-17,0.8666902423843995,0.9174161590123472,0.9056347396505078,0.848912331906786,0.8150217910814328
2022-10-18,0.8684234451507092,0.9161559266185388,0.9054480543526103,0.8523240892845394,0.8157547600437528
2022-10-19,0.8668578171631883,0.9170910529738536,0.9053678238700165,0.8580801879225911,0.8103031518500806
2022-10-20,0.8590052894001533,0.9273094130823478,0.9245306606450843,0.8477352909632893,0.791508443569723
2022-10-21,0.8666190329437461,0.9314631568824817,0.9184616932284746,0.8528612966416149,0.7906565019310933
2022-10-24,0.8670076018648195,0.9308800260631319,0.9179190011085756,0.9031326890648126,0.791672970154008
2022-10-25,0.8694485618780534,0.931794239288893,0.921081749702576,0.8998392796288941,0.7996504172493324
2022-10-26,0.8682272496281686,0.8550716529640497,0.816701275833645,0.8912334295111145,0.8033240309067585
2022-10-27,0.8599416713440675,0.8506873372879435,0.8084134304173417,0.8799439352304435,0.7940541752272909
2022-10-28,0.8460246056158152,0.8581906314499731,0.8176350276386105,0.7590043526775232,0.8044392078106483
2022-10-31,0.8462742022243273,0.8585313716704032,0.8180042156327966,0.7592351244213427,0.8051299619022795
2022-11-01,0.8448531296267571,0.8580996906619096,0.8046993514441559,0.7437825989226926,0.8213010638752068
2022-11-02,0.8513549876353662,0.8662831582052867,0.8117554551662634,0.7535131786000878,0.8218897006022033
2022-11-03,0.8397962135335468,0.8620598593980449,0.802520939555668,0.7456321038429305,0.8056125989796574
2022-11-04,0.8321451850837163,0.8635490612470041,0.8051576832580062,0.7507671830695524,0.808914589502188
2022-11-07,0.8281122245563108,0.8601729717046411,0.8022469000542692,0.743479712298601,0.804148574151142
2022-11-08,0.827965492606013,0.8601316376300667,0.8023992172459365,0.7424767746320923,0.8043876117952498
2022-11-09,0.8322155643726098,0.8601363691490548,0.8015479362405655,0.7493350745902092,0.8103758895551428
2022-11-10,0.8680829413073288,0.8858668454596568,0.8330433022050189,0.798790164269036,0.8466434028665316
2022-11-11,0.86926414583232,0.8872283590618827,0.833129382442063,0.7965111617350323,0.8481395919712041
2022-11-14,0.8689499153003307,0.8869067067897825,0.8312509245874897,0.7954750373842167,0.8464472047949958
2022-11-15,0.8684082556168163,0.883747519772954,0.8281846229194268,0.7919664314185143,0.8438027565773203
2022-11-16,0.8685263586262776,0.882207768347022,0.8250768857599768,0.7934573998880767,0.8421561271599731
2022-11-17,0.8648921107211291,0.8822958262556039,0.8253791199629987,0.7923925415566788,0.84208872579969
2022-11-18,0.8641426864132025,0.8816569001431709,0.8204778844931081,0.7885805726168009,0.8361243278425701
2022-11-21,0.8580715928604583,0.8766383979031237,0.8075403604702995,0.7820465634646844,0.8240857699296297
2022-11-22,0.8585478710241952,0.8766780676911526,0.8088882341475383,0.782784120322202,0.8258958042500102
2022-11-23,0.8578692009523462,0.8775102721940674,0.8110546821567097,0.78516175896322,0.8246149782503889
2022-11-25,0.854103366201794,0.8778622445504947,0.8107089592758803,0.7847195327196183,0.8228439681277337
2022-11-28,0.8563023527790405,0.8802710232716624,0.8115584426380679,0.772702222110475,0.8616655384963529
2022-11-29,0.8530379750446515,0.8794572421448225,0.8103091123806071,0.7759229608109945,0.8602418883895451
2022-11-30,0.8609271302789927,0.885642832257918,0.8214222235865961,0.7853436272260834,0.8683873408844909
2022-12-01,0.8629317186674819,0.8849239348645084,0.8185230397851218,0.7818374176550975,0.8699271069401292
2022-12-02,0.8667196624067919,0.885381865377756,0.8220707881114565,0.7814834878432128,0.8685349320647346
2022-12-05,0.861651370697699,0.8843821320803628,0.8170219131637845,0.7813618194082023,0.8666081264739478
2022-12-06,0.8661642075355012,0.8857525775275175,0.8207551857502252,0.781895335012943,0.869805546868476
2022-12-07,0.8531122210595823,0.8767936432515797,0.801863730978965,0.7627563523862059,0.8537856114264941
2022-12-08,0.8537274971563424,0.8775039361651091,0.7953849612308662,0.7638234954504295,0.8470942537507098
2022-12-09,0.851579207444476,0.8770125891970697,0.7939509730110951,0.7636233833226673,0.8467503166255379
2022-12-12,0.8528250025867021,0.8811768119239902,0.7960687135683024,0.7644584516491544,0.8584993904265267
2022-12-13,0.8542144300681145,0.8833425541290666,0.7957567402997283,0.7640262989137969,0.8588373597597598
2022-12-14,0.8701279508261762,0.8824114711041615,0.7939070947050866,0.7628380275602704,0.8582539214939469
2022-12-15,0.8749807666679679,0.8863851860931375,0.8013735381688488,0.7633916770431846,0.8714064505850126
2022-12-16,0.8747204994638421,0.8925389825583371,0.8037382810750612,0.7582126734250416,0.877558000646795
2022-12-19,0.8764227232169477,0.8943960244935426,0.8056094380599298,0.756235905686827,0.8827714775125199
2022-12-20,0.8814820250943758,0.8964373903941717,0.8064735389363792,0.7662863866531875,0.8803312417066796
2022-12-21,0.8852586893440471,0.8953035983081588,0.8048358655328749,0.7687066469237563,0.8823505694655701
2022-12-22,0.905961196811793,0.8967119707897877,0.8028482258061147,0.7669510644067008,0.8793520211988217
2022-12-23,0.9028568725979847,0.8994254041923644,0.7995798996664634,0.7655266530207804,0.8731884206380685
2022-12-27,0.9009702929132702,0.8988097391436078,0.798043772609445,0.7670722959883728,0.8593445550202604
2022-12-28,0.8993889307713577,0.8951331537314584,0.7930595506396091,0.7627247733353294,0.8603993956367093
2022-12-29,0.9040961795925013,0.8957761443894985,0.7928397436350465,0.755591782758978,0.8604688960343687
2022-12-30,0.9038992171338817,0.8962729376719164,0.7928416350144187,0.7556527416316088,0.8606014096816471
2023-01-03,0.8975079142420179,0.8961055771177546,0.7926630855997648,0.7489254290968609,0.8618255477732178
2023-01-04,0.8955662100507108,0.8515955982463613,0.786728369818984,0.7369075081258403,0.8528447763350657
2023-01-05,0.8985587128326938,0.8524923970137828,0.7890932486933466,0.7400790725009806,0.8544992878819393
2023-01-06,0.9020066506453199,0.8466243764862641,0.7870505341270682,0.7477180804884657,0.8562514990922173
2023-01-09,0.9013112874464414,0.845647516648147,0.7873332190810585,0.7469371416499082,0.8427087186188161
2023-01-10,0.8982817410515276,0.8395701686111374,0.7908232128521077,0.76336663900964,0.8434143773006818
2023-01-11,0.8971355527221887,0.8394871401413212,0.7904061017694842,0.7507925564819685,0.8313251656130193
2023-01-12,0.895448697211653,0.8319202606366851,0.7822233355055583,0.7367604860815108,0.8231821513751844
2023-01-13,0.8953826053301105,0.8340048912651995,0.7820319143197464,0.7302168990083335,0.8264773351576163
2023-01-17,0.8958067557910699,0.8325757189632327,0.7816744985110285,0.7297869606711928,0.8162644071365897
2023-01-18,0.8908073336091348,0.8364237279253293,0.7779384105879533,0.7276510562130178,0.8216555474860577
2023-01-19,0.8863868302557131,0.8355315651354579,0.7684795921563002,0.7203185366608427,0.8301195080455283
2023-01-20,0.8860384096727657,0.8384632883165709,0.7735888880352273,0.7293453487040125,0.8382647853447273
2023-01-23,0.8861382604632407,0.8384807603627762,0.7734637115504687,0.7298865053913589,0.8320098065793985
2023-01-24,0.8829399626874068,0.8853580016269409,0.821620408705595,0.7290602963646824,0.8311133100771415
2023-01-25,0.8861569397876705,0.8857001045220662,0.8166762694950689,0.7295113050003803,0.8362637408316039
2023-01-26,0.895326489246409,0.8794311990885749,0.8092916199756789,0.8472035390149473,0.83369571051003
2023-01-27,0.8926573220127738,0.8786035423787213,0.8054740599086718,0.8412753372561904,0.8314806796469825
2023-01-30,0.8945541105140924,0.881457682884833,0.8212341632221943,0.857146136381024,0.8330220976083339
2023-01-31,0.8874366188479289,0.8769939560468262,0.8130845223761528,0.8508553211805692,0.8356810397066161
2023-02-01,0.8924559061913149,0.8770135325425563,0.8161091831150025,0.8498675862255912,0.8410056311519872
2023-02-02,0.9022763701576612,0.8716837880798559,0.7947555218591501,0.8392948437479404,0.8398280814586623
2023-02-03,0.8742986544989679,0.8746212050782313,0.7964932792513963,0.8245097283198994,0.8438548637480016
2023-02-06,0.8747406327760859,0.8750753547975969,0.7977667022092607,0.827781491486942,0.8429279929938893
2023-02-07,0.8704865434023186,0.8724126200713631,0.7970095894649343,0.813649976827532,0.8379002717553209
2023-02-08,0.8255704220232625,0.83128755619231,0.7404306849158381,0.7495330035436778,0.7879912123605671
2023-02-09,0.8231921719791935,0.8308845797748619,0.7377718337572092,0.7506472903137437,0.7812038718119815
2023-02-10,0.8223482738664517,0.8284558707813189,0.7374194228859272,0.7465047063022383,0.7638755753331344
2023-02-13,0.8239920965548011,0.8343342197007183,0.7294700640152657,0.7505883717584608,0.7636679575376943
2023-02-14,0.823347946831864,0.8362068627027355,0.7351003849876979,0.7481708299078325,0.7484310020703997
2023-02-15,0.829682875131922,0.831167217568052,0.7324910572473912,0.7489527624237154,0.7448515154136671
2023-02-16,0.8284796121786252,0.8380722868995047,0.7365483272359312,0.7585566218284742,0.7579118112646305
2023-02-17,0.8319851623397955,0.838107129828083,0.7365001770515236,0.7586095129870009,0.7555030670996168
2023-02-21,0.8368522785546428,0.8404070609284374,0.7403474554383173,0.766574382747704,0.7552668938271206
2023-02-22,0.8361934853209243,0.8397019313451615,0.7388973738408254,0.7636458176651515,0.7537451959159763
2023-02-23,0.8432266478045024,0.8403248416700492,0.7354915715520552,0.7627248179862559,0.7050055911025407
2023-02-24,0.8403955872529221,0.8389758603135906,0.7394316529777576,0.7834599997052191,0.7026471451151172
2023-02-27,0.847459474359708,0.8389911717902312,0.7397813096471029,0.7844115558170719,0.7026060876073761
2023-02-28,0.8268725271244242,0.8139181889590579,0.7057974411544203,0.77292282629077,0.6798454003180132
2023-03-01,0.8260298929015439,0.8138303226786678,0.7039362843387907,0.7730467782345048,0.680380567824917
2023-03-02,0.8247969182458889,0.8159196995155585,0.7069507887369981,0.7705356013015672,0.6834199393899211
2023-03-03,0.8393106150075351,0.8150571280863141,0.716923758518275,0.7688054007940469,0.6829330451156891
2023-03-06,0.8274271941722596,0.8104756116169789,0.7085478104074384,0.7601582409080349,0.6726070940812217
2023-03-07,0.8313655348543867,0.8079915602026057,0.709440826910721,0.7500538006418106,0.6712274152919591
2023-03-08,0.8298780733798189,0.8061473496573334,0.7208735720488949,0.7477777771600631,0.6668678814712689
2023-03-09,0.8305776779987524,0.7942959326743142,0.7226376665752917,0.7456305023656365,0.6718653023956912
2023-03-10,0.8303181700166901,0.7893345161085057,0.7317911158790666,0.7466223849746795,0.6720173344889032
2023-03-13,0.8263122985348621,0.7770226207193369,0.7281275274335002,0.7396736541971636,0.6693127925190275
2023-03-14,0.8245937511633573,0.7872287026254547,0.7368503542337592,0.7439573342392644,0.6757625322381912
2023-03-15,0.8044770833568702,0.758738921650017,0.7023268028782115,0.7259847306485898,0.664072713062566
2023-03-16,0.8038073139895329,0.7665569912257129,0.7221627071573352,0.7433308073163456,0.6709431923832249
2023-03-17,0.796873307646269,0.7358167673853602,0.6931841483137141,0.7380782288982821,0.655889202688565
2023-03-20,0.7995518350077498,0.6986623423426782,0.6849930425161805,0.7230487366562245,0.6534338512263889
2023-03-21,0.7935473628378301,0.6956926819903141,0.6999309809554223,0.7277954136134998,0.6481892950123275
2023-03-22,0.785197653733812,0.6801851841829332,0.6955903312744923,0.7216117423411381,0.6185642730607932
2023-03-23,0.7907401383182668,0.6798872289480491,0.6932583157767401,0.7196744381121031,0.6255204123775975
2023-03-24,0.7922285924239708,0.6797963656243983,0.689198487313942,0.7148946486176577,0.6272248621554485
2023-03-27,0.7801755905430583,0.6705290222165458,0.6736590839608217,0.7116018986022506,0.6233234931828662
2023-03-28,0.7706209932193493,0.6599133382857647,0.66652336587033,0.705621380331122,0.618356094979373
2023-03-29,0.7758143004787302,0.6645155820878493,0.6576699889661469,0.7124490260600569,0.6154232227681947
2023-03-30,0.8067025443886339,0.665692748441578,0.6579851670029789,0.7244501271699054,0.6131851175104663
2023-03-31,0.8079039414132438,0.7322454261601469,0.6749238240024387,0.7306393380865905,0.6052212536967576
2023-04-03,0.8040765212295905,0.7217155800277877,0.6686605541980084,0.7207677663209598,0.5940471714678945
2023-04-04,0.7892877075781403,0.734470252408116,0.6776554982327001,0.7021496314711114,0.5919192385948683
2023-04-05,0.7868824812565773,0.7359598789737436,0.6787623220752621,0.7020144515190313,0.6029265174351954
2023-04-06,0.7887747835547257,0.7330841691240811,0.6757388493785422,0.7005614358254789,0.6014864190251
2023-04-10,0.7698282687705548,0.7230832000165444,0.6628688326945446,0.6951081716885934,0.6102724644598406
2023-04-11,0.7688228678134621,0.7109524892858211,0.6639835883474613,0.6901743663548174,0.6074493148852297
2023-04-12,0.7692526074083836,0.7106573704812933,0.6642852186646944,0.6938898504438306,0.6080262322801065
2023-04-13,0.7768596746070356,0.7174210749437568,0.6702401854611503,0.704890741342112,0.6063476103005858
2023-04-14,0.7804951478042097,0.7083996139885532,0.6762011503286278,0.712010737022016,0.6005570213048123
2023-04-17,0.780615113587841,0.7047603306346519,0.6798577059118307,0.7082886734574089,0.5942460227877353
2023-04-18,0.7757562400428827,0.6880246582335695,0.6576970808109154,0.6942439780122174,0.5713651197769716
2023-04-19,0.7689438737333549,0.6892930814198404,0.6542702412018022,0.695978742054577,0.5575570157172293
2023-04-20,0.7737072302883142,0.6911646697926831,0.6494463676236981,0.6966208399058702,0.5614590516451293
2023-04-21,0.7699736109116219,0.6920709449610435,0.6561798482046997,0.6889791067980897,0.5612507155743368
2023-04-24,0.7665546873051231,0.6781165505538241,0.6503220155780227,0.6834173718098712,0.5568341009336509
2023-04-25,0.7689620867371989,0.6906950996169646,0.6565196689685681,0.7011694578533385,0.5690418505423332
2023-04-26,0.7611072082405272,0.576224815623553,0.648149110127826,0.6841482696150449,0.543185926163402
2023-04-27,0.7792449079482313,0.5875930780570686,0.6607917986835591,0.697074730692407,0.5289897771962623
2023-04-28,0.7803358503672503,0.5811866789892746,0.6518027107815497,0.6495230919052355,0.518718635943602
2023-05-01,0.7731724734507024,0.5596994819776662,0.6392201423589376,0.6289464883544129,0.49710058755678915
2023-05-02,0.8318639120738848,0.5454493365212039,0.6359903145335436,0.6178415426088069,0.49631595654961036
2023-05-03,0.8355293639685482,0.5443858790191157,0.6300508147268844,0.6129079006977587,0.5000767897852769
2023-05-04,0.8318327636398808,0.5209198672905744,0.6150105086315663,0.6196475556774487,0.4837667495125451
2023-05-05,0.8321221211977547,0.5281061426657979,0.6219902424850309,0.6143085361251425,0.5056733080967021
2023-05-08,0.8305295434394437,0.5210740483811692,0.6153125992097729,0.6085551452648275,0.5092200804879758
2023-05-09,0.8313455718523971,0.5242859215658153,0.6188525740759188,0.6071058935425957,0.5335717180159136
2023-05-10,0.8279370164276041,0.5118817584041958,0.6205308706089471,0.5991733223670577,0.5287859978216645
2023-05-11,0.8289821432717457,0.5122219334472996,0.589662524137475,0.5934011627866894,0.544617162437176
2023-05-12,0.8285103383346938,0.5193843664749401,0.5889620748426696,0.590041106149945,0.5488515719313144
2023-05-15,0.8231124297231417,0.4984132583784181,0.5735139997962098,0.5748459423471213,0.5348333998439446
2023-05-16,0.8216893445598561,0.49296047445063645,0.5496137369442651,0.5574680059364833,0.531842651166113
2023-05-17,0.7977456989132213,0.46554186007309434,0.5211639563423877,0.5407498462130169,0.5174494650504922
2023-05-18,0.800750867232699,0.4696884388185664,0.5249925013592619,0.5509201271250108,0.5277864528485202
2023-05-19,0.8021004448134146,0.4679700340594439,0.535078448479954,0.5527636078440195,0.6313367184334568
2023-05-22,0.7939007974709555,0.44991041426052697,0.5183768919271141,0.5377669386794023,0.623565197210284
2023-05-23,0.7997219171487068,0.4666429260298674,0.5328204663705108,0.534647383543867,0.6305379585490314
2023-05-24,0.7951208493576043,0.4683046222327602,0.5393053655070382,0.523029531782585,0.6302990938990087
2023-05-25,0.7961364483803418,0.474695878293686,0.5452988466179319,0.5000841737182105,0.4436835083722912
2023-05-26,0.8011678954796658,0.4797022670160565,0.5381820105550261,0.5243146542396252,0.4431824673388674
2023-05-30,0.7893622481396364,0.4722681381189592,0.5315542945573263,0.5071069846956342,0.4407078176096723
2023-05-31,0.7996120746471801,0.4767164383561636,0.5362884358656,0.5136792011639257,0.44873079448315956
2023-06-01,0.7954295950633321,0.4693751597361134,0.52329925750627,0.5226340479962565,0.45531014266726183
2023-06-02,0.785843912230882,0.46716908487011677,0.5178195867386618,0.5216044766072319,0.43475735757170725
2023-06-05,0.7767259207826541,0.46561223043389083,0.4918566772533909,0.5043085172243079,0.41856851159212927
2023-06-06,0.7661021778853943,0.4452375709125789,0.47145869939459994,0.48937891953333457,0.4065287993730274
2023-06-07,0.7786031775706959,0.4587030561932946,0.4720469975622811,0.49518942813825706,0.41127073082032045
2023-06-08,0.7766335321174352,0.437679081416937,0.4442524812756593,0.4848470783784719,0.39767840864550047
2023-06-09,0.7819579344734655,0.4564670589441173,0.4671429264509418,0.4950067061583045,0.39989300660654536
2023-06-12,0.7780349206846665,0.42273943197639935,0.4304459162880666,0.47421180345066277,0.3786707856193488
2023-06-13,0.777291965300989,0.4601873612680613,0.46541566152523645,0.46430004394767194,0.3974594959041253
2023-06-14,0.7731721428818629,0.5061268434588497,0.47708461995870105,0.48486905315428297,0.39648509636396834
2023-06-15,0.7728022478956509,0.5309534352261025,0.4556509775242822,0.46278313412440075,0.3849156128517631
2023-06-16,0.7790274663148232,0.5472157000300897,0.4487010644053441,0.45167804337604667,0.4060006614727952
2023-06-20,0.7763435918860854,0.5566785820752247,0.4535267031630153,0.4504674442729907,0.39511400552272025
2023-06-21,0.7773829637143452,0.5613613502792727,0.46825594794032593,0.46305325859304647,0.41050799024242346
2023-06-22,0.7842910381891415,0.5674193932060416,0.4826383223191879,0.45765669774410783,0.4100509534444044
2023-06-23,0.7807929674360954,0.5745898692634991,0.4840148772294139,0.45922865765020376,0.41618257518554347
2023-06-26,0.7737613755194622,0.5706026189244726,0.5002349358853667,0.44553940751219234,0.42428140522308416
2023-06-27,0.7773638081672299,0.5757670020495192,0.49664956501486396,0.44576198510339127,0.42947599199478237
2023-06-28,0.770583931643082,0.5714725311271434,0.471036002749099,0.4452547369800957,0.4345276495655162
2023-06-29,0.768739384807723,0.5720635373306222,0.4636928154287903,0.4448504581792823,0.43167606449712814
2023-06-30,0.7768332120601453,0.5797497186446505,0.46378555457087395,0.4656605045404377,0.4344838135136536
2023-07-03,0.7724958509141138,0.5755794744190603,0.4626785156271465,0.4621281833824636,0.43082796824619685
2023-07-05,0.7725310629320452,0.577516460609151,0.4607117686713239,0.4617153329260915,0.4325481041305967
2023-07-06,0.7796226137361286,0.5633840313930177,0.4761623979971223,0.4722147281096,0.4341820255194624
2023-07-07,0.7842701024542524,0.5742326168682136,0.47897030553898,0.47234876334677184,0.43310508615536364
2023-07-10,0.76957949461224,0.5663667757873473,0.45972828143711586,0.4555305821712329,0.42553475836835325
2023-07-11,0.7510015995132172,0.5500976927047379,0.4381069605130634,0.426360893246775,0.43927832008316964
2023-07-12,0.7520566947005117,0.5522009558551682,0.45413091473845635,0.43100184239750006,0.4464125155520579
2023-07-13,0.7512187852859306,0.5566803369211645,0.4829690506224384,0.44132070815255914,0.4546472165123083
2023-07-14,0.7535793282602009,0.5547137665470396,0.4838201239511652,0.4415361461035745,0.4569633397384982
2023-07-17,0.7503517345160308,0.5535599116374804,0.4791539096690872,0.4417110330439377,0.45797601353237927
2023-07-18,0.7381441200239531,0.5526612704253838,0.4787991589445836,0.42844614640970385,0.45089186289759203
2023-07-19,0.7436903176401544,0.547198838435104,0.4735490464090821,0.43682122112421023,0.4491733169709776
2023-07-20,0.749140503556452,0.562571061292829,0.4875150256407246,0.4551973725965596,0.4601772477738446
2023-07-21,0.7464090428659848,0.5384859820423974,0.46335442927117215,0.411943649385441,0.4456352146796704
2023-07-24,0.7475581905190913,0.7051806209172596,0.4646828774280541,0.4266698185825451,0.4548466414607098
2023-07-25,0.7195386412421624,0.6752101206428174,0.4153306510012797,0.36651194920061525,0.48032534444805136
2023-07-26,0.7173960936252853,0.6431406166801372,0.378368150878461,0.43178580154515855,0.48096975885865495
2023-07-27,0.7211442058533385,0.6522260264600198,0.37539649487051246,0.4334996678608986,0.4833302535965566
2023-07-28,0.7267073739322658,0.6773779140820212,0.36816529505505186,0.4875811750924891,0.4725367661466495
2023-07-31,0.7224839560830778,0.6785385114571321,0.36961726551476687,0.48893350932236274,0.46699102980937823
2023-08-01,0.7169537368546686,0.6891289026453251,0.36822979397758215,0.50203861060063,0.46634034968342253
2023-08-02,0.7056439301525969,0.709469137759752,0.414238140673306,0.5344076822708336,0.48747940419215474
2023-08-03,0.7080133313058696,0.7091735145718185,0.4205995759891405,0.5309657940934482,0.4873263486859461
2023-08-04,0.6322697857175067,0.7014379823602629,0.4197171627901363,0.402586039901663,0.48015798877199384
2023-08-07,0.5788597715595694,0.6995824025703843,0.43315040697347956,0.4059324964741228,0.4793866499276384
2023-08-08,0.5693662253007855,0.7020922518911683,0.4740467165036655,0.42274514259286083,0.48200204573155636
2023-08-09,0.5747677875765062,0.7054250338779684,0.48679964529436176,0.4307891074893274,0.4951320046745282
2023-08-10,0.5776240367867941,0.7054067186423736,0.49211533367012344,0.42987462457246894,0.4944266840966922
2023-08-11,0.583866832255,0.7243658935395952,0.5366510943583969,0.4546890796607377,0.5017995062059725
2023-08-14,0.5936937076860369,0.732088577736159,0.5380651295003682,0.44990614619267083,0.5015547455560564
2023-08-15,0.593256994229596,0.7182771038293733,0.5352767928176001,0.45745262559900535,0.4759349295716301
2023-08-16,0.5951179257901835,0.7152570108238808,0.5385946123848034,0.4677546439402392,0.476260397825339
2023-08-17,0.6070019312957977,0.7200651079689636,0.5255968661982501,0.47288511276572515,0.47477081125598647
2023-08-18,0.5905874721768206,0.7122530999907842,0.5034400156261782,0.48133568503056384,0.47228218809318523
2023-08-21,0.6046601971880877,0.7198157140687484,0.4964868030486256,0.5052360853101785,0.48219633222790287
2023-08-22,0.5915818622334057,0.7133389498589886,0.47961655025125083,0.5331324245269837,0.5654300567428805
2023-08-23,0.5984309383123136,0.7062061755551181,0.49967179356173475,0.4989083051418015,0.5704169667251228
2023-08-24,0.6367116825101777,0.7179718404032472,0.5188171444380355,0.5260511140337883,0.5552338110916759
2023-08-25,0.6469815320653121,0.7188571033072337,0.5124252494135454,0.5251819607997943,0.5215386151337149
2023-08-28,0.6401011731002927,0.7126071571830896,0.5150984810801164,0.5122874589785328,0.5067905909020521
2023-08-29,0.6723027556126573,0.7227913175884729,0.5451481250650592,0.5141876060340203,0.5681659963254723
2023-08-30,0.6690668264570838,0.7241060599018345,0.5530476743287159,0.5168912696241064,0.5677320562626623
2023-08-31,0.6694759073553139,0.7270539129370281,0.5519224912171519,0.5050467229744215,0.5720689803275832
2023-09-01,0.6661067864997996,0.733718907566194,0.5523418105352402,0.5038057831803603,0.562481494828853
2023-09-05,0.658024636715177,0.7104509052175993,0.5574612302167672,0.49900958732269135,0.556209343778079
2023-09-06,0.6588116164255424,0.7059010777661107,0.5628074092394306,0.508827625751717,0.5667964440812708
2023-09-07,0.6415215761665006,0.7011214373102624,0.5550822532272343,0.4818450631362424,0.5666812759325602
2023-09-08,0.6492664062200265,0.697383001790076,0.5596196492393128,0.4862738577723638,0.5540056220919345
2023-09-11,0.6511672706971428,0.7018148048374663,0.5581256864113802,0.49825081006507826,0.5545530822415168
2023-09-12,0.6525495221264025,0.6862274014246563,0.5624476026323593,0.5132824057146824,0.5832716106706783
2023-09-13,0.6474598234540769,0.6763075093471519,0.5553993868863363,0.5029334368109567,0.5893124332977921
2023-09-14,0.6566550072289812,0.6730932457150465,0.5566232026615439,0.4950363425179161,0.6050066861966343
2023-09-15,0.6341152270343646,0.6894987832845952,0.5393631782794722,0.5228562380908968,0.620044649355806
2023-09-18,0.6253613810043853,0.6896360008259005,0.5370283911573873,0.5259203698885244,0.6216801605366531
2023-09-19,0.6261266036196889,0.6835432084175497,0.5342685515350066,0.5260041115009434,0.6176752345264708
2023-09-20,0.6366749144834628,0.6938122523346901,0.554940069366119,0.5314849845450158,0.6256175560349885
2023-09-21,0.6165006803711741,0.6585516284243376,0.596979701506664,0.5688768355162864,0.6238426591325547
2023-09-22,0.6134304623614847,0.6592828164785762,0.5997335383055638,0.5690511084570503,0.6229271907587131
2023-09-25,0.6159146680266377,0.6619592878999632,0.6112302620470187,0.5801014993011655,0.6306369847270019
2023-09-26,0.6156539114268166,0.6596337112365597,0.6351017360375323,0.6002130679781937,0.6036210090528539
2023-09-27,0.6160529502986517,0.663217174645505,0.6335282610994355,0.6006349957038727,0.6034013927983854
2023-09-28,0.6151602364813629,0.6628800177633023,0.6432850963455907,0.5970048839185648,0.6061429069307019
2023-09-29,0.6242576701296902,0.6805641726957316,0.6374967993295919,0.588518272626245,0.6052727645339362
2023-10-02,0.6162015044570234,0.6688715337034559,0.6259403628871723,0.5891803927768078,0.6015796677466032
2023-10-03,0.6204576634636142,0.7017725428932748,0.6603983889845595,0.6238330790515929,0.6171104495459143
2023-10-04,0.6305287108547564,0.7115042853619633,0.6696717032177741,0.6265066893903705,0.6201609520927214
2023-10-05,0.6245658856292569,0.7054572068107681,0.664864697005417,0.6205873323288277,0.6082854682035651
2023-10-06,0.6360904661242609,0.7137522964577732,0.6676940136492117,0.6143558314584874,0.6029687908582881
2023-10-09,0.6397434066359193,0.7173836393325803,0.6671254266665925,0.6117776626734772,0.5909676273924065
2023-10-10,0.6326125483063458,0.7104421813241839,0.6673643954353639,0.6197628644255095,0.5900764618475856
2023-10-11,0.6420180792872817,0.7164437063368124,0.6903609472741997,0.634798309231644,0.5870761436213224
2023-10-12,0.6310125537371691,0.7259212211916842,0.7082478947087427,0.6284399660235868,0.5867870394704666
2023-10-13,0.6302561930241625,0.7258148111508811,0.7079723420755254,0.6282474167524339,0.5833196361108225
2023-10-16,0.6199516692901206,0.7364550729877866,0.70863718206314,0.6368274650308747,0.5922227943152819
2023-10-17,0.6163410879259626,0.7360589986721996,0.706415306898527,0.6446898458370645,0.5713838407150127
2023-10-18,0.6116437962448376,0.7301564199456777,0.7113948911360167,0.6566423731786417,0.587812038214905
2023-10-19,0.606894336497068,0.7775819072469023,0.7953966137594785,0.6509400407128232,0.5840392258882521
2023-10-20,0.6135670012411485,0.7845019632518051,0.8046145161171784,0.6642765968105414,0.5956212620566464
2023-10-23,0.6030833794126385,0.7716067440891655,0.7948226472009354,0.6492344204356959,0.5766483268017857
2023-10-24,0.6010433320684415,0.7761655484056383,0.8006678369727016,0.6526503443193267,0.5815412027649061
2023-10-25,0.6064766151218082,0.6502068165812275,0.7217096524819947,0.6733717740695138,0.5999944637448219
2023-10-26,0.6125819950054074,0.6414421654831497,0.7216343461101558,0.6659252826195247,0.5924197689225486
2023-10-27,0.6039540005695359,0.6363745475526256,0.7211913747006032,0.5952606925592727,0.5912849890251297
2023-10-30,0.653121583679817,0.6562744125129921,0.727197600273455,0.7166109633597385,0.5960527373822418
2023-10-31,0.6978078178737349,0.6530179020105517,0.7109909588823508,0.7087294791626461,0.58204559646392
2023-11-01,0.7143376618977579,0.6666336227962008,0.7186470731941612,0.7179733590811447,0.5956467585293406
2023-11-02,0.7264561182723457,0.645558295963494,0.6987771945109845,0.6945742527005444,0.6006433163765607
2023-11-03,0.710416921353361,0.650781878381415,0.7016184342974746,0.6901245455346883,0.6106918966246679
2023-11-06,0.7084119359105628,0.6528671522609576,0.7022138386047914,0.6907157008667966,0.6217636032116771
2023-11-07,0.7052189735508383,0.6516746518816441,0.7001657841012368,0.6879690810036376,0.631927621513606
2023-11-08,0.7003734752295845,0.6491259425781322,0.6983407205559027,0.6805912147744866,0.644303029890374
2023-11-09,0.6981691813687263,0.6506373667217609,0.6999895928327777,0.6780984874315711,0.6334963480422314
2023-11-10,0.7074292121127921,0.6630190648062978,0.7178537241370962,0.6819585863130442,0.644797839320898
2023-11-13,0.7058475495234774,0.6619062157261488,0.7255311360700923,0.6827087588603066,0.6444115154059457
2023-11-14,0.7062160617530732,0.6495835943745659,0.715631619221069,0.684646997615177,0.6740242822655538
2023-11-15,0.7116104981032746,0.6484072053750027,0.7184722854124991,0.6765886613470967,0.6707118782359336
2023-11-16,0.7015739653828169,0.6379852535181288,0.707055187814486,0.6775139263165015,0.6606807104465419
2023-11-17,0.6845305906649153,0.6069283211156544,0.6952089906677922,0.6639947817844711,0.675422841478331
2023-11-20,0.6835745515648532,0.6108516756440509,0.6986636849693436,0.6617741927465205,0.7059861397376651
2023-11-21,0.6820263028925319,0.6130766462032136,0.6953262104866319,0.6659715611049003,0.7040455860225331
2023-11-22,0.666934438792285,0.6083396070200201,0.6836771171635833,0.6688876039545105,0.6702187881850473
2023-11-24,0.6665436558618951,0.6096768402488071,0.6784472867144051,0.6701952517512861,0.6637076704856887
2023-11-27,0.6670691917895251,0.6088607030990343,0.6791954908788782,0.6771027551266949,0.6609000972087786
2023-11-28,0.6675781127822532,0.6081546150252816,0.6803997377154394,0.6764360564981401,0.6657712021484765
2023-11-29,0.6697905630322921,0.6194569353299979,0.6792188785913575,0.6755982991631011,0.6665954970145226
2023-11-30,0.684297222153246,0.6171266081211559,0.6628218586832599,0.6700735813143077,0.6406122220805239
2023-12-01,0.7121835683482484,0.5972899616173528,0.6611352308523665,0.6805520048254724,0.6367844225795259
2023-12-04,0.7148960214140935,0.6033062381245349,0.664972759028045,0.6833194646558134,0.6444057952915896
2023-12-05,0.6910994202497572,0.5979646374675721,0.6610010554568116,0.6782602200281997,0.6463754358278802
2023-12-06,0.692386896705051,0.5963098273491609,0.6596282873309788,0.6776217403362514,0.6474095576427179
2023-12-07,0.7073376179030844,0.5984053984128535,0.6533882093682647,0.6878030402813601,0.6538034516904225
2023-12-08,0.7060189031529823,0.5985653929053858,0.6416336524993322,0.6944544440902565,0.6597184483708672
2023-12-11,0.6906999508829631,0.5626265123486491,0.647475250272429,0.673594288011146,0.627948247677785
2023-12-12,0.7045929673418655,0.564932748997697,0.6442968734397501,0.6750205828289226,0.6295955132308021
2023-12-13,0.7198028260464302,0.5477239382192535,0.6323897514263798,0.6700586245308578,0.6235239620625898
2023-12-14,0.7100442344925901,0.5064663569462304,0.6184572066215479,0.6596925140213193,0.6118894153271249
2023-12-15,0.7077214786528647,0.49303678074411383,0.5952224975656505,0.6082417383029693,0.5812348255676295
2023-12-18,0.6948633016304121,0.49053299199829437,0.5974728890385016,0.6094814561666095,0.5907062200263656
2023-12-19,0.6947822167340864,0.48925922590666865,0.5974631119272423,0.6041883991348279,0.5804831348111748
2023-12-20,0.678127178349427,0.47005114287306915,0.5455740434877231,0.5736117481835686,0.6067428861121998
2023-12-21,0.6710614517126268,0.4717185694749739,0.5553638282367402,0.5748083231171621,0.6139283340074221
2023-12-22,0.6692754519746681,0.4729965818820718,0.5525922086032955,0.5771756025224359,0.6114984636424001
2023-12-26,0.6671991385130961,0.4753190509336458,0.5491861434938757,0.5801137791816786,0.6172298391587969
2023-12-27,0.6835486381971634,0.48760558665156545,0.562414951859196,0.5875481751642917,0.6324420714164786
2023-12-28,0.6783974225586606,0.4467575414213218,0.558661730743772,0.5564297591082823,0.6155960194749178
2023-12-29,0.6789659990721723,0.43902371282099784,0.5541825969990493,0.5555808941752983,0.6126980811719175
2024-01-02,0.6647171153415825,0.45062309693870223,0.5581597474313494,0.561385287235856,0.6261121925516739
2024-01-03,0.6590698385511017,0.4273686508636826,0.5345372465747781,0.5610328069504862,0.6202919183597455
2024-01-04,0.6585219439969834,0.4288318419994445,0.537438161593819,0.5657441079729835,0.6237708764063358
2024-01-05,0.6626351462689554,0.435061919418122,0.5395729240206691,0.5642090135773801,0.6168096381992823
2024-01-08,0.6807394963392691,0.45453280347445807,0.553883161131747,0.5788054415799565,0.6394322302922287
2024-01-09,0.6943244128099796,0.4500985433014625,0.5408271145758665,0.5771796558752406,0.6377671000756473
2024-01-10,0.6912918567428017,0.44607238560012435,0.5385822593834181,0.5729278850285514,0.6343468593473945
2024-01-11,0.7024357753437002,0.433772857379358,0.5339510072437008,0.5619358218960266,0.6315369400935179
2024-01-12,0.7038073213278088,0.43069176356403016,0.5345277546883358,0.561764984312854,0.6528039447260583
2024-01-16,0.7087433242581904,0.4192885977300651,0.5293763849553439,0.5425444868632168,0.6008787946914065
2024-01-17,0.7164433613159515,0.4309025267762938,0.5376804229900671,0.5556515750929054,0.6058275895019335
2024-01-18,0.6994937489673173,0.41128958751259403,0.5342840377187978,0.5346566081395923,0.5994473306876961
2024-01-19,0.7085918853273613,0.4253943548493467,0.5494783034787232,0.5419947640198828,0.6442598461358813
2024-01-22,0.7062862625589205,0.4252826330736401,0.544648923481769,0.537432580453782,0.6422615234006748
2024-01-23,0.6969163161305689,0.5656306398646551,0.4861427058069588,0.4725614916355665,0.6054104420665634
2024-01-24,0.6700630921721682,0.5098450810910182,0.43760338355034123,0.45104886281702516,0.5647122323242655
2024-01-25,0.6834211918934083,0.5204334085317281,0.4379202538879146,0.6316124816132865,0.566002037481828
2024-01-26,0.680836681849475,0.5020874060833924,0.42198295625599935,0.6088278473132336,0.5687456201252741
2024-01-29,0.6700221081893069,0.5112267205429974,0.4313357118043675,0.6150570159034738,0.586685663962443
2024-01-30,0.6555611270376414,0.49494166137603396,0.42103417760607936,0.6024818729429016,0.5724644381887808
2024-01-31,0.6570111581639847,0.5750214295788194,0.5421754221400417,0.6556283943925137,0.5796627298457484
2024-02-01,0.6832951736958395,0.5815170092905779,0.5338139896947064,0.6780816038213008,0.5780441020312841
2024-02-02,0.6679408484372216,0.5970557111046514,0.5355088378168266,0.6335629468198862,0.5946906112416789
2024-02-05,0.6544049753827117,0.6055671805731719,0.5244977787255748,0.641858745434351,0.5406469010001362
2024-02-06,0.6560286782656714,0.6078890875267103,0.5261606261234185,0.6382713258212347,0.534102627431142
2024-02-07,0.6568149863742753,0.6093709811345611,0.520621654888824,0.6325358512804221,0.5533167437289656
2024-02-08,0.6338226273147164,0.5802761384756348,0.5080944236768148,0.6234486612594397,0.5404896622515741
2024-02-09,0.6321271745364169,0.5809131471258675,0.5107538152705443,0.6226633981372116,0.5442786535708544
2024-02-12,0.622886377155836,0.5881568462585389,0.520559590252388,0.615697213966711,0.5501211280370492
2024-02-13,0.6274298410713565,0.623350873029468,0.5334358373542947,0.6439398854492249,0.5435780846021299
2024-02-14,0.6160984229233292,0.6379224685680386,0.5373867213627912,0.6475169167745493,0.5514893257950332
2024-02-15,0.6114064969661651,0.6330206424296116,0.5088996411638874,0.6387941972628818,0.527710662584731
2024-02-16,0.6102188496197228,0.6303942939574199,0.5160242181668578,0.6385371836454793,0.5227570610591665
2024-02-20,0.6083712211137567,0.6284339262270138,0.5111071914298737,0.6430310162275193,0.5330799896544824
2024-02-21,0.6056218728421031,0.6288616249526989,0.5071711665945622,0.6417460541513658,0.5422538357249088
2024-02-22,0.6103064552174238,0.6610105284079462,0.5009679627330917,0.6706739763008166,0.6155732467192414
2024-02-23,0.6098804229482333,0.6641145039409653,0.500793645753355,0.6744960967646842,0.6175472731099388
2024-02-26,0.6143209743042924,0.6736441184301298,0.5050281489887697,0.6744531679364045,0.6171549421245085
2024-02-27,0.6101838985970743,0.6740687708927828,0.5024843665209631,0.6715468068155169,0.6162791438144699
2024-02-28,0.6110653186558697,0.6745231191350801,0.5158412342662678,0.67459156626763,0.6334668983182594
2024-02-29,0.6064875060906697,0.6941907335452714,0.5217646288227085,0.6728705716706915,0.6396459972875838
2024-03-01,0.5857373972295313,0.6847553977288444,0.4940296408005483,0.664811711631504,0.6389922098474363
2024-03-04,0.6081289730307303,0.692250488263339,0.5003966844976265,0.6720314014190731,0.6312887708512824
2024-03-05,0.6309203191336732,0.7045631786125734,0.4943881139043226,0.6792954406110318,0.6126351537573028
2024-03-06,0.6215349881861946,0.7004360875340944,0.4877014172460317,0.6705461589755218,0.6127954568934337
2024-03-07,0.6167125486623142,0.7075216637676388,0.5093840174645099,0.6768682704808294,0.6206269800828395
2024-03-08,0.5941938364477193,0.7196542863206726,0.5018453989823656,0.6881872678816586,0.6395928026772857
2024-03-11,0.5780135404941046,0.7194668133845559,0.4953952595806216,0.6842592982691403,0.6385605110161048
2024-03-12,0.5581122964690022,0.7491800986270424,0.5079112036848807,0.697476993131805,0.6683884815997763
2024-03-13,0.5596241472237048,0.7871842557997355,0.5044030447969173,0.7009138247074105,0.6709213101066529
2024-03-14,0.546848079129339,0.7739022075431824,0.4930037127358241,0.7178295236270288,0.6766492637347604
2024-03-15,0.5438640453925413,0.7848117970293641,0.4982615820086673,0.7302382309436981,0.6696358067345813
2024-03-18,0.5441734930347294,0.7854629596105418,0.4951536268403143,0.7321257365550317,0.6775856035944526
2024-03-19,0.543713543840364,0.7940410834266023,0.5352226759270375,0.736984925129199,0.6649449520266504
2024-03-20,0.559646857012049,0.7954207806513991,0.5327317499155414,0.7381751360818554,0.6612191439140964
2024-03-21,0.5021302381646272,0.7949547759507963,0.5297065828103459,0.7379639663004197,0.6625405079484271
2024-03-22,0.4961012988622012,0.7975666274695645,0.5138264139005806,0.7377318577298896,0.6547169131196519
2024-03-25,0.4986527505346069,0.7979110257898996,0.5167347951050738,0.7344705610373253,0.6544106729613582
2024-03-26,0.5014508238363191,0.7990038951932502,0.5142883386791313,0.7355541125071999,0.6548616050953275
2024-03-27,0.5124253386317037,0.791513405396143,0.5089940543120793,0.7325038467777172,0.623746781070813
2024-03-28,0.501306688907654,0.7874256828915227,0.5033769624240464,0.7275078124300427,0.6164387951394442
2024-04-01,0.5014977456004459,0.7867912359127238,0.49185587204489634,0.7234078549559296,0.6130905920656473
2024-04-02,0.49839602431719665,0.7872076020804394,0.4877807440173584,0.7214860779170813,0.6187669398653792
2024-04-03,0.49666894959365154,0.786944231240679,0.4880217312368131,0.7202103545583999,0.6193668736485728
2024-04-04,0.45681525026833864,0.7725004771806568,0.49980348727240054,0.7131898168392523,0.6148456851154227
2024-04-05,0.46036866240058777,0.7808380295555915,0.5134957484320348,0.7316322533273952,0.6187012559574818
2024-04-08,0.4573156114240437,0.7817293606802366,0.5071434788933088,0.7298386954010946,0.616537305114635
2024-04-09,0.45449691774206014,0.7834610876820322,0.5052196230792221,0.7329586954611641,0.6134710021728662
2024-04-10,0.46427051284407267,0.7870524663789198,0.501201166704601,0.7201699714225785,0.5897256821152386
2024-04-11,0.4594520986515971,0.7962768395368871,0.5088870195063846,0.7208761590915959,0.6087537367058373
2024-04-12,0.4155607272867801,0.8031220635469456,0.509139663977815,0.7236406629458431,0.6170206296608453
2024-04-15,0.4259446813706147,0.8106114936590192,0.5177353631984275,0.7274942554776885,0.6253390520078799
2024-04-16,0.40720976608610215,0.807024763070231,0.5063264670361177,0.7303608202187453,0.6131255684349407
2024-04-17,0.4114049713675422,0.8117449559141996,0.4988022776680947,0.7362099759404973,0.6205039954649676
2024-04-18,0.4105757543097717,0.8038296130822704,0.4965873652851115,0.7355904693300069,0.6205882540640981
2024-04-19,0.41897383540377203,0.810191200966087,0.5035470903951815,0.7433910971851723,0.6275226570659955
2024-04-22,0.42539635833388073,0.8065637574120307,0.5045577232554334,0.7468318500546158,0.6379142024860543
2024-04-23,0.4318757919709738,0.8123885562076876,0.5102205655305239,0.749167787034305,0.6432576666479618
2024-04-24,0.42963471832752537,0.8078459227748949,0.5070394142578373,0.7420656825499884,0.6376664920597094
2024-04-25,0.4253183200703072,0.7990103603233034,0.5113924377457589,0.74590801301242,0.6237317389690383
2024-04-26,0.38872497995393873,0.7880430282585403,0.43281116724288365,0.7412213571978645,0.6370847713392946
2024-04-29,0.3690735305502966,0.7716415754731293,0.41345795842091565,0.7319367772259284,0.637777740673447
2024-04-30,0.40952917765117436,0.7843465676593138,0.4331619057609536,0.8045561943035894,0.6212655378211476
2024-05-01,0.42228773976897416,0.7645531163410696,0.4348225956634736,0.7747708286702737,0.641587857895785
2024-05-02,0.43968284135149704,0.765639548725119,0.44193320990518664,0.7850202180567045,0.6518112837413881
2024-05-03,0.4762292953350227,0.771583658090352,0.4324444733882498,0.7795172987182186,0.6533253214326118
2024-05-06,0.45708928695460554,0.7777883622691211,0.42914897993084394,0.782188364093115,0.6594797142314777
2024-05-07,0.45661922680008993,0.7718919428821145,0.42224010854119515,0.7845626370774869,0.6537190572539265
2024-05-08,0.4564208801286801,0.7750162720397954,0.42142295747773956,0.7876017565519532,0.6536750651545629
2024-05-09,0.45322620489462523,0.7631679421915063,0.4067561430813979,0.7779536352229773,0.6574585157830356
2024-05-10,0.46250534559411394,0.7615985492730888,0.4071343900090047,0.769332062530386,0.6555324892194161
2024-05-13,0.460576483818234,0.7765280717877133,0.43128968686055136,0.7836731817739127,0.6691233289049786
2024-05-14,0.4583939806175871,0.7764337740720946,0.42501482983909256,0.7836783571089796,0.6706074816177569
2024-05-15,0.464859321840997,0.7832281799075985,0.43075422404896496,0.7495127310188726,0.6696478230072137
2024-05-16,0.46451614503280736,0.7840658216403288,0.4281737405966189,0.751009702753447,0.674744010623296
2024-05-17,0.4646366538275076,0.7710814741030981,0.43965186539364043,0.7222765619608474,0.6155114158012871
2024-05-20,0.4662803852357857,0.767036059134088,0.43984260175762796,0.7201590180448613,0.6135756987285255
2024-05-21,0.46395076847353406,0.7651772365674797,0.4370833234019343,0.7194739658027852,0.6156833929927048
2024-05-22,0.4662743167756975,0.7618437557012899,0.43990863289452176,0.7218604466578677,0.6175092288877254
2024-05-23,0.478950090032777,0.7643379770465597,0.45052533327479977,0.7258414422344364,0.5175183462844868
2024-05-24,0.48900787301822973,0.7665339699707827,0.4486331179079436,0.722915556783931,0.5202276336836811
2024-05-28,0.5054120272060462,0.770793804159707,0.47120398217589526,0.7207315540376029,0.493479292039439
2024-05-29,0.5061736765966361,0.7675719893356018,0.4781283607184731,0.7150768129075229,0.4946150592368619
2024-05-30,0.4736397366656042,0.7511609796541016,0.486959798201179,0.7099582331910163,0.5172480919949363
2024-05-31,0.47998545531966924,0.747069586131219,0.4902453867396008,0.6742183011491727,0.49857867583989846
2024-06-03,0.49152438621835903,0.7383170563424214,0.4797748063439541,0.6612157539081047,0.4779624349755438
2024-06-04,0.5045027390839453,0.7359328905309352,0.4860979355415194,0.6580121786284214,0.4659835955041122
2024-06-05,0.5072479813242737,0.7456786935113078,0.48680031880580515,0.6678118337839629,0.48553824721439875
2024-06-06,0.5144823948850793,0.7349620767501528,0.4926144505471827,0.6418129452617065,0.4605842148350478
2024-06-07,0.5086064135589666,0.7353543986014547,0.4951181989210714,0.6461014050982312,0.4597230101026731
2024-06-10,0.4969147756055553,0.773373235028009,0.5063916517738708,0.6559131257033731,0.4581064531808539
2024-06-11,0.4442531837908817,0.7607958169760275,0.49679767393839047,0.6385356012632617,0.45918441083907247
2024-06-12,0.4578847367990389,0.768145971393886,0.49066037761670284,0.6316731074002728,0.4699344432669137
2024-06-13,0.45459070571653265,0.7660736390128664,0.4911740810601877,0.6164502143422091,0.4694653409095002
2024-06-14,0.4473963926747382,0.7645468988313446,0.48788371385061313,0.6095338406521503,0.47236492279908154
2024-06-17,0.49809128412473785,0.7686202134759543,0.4884912919031246,0.6068116919864587,0.45920081409391933
2024-06-18,0.4922773070586277,0.7651124448940073,0.4938705994368273,0.6055432313672068,0.46786757468283313
2024-06-20,0.4922746943017964,0.7651504313281091,0.48857424388395004,0.58845550788891,0.47319608064084606
2024-06-21,0.49585787956331034,0.7485447563593914,0.47198066883299167,0.5624954613215336,0.47879417097997107
2024-06-24,0.48465922517670695,0.7605399061584738,0.4801928528211718,0.5620502566677587,0.5055783586497197
2024-06-25,0.4852248315284994,0.7614610951510259,0.4825930044954563,0.5633416054929572,0.5048136902387734
2024-06-26,0.48104903082777484,0.7693091965633444,0.5009868814792818,0.5347713811146434,0.5042089462488908
2024-06-27,0.4757768309734931,0.7670657823475006,0.49792161437118576,0.5302391970773466,0.497801885276222
2024-06-28,0.4822142065096768,0.769672181881106,0.504027764478112,0.536541882239755,0.49939727859230615
2024-07-01,0.4780726100064879,0.7633383997135927,0.4742760457904718,0.5224149927498583,0.48159898600972423
2024-07-02,0.49158917842287203,0.7544947669905713,0.4738726302459329,0.5077444016024479,0.46521360503374126
2024-07-03,0.4919209079314604,0.7541382891993059,0.47535398941886753,0.49499379348266104,0.46964219577226207
2024-07-05,0.49759308956537424,0.7567809901875772,0.482978336095377,0.4994998497976512,0.45867467147224306
2024-07-08,0.4868085977448613,0.757736112319471,0.4839275974886649,0.5126666969752299,0.4818451058732604
2024-07-09,0.4732869579484613,0.7450753863325222,0.47511128596728514,0.5040491766683679,0.47154369179058925
2024-07-10,0.5170601919843864,0.7463764176739353,0.47220291120371777,0.48173984326950936,0.46250683667007997
2024-07-11,0.5127581629453615,0.7460754836083814,0.48012751736147574,0.4942235159367769,0.4789162100682071
2024-07-12,0.5112402861753659,0.7400416861329795,0.4714424934081483,0.48773089496068905,0.48350106378215574
2024-07-15,0.5032157742009189,0.7385656815849928,0.48365921383564897,0.47555308393003487,0.4661016971316069
2024-07-16,0.49438367637668307,0.7198884915880689,0.46969835656301373,0.4688248125900297,0.4565577031753378
2024-07-17,0.5186875608216106,0.7150101524729726,0.47357650935313833,0.4815424688190056,0.464233429940892
2024-07-18,0.5442819619336704,0.7205307511027227,0.48330624111874637,0.4932817008769538,0.42625305681941583
2024-07-19,0.5528715443451027,0.7141366586292207,0.4753791665526793,0.4824194138155041,0.4265245234265104
2024-07-22,0.5371382829834811,0.7215183148432714,0.49049617698473597,0.46702198115950955,0.4427700078422965
2024-07-23,0.5397893957564569,0.7188118019601767,0.48143440506999674,0.4379068527424861,0.4646035306054787
2024-07-24,0.5931360651211691,0.758839081191097,0.6254725312520585,0.47559620048809237,0.5106409252144288
2024-07-25,0.595492299287632,0.7696164438560449,0.6752732742403617,0.47586429330152663,0.5169121929141618
2024-07-26,0.5669344733422033,0.749324038265902,0.6439225376597412,0.43512070935972513,0.5121341135212032
2024-07-29,0.564077386785608,0.7718028260490719,0.6446857157173945,0.4645706745149851,0.5057431603054767
2024-07-30,0.5519632187663588,0.7758926927060705,0.6257128653919417,0.4478340363091508,0.508832205818112
2024-07-31,0.5203718608653018,0.6875532026209099,0.6247248631094416,0.4871990032030427,0.5568788473975704
2024-08-01,0.5670638824902493,0.658269420264938,0.6136764537692313,0.4926970125088426,0.5795334994644218
2024-08-02,0.5218003861149968,0.6841672311606529,0.6456974139127071,0.5763921741073665,0.5694106616210615
2024-08-05,0.6046818643328373,0.7256158814741022,0.706855351713609,0.6174264241450518,0.5943326781295877
2024-08-06,0.5813278809119468,0.7294984490310265,0.6925925033424902,0.6157592500896473,0.6109711620296658
2024-08-07,0.5718068639801122,0.7282322290830623,0.6859558212991385,0.6083232066008515,0.6163868822694974
2024-08-08,0.5746584644291057,0.7192245263119733,0.6942251033964597,0.6150125027399416,0.6330310114461197
2024-08-09,0.5762376186171174,0.7191828803044602,0.6943145596646989,0.615958846725303,0.6307345018411757
2024-08-12,0.573884520188977,0.7107939610493973,0.6877106907196716,0.6314250747643818,0.6214772425029653
2024-08-13,0.5799884509937814,0.7216540547471202,0.6956759135253358,0.6416953190891378,0.6378162539869681
2024-08-14,0.5797705030835011,0.722488935890711,0.6783114939568817,0.6414280858283178,0.6413844240322656
2024-08-15,0.580552227469018,0.7269580895064213,0.673031791956461,0.6655185987146757,0.6464168397105859
2024-08-16,0.5804618909744207,0.7252518337703769,0.6716326879795286,0.6654244525174415,0.6467133887517541
2024-08-19,0.5710764211616718,0.7305331594909932,0.6766457431091174,0.6662540171029402,0.6513198070845129
2024-08-20,0.5627768040670174,0.7227148023230637,0.6699204159164495,0.6623783234575081,0.7151613404287649
2024-08-21,0.5578795845177892,0.7200544472317217,0.6643013041898593,0.6658756755844363,0.7137118958618361
2024-08-22,0.5621946377532515,0.7249018513204403,0.6699921778445365,0.6726846609005358,0.7358300330080628
2024-08-23,0.5660189591893487,0.7247296711411456,0.6766008436202063,0.6748846607140394,0.747580290076715
2024-08-26,0.5711992050432686,0.7348304166665124,0.6688869996982325,0.6724340109316262,0.7447445376374694
2024-08-27,0.5731738201435876,0.7382600746528186,0.6688162368830015,0.6892241382573241,0.7536159600477959
2024-08-28,0.5768208300430596,0.7407061354863027,0.672141124633554,0.6937755576434189,0.7643903341605068
2024-08-29,0.5734675919444111,0.7397319525223665,0.6723482885360076,0.6925226807250683,0.7502779494853937
2024-08-30,0.5642847892946837,0.735526226187099,0.6728669392689421,0.6956070135941403,0.7432128023348782
2024-09-03,0.5911376971395607,0.746162180648015,0.7020926104847377,0.6938487415020207,0.7652701289497292
2024-09-04,0.5953493528658748,0.7459577274592865,0.7032492111910145,0.6933180447492737,0.7658554849724227
2024-09-05,0.6065905794393469,0.7465147129568702,0.6991257087774635,0.6762183253094391,0.7632925053509481
2024-09-06,0.6938699023528495,0.7566719390598963,0.7179678233764395,0.6922483481528987,0.7663178110017524
2024-09-09,0.6845073070702401,0.7595514735478801,0.692384717363145,0.7032281482024784,0.7670380303514835
2024-09-10,0.6807342541096378,0.7508654638547961,0.697605608182514,0.708305337312574,0.7702974589258779
2024-09-11,0.6868851375094792,0.7549436922801549,0.7057941719885295,0.7141101555406839,0.7730266994363652
2024-09-12,0.6794326664570801,0.7547979356866864,0.7091609733747729,0.7186172787507177,0.7792921918546935
2024-09-13,0.6839824857902816,0.757811813899238,0.7136819396912044,0.7180255621025851,0.7798030450005562
2024-09-16,0.6638873155296661,0.7581441473148527,0.7182864062773077,0.7252681682899714,0.7783673863500411
2024-09-17,0.6619240681506391,0.7663106835291873,0.7368276915260078,0.7349307664534497,0.7770154918240987
2024-09-18,0.6482023542407557,0.7659894702743674,0.7345763994899132,0.7346880070878218,0.7845955319532107
2024-09-19,0.6670277787180833,0.7745845414814381,0.7479954123929012,0.736739419634038,0.7968690811978949
2024-09-20,0.6751770005713981,0.7759367510663094,0.7377274021812358,0.7491551932656352,0.7973604949530373
2024-09-23,0.6713756169686546,0.7745274134698417,0.7359208403478703,0.7540642866850176,0.799364337894377
2024-09-24,0.6713806613651491,0.7683255841859986,0.735516451428884,0.7544184548954985,0.7970023081837964
2024-09-25,0.6891287678443812,0.7788444581226808,0.7358918670474375,0.7591193259538517,0.7920525591958476
2024-09-26,0.6877261519282254,0.776707603630572,0.7344898382196353,0.7544610220345873,0.7981588646181386
2024-09-27,0.6866005069658595,0.7760640242857993,0.7297912472139455,0.7593938031727926,0.8000042937597908
2024-09-30,0.6820930866353683,0.7777307722081273,0.734006134850961,0.7543713499225899,0.8064491203031112
2024-10-01,0.6858972344045453,0.7804271868554715,0.719733165007475,0.7528278248294901,0.81008063597663
2024-10-02,0.6858931357513884,0.7858908907776294,0.7192304836050581,0.7528026855509227,0.8110586712801617
2024-10-03,0.6804394348944733,0.7819084566008557,0.7147462941700542,0.7551411378967503,0.8015043221501469
2024-10-04,0.6758821450999462,0.7775124246012857,0.7130963302808587,0.754820841170192,0.7987694558940877
2024-10-07,0.679274673864937,0.7841839014877373,0.7205660132687506,0.7618300561440133,0.7824236882607217
2024-10-08,0.6882683440381473,0.7872947459920661,0.7230157176281754,0.7658916162770374,0.7867742348997709
2024-10-09,0.6909507523983466,0.7997237950500989,0.7194962655062043,0.7685666396779017,0.7902448762441074
2024-10-10,0.6784509630439906,0.7965449586130344,0.7144955760797399,0.7589529218522058,0.779572842377842
2024-10-11,0.6669554735384002,0.7953657306437731,0.7118948031690422,0.7568029139244231,0.7922134858291638
2024-10-14,0.6738146161654395,0.795706923941109,0.7186413571361943,0.7498084735676777,0.7913953004486014
2024-10-15,0.6636314327669453,0.7875077255204178,0.7049213866894342,0.7535508482846994,0.7908133673663188
2024-10-16,0.6584063709570825,0.7862500790715305,0.7050338881028635,0.7618843374792188,0.7905569700696345
2024-10-17,0.6281866190382547,0.7602707548039601,0.6651245930141192,0.7521240521024745,0.7769071957952055
2024-10-18,0.6264279998809269,0.7684609870044111,0.668533646028387,0.7524375099748571,0.7755583559051901
2024-10-21,0.6282324143433677,0.7621422568474561,0.6738997587765895,0.7497588999201057,0.770229770552651
2024-10-22,0.6285139937108138,0.7346232037734127,0.6788292418967157,0.7493937008124792,0.7711987025567437
2024-10-23,0.6412241729902161,0.7340414609334641,0.6913859868344926,0.7541713538229347,0.7805528193910218
2024-10-24,0.6329755666078994,0.7839925100852698,0.6930900880281705,0.7443594968469294,0.7805831326875512
2024-10-25,0.6198799220483979,0.7892064853521409,0.6912320287050905,0.7413465748505258,0.7683056426201539
2024-10-28,0.6634996732535706,0.7711249997531027,0.6726115242583164,0.7378474241781958,0.7758470074814806
2024-10-29,0.5725916644078055,0.7120059704178054,0.5872928033491082,0.6918210969012571,0.762537378753975
2024-10-30,0.5997079262306075,0.7051303242054661,0.5588397422281485,0.6860739375473657,0.7602801806175549
2024-10-31,0.6455962296392014,0.7301432811732554,0.5906982355374056,0.724649893069327,0.7667503678852846
2024-11-01,0.6224776634443263,0.7439435342970538,0.5736956708250535,0.6787943809087245,0.7536055602387478
2024-11-04,0.6227437108402893,0.7437970578982094,0.5736989603980356,0.6797055506492442,0.7553812278361565
2024-11-05,0.624181053341331,0.7430925167900942,0.5690979645949993,0.6849643245280657,0.767489030467321
2024-11-06,0.5495269263476006,0.7437598816746355,0.6219975888797818,0.7037817860511913,0.7464785502345731
2024-11-07,0.5551168986138998,0.7468059953482677,0.6481583026276219,0.7071884031111675,0.748177968883957
2024-11-08,0.5412197422774987,0.7434239092057073,0.6472528138033963,0.6772589992569834,0.7370487436418102
2024-11-11,0.53786714574729,0.7421171876653522,0.6452019375543879,0.6774302468589474,0.7351642925469779
2024-11-12,0.542530818987163,0.725378028060092,0.6307028263823017,0.67383110472933,0.7194299344795959
2024-11-13,0.5436934244396635,0.7302711838063914,0.6265867941970262,0.66454648209413,0.7182186310522733
2024-11-14,0.517677744140372,0.7207642414617006,0.6395503726205968,0.668699665358761,0.7120740622094677
2024-11-15,0.526626632543404,0.7301570109331469,0.6458528062266239,0.6810966460732789,0.7134791553002047
2024-11-18,0.521326014244931,0.7349628493726192,0.6427052058940256,0.6825492613808618,0.6987067153158736
2024-11-19,0.5226860739230288,0.7346853043688751,0.6445145336151283,0.6822194801827339,0.692044174074414
2024-11-20,0.5222237154867904,0.7339742970570766,0.6444594878541537,0.6861666256241307,0.6922311418403999
2024-11-21,0.5157189052230466,0.7239484328025563,0.5591241163731097,0.6577105133734009,0.6875904810474999
2024-11-22,0.5245509311533793,0.7256648816359795,0.5485279419563384,0.6551492381008427,0.6998867136820092
2024-11-25,0.5355053973848634,0.7232317834841923,0.5446804730808499,0.64533603708755,0.6774421725564364
2024-11-26,0.48767260775778914,0.7128709176781458,0.4923874595516539,0.6537229072914844,0.6182307786631924
2024-11-27,0.48457755300370964,0.7152331025508502,0.48944535851545057,0.6550887476491454,0.6187426934014891
2024-11-29,0.49501376168879974,0.7136264287705689,0.48900185345926533,0.6782767683318671,0.6248564968058142
2024-12-02,0.49374858816301576,0.6974961531669023,0.4196740013726926,0.6447571613388925,0.5977524520593104
2024-12-03,0.49719537539007785,0.6956834584422614,0.4591051424227827,0.6321797329984248,0.5851165764867793
2024-12-04,0.49939822268503786,0.7027600446137845,0.46682989557375126,0.636008636094011,0.5881070864584554
2024-12-05,0.4915217739308465,0.6805292000588093,0.45907602018301913,0.6190408488159879,0.5778746233636148
2024-12-06,0.49710498460214037,0.6775998757164934,0.4447688254421323,0.6060906726991981,0.568357607727589
2024-12-09,0.472550219742873,0.6634601832462538,0.43418623457548294,0.6130855602481841,0.5796460802319868
2024-12-10,0.49532238411927404,0.6652397495464573,0.35216423428787996,0.6177110488937119,0.5884345984508953
2024-12-11,0.47977178292605027,0.6740111953165646,0.3709993427174134,0.6262177240688024,0.5965076932795359
2024-12-12,0.4936801927889125,0.6656469360691949,0.3838180245147637,0.6274531227515687,0.5975359353272037
2024-12-13,0.4274661701838405,0.6523117520634677,0.3772335174130801,0.627161148073292,0.5728396215635169
2024-12-16,0.4285522064049926,0.6509816961774493,0.3888812074944989,0.6381805299769074,0.5566599228583302
2024-12-17,0.4205888572234981,0.6430125557777633,0.3980670526382126,0.6406726271353547,0.5603842709839983
2024-12-18,0.485134181067579,0.708864791801054,0.4688605497212499,0.6905234401610918,0.5186862026283768
2024-12-19,0.4817958099986121,0.7138983479202382,0.467681438174611,0.6870974407712587,0.5257142615539094
2024-12-20,0.4937194644929415,0.7080097063566969,0.4725796618618152,0.6912455421377466,0.5361173201827134
2024-12-23,0.4928263494822603,0.7015593883340335,0.47879221554791335,0.6888390615215149,0.5416464174938918
2024-12-24,0.5036085821270817,0.7025964790511525,0.47520866897926234,0.7002422237688529,0.5362704809277142
2024-12-26,0.48287168584166934,0.6926496386373838,0.48663807818286264,0.6985539613115851,0.5201064325969483
2024-12-27,0.5014238830640231,0.7048477842237332,0.4975658074274747,0.7042974191465711,0.5331808225386404
2024-12-30,0.5182526707093336,0.7110333072687622,0.5005640222725585,0.7075924415488303,0.5373659866184592
2024-12-31,0.5214089097769287,0.7216433425369436,0.5039343458142854,0.7029686670369627,0.5356527301053798
2025-01-02,0.49072366520814675,0.7155793346344331,0.48944885148011713,0.6930061028801227,0.5491881962616921
2025-01-03,0.4578542264100623,0.7139504958976056,0.4918766208558104,0.6971270237266081,0.5569087126468286
2025-01-06,0.4517494872680385,0.7152255381890227,0.5176140929399641,0.6974845745772332,0.5665450055493184
2025-01-07,0.46645836706957333,0.7202666237546305,0.5204142991293819,0.710513297128068,0.5926196619253298
2025-01-08,0.47897789978846134,0.7225598190397536,0.5172823185203927,0.7086299177532536,0.5953751413472849
2025-01-10,0.504420768673869,0.7257123773952535,0.5193983078065217,0.7274306090053472,0.6022507913449163
2025-01-13,0.5210184417612854,0.7282932176531189,0.5214111823043683,0.7299260276848551,0.5883657643939619
2025-01-14,0.5303861638703984,0.7341243204540808,0.5222771591629533,0.734193668514303,0.583986019875613
2025-01-15,0.5590771159311835,0.7508414011532821,0.5485802728421278,0.740087904301767,0.6024166143445341
2025-01-16,0.5179890836258663,0.7510517822926656,0.5494764009926668,0.7389529769234061,0.6015301347528295
2025-01-17,0.5266098459784027,0.7539969196990375,0.5547037463244082,0.7443495883629668,0.6327769461920101
2025-01-21,0.4541269481762479,0.7625297307119755,0.5562337493056704,0.7483965182208098,0.6385588326630746
2025-01-22,0.43985434306603766,0.7365128869695271,0.5460771744739319,0.7433984385211158,0.6290592793314078
2025-01-23,0.4387080739121883,0.7351006727344063,0.5426098449152118,0.7402385939333503,0.6272999375266763
2025-01-24,0.4410037104627544,0.7387961795458502,0.5413758587359166,0.7416731032075399,0.6284524211255943
2025-01-27,0.33770185661967433,0.7516315247003927,0.5687162810972678,0.7263636657348096,0.6090329527560469
2025-01-28,0.35522748113634467,0.7552585621064387,0.5751472562081215,0.7270702424414683,0.6093616665571902
2025-01-29,0.3474664513210845,0.7583494501173876,0.5926471231599675,0.7321239670765737,0.6112432759450487
2025-01-30,0.306125816561008,0.5921479625782897,0.5844471266058887,0.699370111266875,0.5968655836243274
2025-01-31,0.3208570276947408,0.5882007340575527,0.5730793175557156,0.7325573698104298,0.6003182506573088
2025-02-03,0.3375904480177966,0.59124339076143,0.577314721119378,0.7311820768798495,0.6066067580248294
2025-02-04,0.34360150177045834,0.5906658859528623,0.591046435648119,0.7292010790269113,0.6025641591327486
2025-02-05,0.3835867982110453,0.5744607421610001,0.4706877291276383,0.6738060218459915,0.5929380978780774
2025-02-06,0.3707133870530222,0.5700275222684537,0.46125654565937974,0.6713953414747835,0.5900892957056092
2025-02-07,0.3935253086568836,0.5836958957889063,0.4858588004347258,0.6875184264425137,0.5798142074138276
2025-02-10,0.3948240697341525,0.5887531166608821,0.4862547155753981,0.6936308384334046,0.5863274442866193
2025-02-11,0.38984187395326264,0.5984322251586723,0.48862415441595586,0.6986139291551302,0.5930841817583131
2025-02-12,0.37622601551385504,0.5999399139043223,0.49281830088993483,0.708583448367062,0.5947439741657059
2025-02-13,0.4095651640045452,0.6055811871550768,0.4907731280306232,0.7010397298957224,0.6072614287227754
2025-02-14,0.3905399198669342,0.584161484790483,0.48083777781299025,0.6816643392594732,0.596598117326803
2025-02-18,0.386390987538056,0.5846031001958732,0.4753253005459351,0.6803517112247625,0.6009903028758331
2025-02-19,0.3868655855494116,0.5830250267421395,0.47392402140808004,0.6787623029764213,0.6019117401892677
2025-02-20,0.3838417332903872,0.5791573392060315,0.4756011403340163,0.6828738014399669,0.5980499299305128
2025-02-21,0.3780235276903391,0.6017203818979032,0.5444874691447668,0.7315875298637733,0.6090645275852847
2025-02-24,0.37216554711959493,0.603130676582763,0.5543686488840978,0.7376141040489462,0.6219162652265433
2025-02-25,0.3688880112119501,0.6056091952531242,0.5565127494408496,0.7377008055259192,0.6407509326661773
2025-02-26,0.3521785735077012,0.6025153413184204,0.5512112901804194,0.741302334157643,0.6366730516996033
2025-02-27,0.36649639604120554,0.6129685986274455,0.5660854814976402,0.7539126570506899,0.661252479665672
2025-02-28,0.38408344786188436,0.6186358874909333,0.5674718797723687,0.7550666786514935,0.666742760586759
2025-03-03,0.40078527485452853,0.6366731470860952,0.5746442218426081,0.7723762011939873,0.6900376203929666
2025-03-04,0.4068226573818756,0.6252585279188354,0.5383877787108624,0.7707472249394449,0.6691706839680225
2025-03-05,0.4012048874154352,0.6336323984897362,0.5368458189102177,0.7755367432727107,0.6630012788462862
2025-03-06,0.39244510930013143,0.6366842748027501,0.5274010529605387,0.7935828830058104,0.676015448572285
2025-03-07,0.39990362964827214,0.6269504508182168,0.5282084891430634,0.7992128877719898,0.6812000446208735
2025-03-10,0.48563946478227193,0.6620893385172857,0.5714959073516923,0.797560115353644,0.6841674977187876
2025-03-11,0.4938163798772599,0.656357459455989,0.6170376031725952,0.7815765513781427,0.6742993791609201
2025-03-12,0.484847821293507,0.6536802204106177,0.6231776146110731,0.7805378873237108,0.6708189338740927
2025-03-13,0.506251467804623,0.6581754539327207,0.6311119105118924,0.7862191993143989,0.6617767693466753
2025-03-14,0.5223840820038071,0.678932874227388,0.6380221646142612,0.79285697626415,0.6760877285974038
2025-03-17,0.5197995970258942,0.6752173903755011,0.6352573984935995,0.7831873418221902,0.6709981742327445
2025-03-18,0.5247818616071755,0.6829557763013405,0.6405469759061283,0.7849135389612453,0.6745898754757202
2025-03-19,0.5211693216447736,0.6552156694552543,0.6254572184754562,0.7615240513070684,0.7098612208746329
2025-03-20,0.5225121253243147,0.6550573073019347,0.6258626898618143,0.7660743548522293,0.7089178382641602
2025-03-21,0.502382315710713,0.6520706757514647,0.6171082631234724,0.7609345454783492,0.7056729425868506
2025-03-24,0.508144273465952,0.6482121517385427,0.6270452091838326,0.777565325931965,0.7036663594636822
2025-03-25,0.5019663001714774,0.6452834045567832,0.6249197913218081,0.7718493187496877,0.708127341665112
2025-03-26,0.5039718917162163,0.6493686609247866,0.6346207399393432,0.778543437757595,0.7150563509708869
2025-03-27,0.49490985964097495,0.6426338938713563,0.6310035622266551,0.7752422084019063,0.7147271362741072
2025-03-28,0.5108385763116893,0.658737134734238,0.6581145095669427,0.7901960565561775,0.7116200321152482
2025-03-31,0.516459467898932,0.6485840367594912,0.6574042424157329,0.7767344700151573,0.7050915593454924
2025-04-01,0.5217565579821958,0.6466581837364375,0.6582936450688128,0.7787280197014042,0.7118800326520138
2025-04-02,0.530515831253465,0.6402322686242874,0.6532400229043656,0.7747695320829254,0.7033601132087383
2025-04-03,0.6635446618004414,0.6248691915964382,0.6586854194054693,0.8362618023006898,0.6998784807445381
2025-04-04,0.723946520816381,0.6456853212179515,0.6473170165024236,0.8102206697660456,0.6888363255033046
2025-04-07,0.7107206328864613,0.6447657393071631,0.6472436872380753,0.7992462235597444,0.684304489987437
2025-04-08,0.710529907506188,0.6423081565751865,0.6494142095416203,0.8022472429125194,0.6799516417149657
2025-04-09,0.8408661690035111,0.7960160573723108,0.760963739393223,0.8743371277861527,0.7726640312809183
2025-04-10,0.8428118994319237,0.796025759571271,0.769080416528669,0.8815662199851105,0.7766291988590158
2025-04-11,0.8438207623690374,0.7954000043325716,0.768994770528162,0.8810494330285118,0.7762526886202771
2025-04-14,0.8542457602329769,0.7933205374994423,0.771184980674571,0.8741504355515614,0.7749970312838301
2025-04-15,0.8543935607399019,0.7921853027675657,0.7683408964888172,0.8735269120423979,0.7726237585403746
2025-04-16,0.8738670448845371,0.7969661915843304,0.7685480581104971,0.8753858087498831,0.7759104792604652
2025-04-17,0.8733385099794864,0.8108308114619536,0.765992593562616,0.8752336935477548,0.7736617310630138
2025-04-21,0.8736200867805631,0.8138894982161576,0.7687867015189197,0.8770972666249721,0.7766560046885803
2025-04-22,0.8762610970097923,0.8184560643282857,0.7774335066653586,0.8811508180070002,0.7760928843893601
2025-04-23,0.8977049050003303,0.8197738042099504,0.7825169675920254,0.8840418896355405,0.8286919959496046
2025-04-24,0.8999675458197054,0.8268118413257817,0.7862028793919915,0.8859054418947037,0.845078233473227
2025-04-25,0.9006874880901208,0.8275027492087763,0.7870428133083682,0.8862268766228029,0.8471532388732104
2025-04-28,0.9025736033526391,0.9029297035875097,0.7904678107274837,0.888325784651409,0.8450849942052532
2025-04-29,0.9024683200083283,0.9035830288711724,0.7963425840740364,0.8921671422729432,0.8469335110355215
2025-04-30,0.9062334081736069,0.9036047997892588,0.7955923742718405,0.8913063781853354,0.8474235536772645
2025-05-01,0.9062764659282422,0.8342415010480643,0.7984132071736423,0.8880305449997842,0.8473804273746703
2025-05-02,0.87897356111655,0.8360506269979745,0.8697621742955722,0.8918764705679579,0.8542514939435888
2025-05-05,0.8758399549473206,0.8353944636129901,0.8686355757457642,0.8918505385922479,0.8558194151036009
2025-05-06,0.8750524678980007,0.8356419512667969,0.8737178404337789,0.8967251475921401,0.8580976656854341
2025-05-07,0.8734023360135563,0.8349602960439482,0.8011285899655577,0.8951767058327528,0.8568927101987918
2025-05-08,0.8765888718266167,0.8357446693872519,0.8008025647658925,0.8947536649753729,0.8566614117683167
2025-05-09,0.8803949456835735,0.8359504218862138,0.8003892661896145,0.8950777088013072,0.8566982362085374
2025-05-12,0.8848072224116678,0.8388977501836489,0.80755065521561,0.8924275326730281,0.8602050773739491
2025-05-13,0.8863153443075528,0.8383440753071831,0.8080247528411235,0.8929499586780713,0.856968810716432
2025-05-14,0.8863113533674566,0.838161090441743,0.7961113950553619,0.8939247752513563,0.8518906468527526
2025-05-15,0.8855265208687843,0.8381094887362327,0.7943761670801357,0.8862765249131678,0.8512185481502437
2025-05-16,0.8859888456351354,0.8380780144761085,0.7944799012038194,0.8866255922267671,0.851683768538159
2025-05-19,0.8900649660670835,0.8356218406401903,0.792040022607705,0.8853523191442315,0.8499863428856909
2025-05-20,0.8919064376072326,0.8361718768184706,0.7914683082992147,0.8859718156235522,0.8515341826526078
2025-05-21,0.8932952207180302,0.8389766713404866,0.7664858332874527,0.8863921394828405,0.8527792210804074
2025-05-22,0.8977329989478223,0.8389471883486908,0.7673608324937989,0.8860401537132693,0.8569747263266551
2025-05-23,0.8971158474741564,0.8373805465316065,0.7652296035490941,0.8851295825628627,0.8655054966912283
2025-05-27,0.8976240844597737,0.8397593781831402,0.7685387944965686,0.885921864715215,0.8653468014561838
2025-05-28,0.897225347954313,0.8379618448331596,0.7661505218977803,0.8849190165653757,0.8748259740885173
2025-05-29,0.8978810716375476,0.8390203372437086,0.781092770620382,0.8856785153789242,0.8791562793314796
2025-05-30,0.8986706711007585,0.8420878863722145,0.7802801196694638,0.8854770242006327,0.87582095439258
2025-06-02,0.9044326168390213,0.8410301933046138,0.7777363960732698,0.8846383450046905,0.8763619183386498
2025-06-03,0.905078164452383,0.8449615459451912,0.7720060187584932,0.8852524196006415,0.8756924675417435
2025-06-04,0.9021689896035451,0.8401856848308674,0.7627222816015561,0.8842171252557612,0.8718747379301051
2025-06-05,0.9029153670762438,0.8388088374506866,0.7612808615164041,0.8878475498979856,0.8762433629446197
2025-06-06,0.9071038079324056,0.8380848388751455,0.7602121788093458,0.8871489663803173,0.8885742980375649
2025-06-09,0.9059291751508157,0.8366403193112019,0.7561976874500942,0.8843543292003401,0.8906922570627946
2025-06-10,0.9060504305436224,0.8317596534077655,0.7543901237123602,0.8835974959982131,0.8894789115626609
2025-06-11,0.9054329445030295,0.833028268613589,0.7577463034429164,0.8860816923242206,0.8953779018837984
2025-06-12,0.9065764702454133,0.831493610480091,0.7540584407914381,0.885164857882917,0.8955617565767922
2025-06-13,0.9064141579743004,0.8320629644723544,0.7532876478454813,0.8841838510348408,0.895998627344735
2025-06-16,0.9065832228194615,0.8320589542013048,0.7538301463743197,0.8843559304943287,0.8970758175576047
2025-06-17,0.912225625766309,0.8345007086213905,0.7552828639049879,0.8851955459464097,0.8967249815533717
2025-06-18,0.9125997397303606,0.8383640218211246,0.7503587877824406,0.8833731502422899,0.895430638097665
2025-06-20,0.90518022317568,0.8385462845584809,0.7443498307125821,0.883995782630658,0.8964106946583458
2025-06-23,0.9051473822029423,0.8377870825149896,0.739183509917182,0.8798124387721634,0.9006863462397816
2025-06-24,0.9045168009868353,0.8375609781325375,0.7409556930026477,0.8804333374593508,0.9027404376172896
2025-06-25,0.9030545217079149,0.8352749032573121,0.7318760347061568,0.878804211160674,0.8949048357310864
2025-06-26,0.9030065266242265,0.8417246687913555,0.732489272178276,0.8822892739656915,0.898225052793094
2025-06-27,0.9030519303236887,0.8419486004822564,0.7293675288959496,0.8788890776421914,0.8984608310309745
2025-06-30,0.9011522729763625,0.8431334177025974,0.7260840082724416,0.8742201078372569,0.8987055346397614
2025-07-01,0.8865056166205292,0.8411641917493219,0.7085063992124185,0.8591246556337813,0.8825811881581244
2025-07-02,0.870267967464587,0.8331263534404285,0.6995103348854766,0.8622981225149089,0.8726425271102685
2025-07-03,0.8782046233387913,0.8328929010180502,0.7010582472666488,0.871609346822575,0.8816235935737988
2025-07-07,0.8799818741973027,0.8317025279509652,0.7000467124709482,0.8674167093785663,0.8819792986151496
2025-07-08,0.7377934483592623,0.6967699640706001,0.5499656751143749,0.7910370694841897,0.7640934884768112
2025-07-09,0.7112797871762702,0.6910274823622771,0.5077651261785165,0.7632341008375874,0.7309771543344642
2025-07-10,0.697120998114706,0.6834105764302831,0.4908283215970248,0.7603742472000896,0.7252329594576263
2025-07-11,0.6951330408550509,0.6906971012971057,0.4779052162777712,0.7724942663174972,0.7324088334875467
2025-07-14,0.6929731821116378,0.6885410915039374,0.47334197751330626,0.7715270019460557,0.7362476733874499
2025-07-15,0.6542418129986363,0.6425657629175172,0.45272402293946756,0.7548598607359903,0.6610274694501711
2025-07-16,0.6597937430662971,0.6454659389015311,0.4536655580895081,0.7496753151797259,0.6734068839919036
2025-07-17,0.6515769251225374,0.6084783182883209,0.42168561216583683,0.7304017729314869,0.6259905635900944
2025-07-18,0.6140232092044421,0.6005428982081722,0.3942599143578752,0.7111961551684285,0.6443831166656329
2025-07-21,0.596239533978839,0.5885143819227251,0.3668588241630187,0.6929768099504076,0.6281755706546975
2025-07-22,0.5783450047476292,0.547076444195203,0.33843494915191386,0.673713759984956,0.604188290145456
2025-07-23,0.5730317935157792,0.5372853069065544,0.3238007180951297,0.6681223614186972,0.6076459033985363
2025-07-24,0.5750111851430126,0.5332688835608203,0.3198070058639869,0.6598628718591724,0.6086263556380982
2025-07-25,0.5737685640526099,0.5327463135675431,0.3240373259560158,0.661638208157312,0.6092673228407416
2025-07-28,0.5757904147434599,0.5339146057432885,0.323943732521138,0.6633041253547443,0.603260291467066
2025-07-29,0.5791476629434272,0.7265318041670245,0.3084368016024187,0.6659885504568965,0.6031241280653361
2025-07-30,0.7083056702284849,0.7102406513870303,0.294627229611019,0.6922777541316875,0.5857248753555854
2025-07-31,0.7082391652424389,0.5524948043919466,0.3076472679719587,0.6669585292037654,0.5853986950860826
2025-08-01,0.7350837540853864,0.5826312634710634,0.3226849275612528,0.6959656205533857,0.6074575296057674
2025-08-04,0.7345478859901524,0.6082685638007465,0.43831309666827817,0.6502929776361115,0.6258152863144837
2025-08-05,0.7315150812662612,0.6110336770893477,0.4351100188602162,0.6359599267071391,0.6357740857221104
2025-08-06,0.7027188771336015,0.5936878184374774,0.4329407465225849,0.6390489014011713,0.631100313442826
2025-08-07,0.5524855360298344,0.5477844875323685,0.35242951614839096,0.5070527877562024,0.574878958010525
2025-08-08,0.5516410960794382,0.55018453223863,0.36558391743828006,0.49563612047526706,0.5786900496719782
2025-08-11,0.5544264822261229,0.5531492360315056,0.3832852050199011,0.49788986550269737,0.6035803037626192
2025-08-12,0.563778867002446,0.5687504048494908,0.3990758868475815,0.5131023792433638,0.6028078309436734
2025-08-13,0.5683414274743251,0.5440691978661096,0.388594235800838,0.5158881335655602,0.5981769765643266
2025-08-14,0.5721296094209609,0.5467959330212413,0.3880950097087815,0.5001969739911557,0.5984858685348762
2025-08-15,0.5702088367125346,0.5479948278435443,0.37815411107489905,0.4957142735432534,0.5973257549130024
2025-08-18,0.5395265437544068,0.5245554733786415,0.49885110978135055,0.48529779508450194,0.5756347775389158
2025-08-19,0.53824261610285,0.5389224911520905,0.5117901913071665,0.4972260822907796,0.5867715420540837
2025-08-20,0.5232305224910857,0.5310635764429726,0.5037788731503059,0.49618202295524555,0.5797832714637271
2025-08-21,0.4922251625516511,0.4802292582004444,0.46327170353110564,0.476096745717124,0.5556279171720522
2025-08-22,0.5018696801085356,0.4657827719707919,0.5029241395438521,0.505945635123159,0.5537872757235089
2025-08-25,0.5065288703165939,0.47229315180165776,0.4922272150773425,0.5066679779336631,0.5459752669870739
2025-08-26,0.5104560083537225,0.46788928913826555,0.4835107307841381,0.5054272649495317,0.5535548004133677
2025-08-27,0.5110942030051384,0.46664445657571246,0.5079687023226938,0.5038240181032262,0.5482881710780388
2025-08-28,0.5104764062532319,0.46916980627373256,0.537203335299797,0.512229705964788,0.5352852872553641
2025-08-29,0.5092975120376614,0.47689020973658947,0.5317526205062633,0.520923125833057,0.5515245823490716
2025-09-02,0.5112894542075728,0.49650153346644516,0.5400684773947757,0.5374051025297144,0.5586137363227912
2025-09-03,0.49975395101257447,0.492039327826844,0.4525248479818513,0.5191802376229164,0.5510593503091951
2025-09-04,0.5011802485581214,0.494760051096782,0.45150257854644277,0.53805023614497,0.5486056203681723
2025-09-05,0.501410355829393,0.5023050127391564,0.44135216840033864,0.5436913280724249,0.5502561186200478
2025-09-08,0.49111111220927833,0.5077489157549722,0.4344185872093815,0.5386218644572219,0.5474866622932738
2025-09-09,0.4821462756203641,0.5056571800475322,0.4423029243317169,0.5404607332509825,0.5450496704391997
2025-09-10,0.43121996764512155,0.4968782421640097,0.4347567027218385,0.5219919565950503,0.5125842096037385
2025-09-11,0.4355383665404429,0.48446200001179734,0.42810856195943553,0.5032476579766796,0.4920374705158467
2025-09-12,0.4084069136372249,0.4673675779039425,0.4239705727867439,0.5064531124393391,0.49180198709572903
2025-09-15,0.4127760250861466,0.47477561455618195,0.4277623239670692,0.5089408814759463,0.4901451721485088
2025-09-16,0.4483880058827209,0.4724986287713609,0.40607872796073713,0.49418216740614057,0.48541090503452206
2025-09-17,0.45566670982924934,0.4494217215659582,0.4424410975878275,0.5167206095830419,0.49684494785792754
2025-09-18,0.478741854643214,0.4355211359793019,0.44947655664643743,0.5009051207682249,0.4807298668705013
2025-09-19,0.4684957194758325,0.42973264458186866,0.4561432447043179,0.500434498242968,0.5104015959032309
2025-09-22,0.48074271545516395,0.409244597249411,0.43761886190566024,0.4727893297744235,0.5141153650288315
2025-09-23,0.4910431303781989,0.42710929391461033,0.43607860343778376,0.48462219532048567,0.5260106025031297
2025-09-24,0.4911421254536686,0.42226745559763357,0.4632705102660711,0.4998067018884394,0.531636858829834
2025-09-25,0.471997818320324,0.42773674106133996,0.46798305724917466,0.5049380260498894,0.5323535649948578
2025-09-26,0.4549146330897527,0.4380106798702281,0.459700041438364,0.5101260437512914,0.5254304391821583
2025-09-29,0.45439074546668956,0.422582729607669,0.4574950261419466,0.5030422573718967,0.520906029015919
2025-09-30,0.4338649153248647,0.42682473385324016,0.43371794778779066,0.5057117283816219,0.5204821675803618
2025-10-01,0.43266549810367244,0.4268335507880312,0.4327422337863476,0.5058046788111732,0.5240930521540713
2025-10-02,0.4334605801330403,0.4142916156452078,0.42973960461852684,0.4990743431240286,0.5172483841482961
2025-10-03,0.4328481521820711,0.416283015885713,0.43077896491325723,0.5000930318309833,0.5170351820460236
2025-10-06,0.42226116172854095,0.4234070542258552,0.44545908979838983,0.5168979804212642,0.5136492003489825
2025-10-07,0.4290937489145072,0.4316273684089884,0.4562671971221335,0.5094243258996534,0.5157155490477059
2025-10-08,0.43106949941228156,0.44251188810050923,0.44499620582662436,0.5229586743054216,0.5891753039327038
2025-10-09,0.4391886681541542,0.44701263133097924,0.4524758538286043,0.5193828657078182,0.5693988457960228
2025-10-10,0.5197223372079336,0.496927057966421,0.4767029438859851,0.5955938278723096,0.6396414487188696
2025-10-13,0.5147710359803956,0.4950596329055895,0.5053717171400177,0.604519831662998,0.655257161088682
2025-10-14,0.5147696690997092,0.495266780398005,0.5086571394636618,0.6060410116984766,0.638269728646026
2025-10-15,0.5168006514540436,0.49530766205003474,0.5122641995043491,0.6032206369313401,0.6433285317725789
2025-10-16,0.5315176926912203,0.49995535651608947,0.5283238730953179,0.6032039690077309,0.6178006707197401
2025-10-17,0.536997815825361,0.5056646354120944,0.5283890038638358,0.6021638678374889,0.6233941170880427
2025-10-20,0.5596280759394301,0.5071997699712705,0.5303194579520082,0.6115184296819325,0.61025733223657
2025-10-21,0.5595092298896764,0.5064352424623799,0.5223195384707381,0.6006183444597302,0.6175361600553566
2025-10-22,0.5640080467876211,0.49596769195147755,0.5273252531479602,0.6048267861286661,0.6161209757418209
2025-10-23,0.5613898434694761,0.4944311813815565,0.5261063139550035,0.6082942610756129,0.6312890823446798
2025-10-24,0.5606083329922802,0.6142086152420914,0.5307303190816853,0.6296980726569804,0.6368320612392708
2025-10-27,0.5415074217038421,0.6013806793109452,0.5376724339494122,0.5733389790235568,0.6379026096586802
2025-10-28,0.5602203194139409,0.553141385651268,0.5119263114501302,0.6324042759297726,0.5887246784835051
2025-10-29,0.5589634681710708,0.5425680057507567,0.500980163281622,0.6473117615306296,0.5715241139832972
2025-10-30,0.5342387239273727,0.5937049856214771,0.4511229637303201,0.667523747658074,0.5855053819875182
2025-10-31,0.5549513161693221,0.5736608891162958,0.4475234737210828,0.5564811766497086,0.5860398074916748
2025-11-03,0.5450558489548231,0.5744186415813023,0.43790389566707955,0.5517625124410118,0.5814888810496798
2025-11-04,0.5237011270397235,0.57204859585916,0.46255462346427884,0.560407882745749,0.6080001985727207
2025-11-05,0.5189262608132369,0.5389358526519334,0.46507242934295506,0.5718020091733746,0.6027915995518683
2025-11-06,0.5122002788526185,0.584764131078993,0.4669618000748668,0.5874361575918213,0.6274841510364042
2025-11-07,0.5107143314873424,0.5863394363517571,0.45796702046195564,0.5974608602330221,0.6276298588991509
2025-11-10,0.4919870619545904,0.6113741274568755,0.49228693017279335,0.5982089271211096,0.6584108912880262
2025-11-11,0.4884704242024479,0.611437642758657,0.49142480943568234,0.5984512528639112,0.6452597612859016
2025-11-12,0.48666115134451426,0.6023434402053846,0.4811502496816748,0.5899429071524456,0.6386675109484607
2025-11-13,0.47375825690207535,0.6189741610565659,0.5122964199387908,0.6034239389107304,0.6595377289405167
2025-11-14,0.47064966174427925,0.606625954802745,0.5119713193431767,0.6011730064933215,0.6556235941683544
2025-11-17,0.4839312455820267,0.611243724911094,0.44614781756144634,0.5823168736211352,0.6629055745269168
2025-11-18,0.47987670343308375,0.6208288345742743,0.45388953659054215,0.5967857451674008,0.6796597057592596
2025-11-19,0.47765096884174374,0.6085046763074605,0.46459391808866674,0.596021070621123,0.6784784102867842
2025-11-20,0.48444056739473446,0.6276666529036679,0.4760771676745919,0.6067061430504992,0.6909189199965757
2025-11-21,0.49570804485491504,0.5889464469881837,0.48979708446191256,0.6103532184975781,0.6756714395002047
2025-11-24,0.5052695244852657,0.5834605442843448,0.5304832849900857,0.6195228254969565,0.6737954801462477
2025-11-25,0.49288371883946636,0.589550123502813,0.5264536494625155,0.6187598289871653,0.633647437712771
2025-11-26,0.49241892004520915,0.5952155295756278,0.5501453938224393,0.6148113116681029,0.6384835794821758
2025-11-28,0.4930067726238079,0.596097772347793,0.5486614437782082,0.6104828589530897,0.6270840375950256
2025-12-01,0.4764904995892318,0.6071725123599129,0.5581013623922253,0.6045329870758342,0.6136890416247484
2025-12-02,0.4814703811520231,0.6064694840804395,0.5606998584282249,0.6048480523818924,0.6134560468514269
2025-12-03,0.4856942156737872,0.572271060042739,0.5633413526558304,0.6010370949509477,0.608919414743501
2025-12-04,0.5221316609778246,0.5697610363629155,0.5643674456569093,0.6184626848953377,0.6113111299712572
2025-12-05,0.5110573428487293,0.571905756864132,0.5689804572834275,0.6248638637582449,0.6162936068846971
2025-12-08,0.5208040737765528,0.5647492311574877,0.5691307274520477,0.6264827344409931,0.6074097635906117
2025-12-09,0.5180751986169356,0.5599181982800993,0.5692732229584669,0.6228039208724421,0.6101208369324075
2025-12-10,0.5200350961350603,0.5071089117747821,0.5693998187171285,0.630865580622441,0.6022809225039231
2025-12-11,0.5182918203153473,0.5080265412648456,0.5524335431212832,0.6285903648015634,0.5992823398550667
2025-12-12,0.5196533391143963,0.5177447588127508,0.5568647256437982,0.636154244775,0.6128429354014433
2025-12-15,0.5327577696857103,0.5242585393511855,0.5570174731006978,0.6360700068962343,0.6106731228093063
2025-12-16,0.5560773405694511,0.5267721547935948,0.567588741904663,0.6469574925432705,0.6075740906846803
2025-12-17,0.562056449002092,0.5124384375735326,0.5844036237548483,0.6387019404238374,0.6182140595241938
2025-12-18,0.5562863717245352,0.5244138338729815,0.588407368562127,0.6448174771870387,0.6220254490431304
2025-12-19,0.5864160271565437,0.5240587122424614,0.5893482377209223,0.6414436863157229,0.6283685421319092
2025-12-22,0.5777822802003122,0.5166588469503433,0.591965407139362,0.6401427728121016,0.632193603177455
2025-12-23,0.5824372275938173,0.5173074179204143,0.6003158468729484,0.6414402915479954,0.6332834416205201
2025-12-24,0.5843739542524187,0.5163371400453146,0.602189014992305,0.6474756912566707,0.6313309823805315
2025-12-26,0.5841171340337741,0.5152462241197275,0.6019163746478539,0.6472721104684299,0.6297797122824845
2025-12-29,0.5832613969920619,0.5164063247903007,0.6023201543856452,0.6471501682819524,0.6316966917777553
2025-12-30,0.5841411879670987,0.5164724032938114,0.602711064973944,0.6484965342185334,0.6320754943270906
2025-12-31,0.5922393881895702,0.5240360028458008,0.6019141837828315,0.6485609454004345,0.6361319200415125
2026-01-02,0.5902574641663075,0.50328297519119,0.6005276839154489,0.6436621222008122,0.6364383319630434
2026-01-05,0.5601632625459604,0.5014007463118024,0.6065942381878866,0.6453130136707128,0.6270555132272561
2026-01-06,0.526592162645277,0.5060888991109633,0.5941863852434995,0.6529756999359486,0.6317507165020717
2026-01-07,0.42868276925985754,0.45318094815825627,0.5690596400244318,0.6042347998970472,0.5859455119994534
2026-01-08,0.41723338611805205,0.4491157752459927,0.5476371407765348,0.5975791587978402,0.5684897799526138
2026-01-09,0.4155331629136695,0.4506683654239126,0.5481074951969163,0.5958137485801142,0.5747673913958191
2026-01-12,0.41304719869075396,0.4502558531428979,0.5453335306090614,0.5991793840329723,0.5767360403924053
2026-01-13,0.402485408670509,0.45362807874692024,0.5434231513589045,0.6004034147550367,0.5901337515868036
2026-01-14,0.39730829866443823,0.4605894887685838,0.5448050535172836,0.6144961220860244,0.5928688560887369
2026-01-15,0.35390463501004443,0.451917464141667,0.5373457914136359,0.6114151840273909,0.6067478408314646
2026-01-16,0.35431710795085,0.4481458284747876,0.5462480228967876,0.6191924756535335,0.6073682568762356
2026-01-20,0.4484094654577256,0.4628515433032645,0.5749116196633751,0.6374775000253649,0.6400317064959551
2026-01-21,0.4474565810475406,0.40332225925203835,0.5836113142179531,0.6227853627266906,0.6498903470449834
2026-01-22,0.4363089974606667,0.4043801656254293,0.57378416495459,0.6219248218121998,0.6446982187316885
2026-01-23,0.4003328792428904,0.3614099755775368,0.5512335923544982,0.6179534079273499,0.6311205682612032
2026-01-26,0.39978106885179365,0.36661157195776145,0.5602340488762876,0.612273185267802,0.6407198273989964
2026-01-27,0.4046300375978485,0.3714425087306519,0.5660634026255879,0.6140093934149166,0.6530471440061804
2026-01-28,0.43274089529127613,0.336884781137859,0.6185443275034327,0.5970424124602804,0.6428567530741528
2026-01-29,0.4286592972865343,0.27841990841412373,0.6194908598548765,0.7022151547389373,0.6416810462672873
2026-01-30,0.42532884360429646,0.27955811122740826,0.6194471719835373,0.7307242296228462,0.64481233966
2026-02-02,0.43462896745604945,0.2729486472624796,0.6067282710797852,0.726526618156645,0.5984939280122265
2026-02-03,0.4329644346042386,0.2992784067212271,0.6129165725245723,0.7321975360699968,0.6192990264069047
2026-02-04,0.3913628669094465,0.2742875863220629,0.6282142559444664,0.7218052156884854,0.6058949663763298
2026-02-05,0.38861344475744103,0.32497154373277914,0.6365270009777709,0.7395313568720969,0.6051584529024405
2026-02-06,0.3983527386054164,0.3289729203572083,0.48464029942548825,0.51376879049912,0.6260129499922391
2026-02-09,0.3843491081003343,0.3362925716753569,0.4843509944897979,0.5083092856171336,0.6447816368181997
2026-02-10,0.38693085676601796,0.3351813021967839,0.49113024836755265,0.5136974773751313,0.64564403025359
2026-02-11,0.39655185104647184,0.3268052475143362,0.44699813685488754,0.4899514697293516,0.6229955858437422
2026-02-12,0.4688612482444821,0.32159838197575485,0.4467272214912748,0.5055010669081803,0.6274877258913134
2026-02-13,0.44103089128862677,0.3247450625954803,0.503680783254712,0.5067524680229661,0.6148634046607468
2026-02-17,0.433203934931716,0.3063260460768444,0.5005468311021457,0.4864335241131222,0.6038617868945256
2026-02-18,0.43189351871695064,0.3153171071823308,0.5015652843038122,0.4914438437102248,0.6066700488305876
2026-02-19,0.43291147503245847,0.30051379583550153,0.49652585006273364,0.4654294850572683,0.5846883112718664
2026-02-20,0.4245808591478048,0.3154628000595507,0.4849123017295373,0.4655874184387552,0.6085960179069577
2026-02-23,0.3801753852075856,0.34227740157671466,0.4296666941914612,0.45577857460615545,0.5776180977185391
2026-02-24,0.3959955533814467,0.34575462711774374,0.409105659571009,0.45418661336952726,0.6255897077576497
2026-02-25,0.4020175844852474,0.3558286874665314,0.4311297813457647,0.46483230819154653,0.6254801404271723
2026-02-26,0.40170709739647725,0.34206382027407745,0.4420637670014681,0.4624478450784715,0.6424056233570518
2026-02-27,0.4295539971152103,0.3471667140706956,0.41583647848312366,0.4553659573295556,0.6576139225923887
2026-03-02,0.42874734463986175,0.3445540518073167,0.40914370673038597,0.4539912738632635,0.6485639605823488
2026-03-03,0.4312119802114091,0.33327872206222664,0.41191273124814953,0.4480111834861804,0.6573422535472255
2026-03-04,0.4262856383003772,0.33477342279290523,0.40852317812960764,0.46723391079453824,0.6644482992868735
2026-03-05,0.43274077814816514,0.3191829122777383,0.41070636610380573,0.4550969652588055,0.6618724740226076
2026-03-06,0.4391088543305756,0.3214405021090998,0.41227263518548973,0.4757461889366626,0.6838929799929465
2026-03-09,0.4463815193878262,0.3217817412777112,0.43803489172959725,0.47280589205451073,0.6918625585964733
2026-03-10,0.4415462451662375,0.349151002899032,0.43046205593158465,0.4629497369879171,0.6989525056824545
2026-03-11,0.44257733826149737,0.3466652860978196,0.45107677873298874,0.4658799439335266,0.7058232650938642
2026-03-12,0.47500052659630165,0.33964312083727033,0.46353453595203603,0.46204005031003664,0.6917642926178383
2026-03-13,0.48321567788813835,0.34448644433369446,0.46436900132934394,0.4652158844111728,0.6959244862535998
2026-03-16,0.4934224200833285,0.3561597420708178,0.47185488941059306,0.47999475656323837,0.7010210706727731
2026-03-17,0.49055313675942425,0.365676375946019,0.44356935393910246,0.48385450077436915,0.6839210741842279
2026-03-18,0.5060878231620501,0.3672864409067137,0.4405942754169753,0.49169252664174645,0.6720124712853014
2026-03-19,0.5039007204077486,0.3650878811295297,0.4314394426496382,0.4925403509273674,0.6684463638845253
2026-03-20,0.5032330310916834,0.3771781366249202,0.45516103859844353,0.4984374079916905,0.680621158213767
2026-03-23,0.512661756952318,0.3757202627025041,0.44727709273174343,0.5096026141565081,0.6825023672354618
2026-03-24,0.5095209663065254,0.37584661184460494,0.43473221221750197,0.5110146322544925,0.6851125070916685
2026-03-25,0.5108665521505316,0.3733185908367794,0.43503296003602426,0.5186436392794838,0.690026353039967
2026-03-26,0.48744532789573164,0.37597508379199635,0.4812753825600671,0.5294075973431451,0.7091262970803802
2026-03-27,0.4997014355208675,0.3936830272352202,0.5046817402843946,0.5587549811589068,0.7114844288544433
2026-03-30,0.500530106961411,0.3902403956691914,0.506531306734842,0.5545594006197082,0.71293392348677
2026-03-31,0.545559693950462,0.4460073003683929,0.5943767917675961,0.5992644575142155,0.7464761172904468
2026-04-01,0.5658862724162831,0.44431187958823765,0.5994354762046856,0.5968201220278838,0.752057505255303
2026-04-02,0.5891972058042405,0.43919586831731583,0.6059354187716192,0.5929458447673994,0.7577773856964518
2026-04-06,0.5915438514718089,0.44418036190395827,0.6277787432112131,0.5978922674235918,0.7601516074766081
2026-04-07,0.5810706581352312,0.44516006018950893,0.6250458808636699,0.6031063414881517,0.7664412085019723
2026-04-08,0.5983339857124592,0.4357383729295465,0.6594172701687021,0.6324661455940036,0.7603525888219921
2026-04-09,0.5993214603183261,0.4347671426655417,0.6596110502369447,0.6193717438846629,0.7613630107603966
2026-04-10,0.6001802209678123,0.43433265889786116,0.6649742747223103,0.6145788091458404,0.7543044864622197
2026-04-13,0.5884998725651788,0.4461713905292769,0.6705138224936525,0.6125179343566367,0.7485791203544987
2026-04-14,0.5821424078854801,0.4608418855039925,0.68470069430129,0.6246073347524776,0.757114833008193
2026-04-15,0.5880034739068069,0.46971741189863264,0.6879882527758686,0.6198959863649626,0.7578663860399187
2026-04-16,0.5482350365444818,0.47112680429640263,0.6740942722973581,0.597988884986643,0.7396272994098514
2026-04-17,0.5646333328905284,0.4994153344343457,0.6728558580218933,0.5992905399024296,0.7351273585966095
2026-04-20,0.5609884921653251,0.49753276314541905,0.6719684245336114,0.5981215782761242,0.7343094937440551
2026-04-21,0.5660113915154575,0.4946201944472025,0.6764931433074431,0.5963995087580853,0.7381262925006903
2026-04-22,0.5771393133127689,0.501164674760837,0.6812347245876789,0.6060938203518215,0.7437145994321572
2026-04-23,0.574960536105159,0.49948082659318677,0.6805530997403433,0.6064666803431796,0.7440309645934705
2026-04-24,0.5637616331430897,0.5060581813853535,0.684466972528057,0.6111629123349733,0.7461285602293222
2026-04-27,0.561382202170538,0.5938977780522922,0.6839445495653981,0.6075627319832565,0.7346624477787757
2026-04-28,0.554135340392909,0.5844964265695869,0.6835705631958268,0.607386002485971,0.7356627894407102
2026-04-29,0.5648389930344321,0.5950592763091545,0.6824108199411202,0.6035111805661312,0.7537393425146311
2026-04-30,0.5664586657661305,0.5260756693514261,0.6227829743007522,0.5971534113653632,0.6869341896463694
2026-05-01,0.5835696226358955,0.5313837008416581,0.6197551748820603,0.5947195661014734,0.6852160453832118
2026-05-04,0.5919472198832868,0.5085002590851411,0.6232419436125282,0.5691989205433127,0.6828968513190383
2026-05-05,0.6009616757561859,0.4876152762861788,0.697408001939237,0.7432121014911742,0.6461824425969388
2026-05-06,0.6145437563856057,0.4883776951602963,0.703947436471143,0.7406119368310369,0.659213703777008
2026-05-07,0.613495827861791,0.4774431985691529,0.704262085885448,0.7398467844697473,0.6497590844011829
2026-05-08,0.6198544247027292,0.46581357466455564,0.7097149284019973,0.7411154655554419,0.6536723306428386
2026-05-11,0.5916515678237488,0.46555007232497353,0.697056110380255,0.721058526062599,0.6483282087100535
2026-05-12,0.6008192754494235,0.4668658389267185,0.699479800732969,0.7210525460474068,0.6523509082451593
2026-05-13,0.6227860760839592,0.4645108052997782,0.699248750773537,0.7229185456016737,0.6543241058044307
2026-05-14,0.617192691276107,0.4667736843926769,0.6919071152998552,0.7048629301554035,0.6543022440049032
2026-05-15,0.5979856291247917,0.40639144832656976,0.6934379800776823,0.7090370995477142,0.6688240097644005
2026-05-18,0.5941269865742025,0.4097929207214753,0.6940436272359461,0.707134391185518,0.6679916740541973
2026-05-19,0.602428362623169,0.395527209317419,0.6957646613191144,0.7025400676292115,0.683188520558631
2026-05-20,0.6032121922876401,0.39478593569554415,0.6955402935412557,0.7051320049146979,0.6843947287489863
2026-05-21,0.6009814387581008,0.3833527705836989,0.6964911854296496,0.7042883368552649,0.6778726725265569
2026-05-22,0.5992804536046908,0.38564649152917274,0.6860589549893471,0.6946225589733672,0.6744880560815343
2026-05-26,0.6005929639679737,0.3719354087436723,0.6968591757647069,0.6943509130262586,0.6721972174283615
2026-05-27,0.5982740266324669,0.37635623630187165,0.700823119145158,0.6847417177274935,0.6818669330070879
2026-05-28,0.5968446927754212,0.39708539168353113,0.6972019880714507,0.6891878991811855,0.6786437201167135
2026-05-29,0.6047527485697333,0.37197591466198066,0.6896233974672062,0.6875616149105953,0.6721957169398659
2026-06-01,0.5844335096152663,0.381620828549655,0.6841619814175697,0.6673753150689815,0.6428009054251892
2026-06-02,0.5543533261152708,0.3674466414963182,0.6685216816994334,0.6456941564082177,0.6277351167448417
2026-06-03,0.5618785012671699,0.385601743407898,0.6658353252204487,0.6575774948351755,0.631325970627879
2026-06-04,0.5626800825250956,0.3835963360248758,0.6592413153416367,0.6585209817664567,0.6350495219135395
2026-06-05,0.5696594542878921,0.4163923336668094,0.6393053837851642,0.679094451754698,0.6808754725645287
2026-06-08,0.5359373477263678,0.4137436946497757,0.6302249806282701,0.6735136783704494,0.6792825538084961
2026-06-09,0.517796556983144,0.41155105941397624,0.6286610720304224,0.6719119278556547,0.6760956412055545
2026-06-10,0.49745599416184233,0.41699712390833094,0.6376248771911293,0.6813282169582501,0.6889727370949306
2026-06-11,0.5048767727137897,0.38237805768265737,0.6263599922112321,0.6836867680209611,0.6931464011282913
2026-06-12,0.47204702603926235,0.36749461787805043,0.6263233883469669,0.6623368750901545,0.6971554518777608
2026-06-15,0.4836574668288089,0.3839316796470015,0.6346304181966117,0.6746974980480226,0.7054402403325135
2026-06-16,0.47460561923772937,0.37468281269904563,0.6180050514693235,0.6671844709792291,0.6979096800197554
2026-06-17,0.4805129232708857,0.40466165841507484,0.6337203994013293,0.678014337386914,0.696334803179052
2026-06-18,0.4814864512026818,0.3981954058883749,0.6366862249278852,0.676719348128665,0.6983671257918895
2026-06-22,0.4835667338112059,0.4055158199592101,0.6293469911215761,0.6637655350944901,0.6991060307364912
2026-06-23,0.5060601089887767,0.36074926861323303,0.6083311462499121,0.634455143086086,0.6967423768248334
2026-06-24,0.48721668333776813,0.33661614557015085,0.5964393415496989,0.6066006299386376,0.6942880504159719
2026-06-25,0.42784183889092164,0.33643964862565695,0.595576594425356,0.6007566228185379,0.6901287251534826
2026-06-26,0.3386295385764442,0.22451269985748315,0.5614082254778169,0.5388873073036622,0.6642045436410761
2026-06-29,0.31297737633394207,0.205600893443985,0.5813983488521567,0.5557590821770808,0.6597367785762444
2026-06-30,0.32199408324199275,0.21175619580482163,0.5822311640078444,0.5472146716505354,0.6639539466319059
2026-07-01,0.3119417718468206,0.20017869504636218,0.5779204914138076,0.5400773395427814,0.6657258070973543
2026-07-02,0.2783435473981469,0.19452177857545808,0.5831485004628641,0.5393915629548335,0.66705122161104
2026-07-06,0.2563948114921355,0.19003471782314701,0.5614541984841044,0.5080892193274228,0.6731957157321252
2026-07-07,0.2607164866211245,0.18835194147456144,0.5599584290799564,0.5135684287793123,0.6657900377158894
2026-07-08,0.25623966215989896,0.1923018418321963,0.5623142345311154,0.5262366428740461,0.6501140156102624
2026-07-09,0.2692354341434664,0.17152387144489928,0.5490837123223082,0.5305926637747281,0.6453411153652417
2026-07-10,0.2766577889714447,0.1533267858881941,0.5311326919513726,0.5079221786011748,0.6297107000462927
2026-07-13,0.25718074527433316,0.11528169885109936,0.5329140282642213,0.4980809914158545,0.6373281923611233
2026-07-14,0.2568682746068068,0.10975340212949042,0.5342384159436969,0.497613280139286,0.6325750075747131
2026-07-15,0.23805522015179634,0.11016580308262636,0.5278718109452817,0.4988516023192355,0.6304723993712721
2026-07-16,0.22811075195063088,0.09759000106006976,0.5322399682669379,0.5042728615204619,0.635926451775773
2026-07-17,0.20899769994177467,0.12546421029912336,0.5371192773453286,0.5179223572593626,0.6405515442913677
2026-07-20,0.19291732387902752,0.10219871125203892,0.5243299202618695,0.5015563797695215,0.63878526761657
2026-07-21,0.1912167976947661,0.07879779654607881,0.5097823921732347,0.48977213892632365,0.6406006615796235
2026-07-22,0.20431029127964478,0.06804273858333515,0.505732443420585,0.4813884126356347,0.6276998713349538
2026-07-23,0.22622854328548506,0.09210589254203526,0.5362587279273568,0.5134710973659918,0.6378851804309614
2026-07-24,0.2279203657965293,0.09912339017700116,0.5378913588501953,0.5127499580313661,0.6344845283284346
2026-07-27,0.22682876613272915,0.09685426503771344,0.5335543639232131,0.5168759438628685,0.6185420863972577
2026-07-28,0.229656727868967,0.138100923886723,0.54107061993435,0.5133332746671863,0.6764225032248681
2026-07-29,0.23589814307394288,0.14080553382561733,0.5069415573568664,0.5211668689958374,0.6903756179645983
2026-07-30,0.19104856133175205,0.26786737078192385,0.4802569148470046,0.5649700591178514,0.6971271988134639
2026-07-31,0.10327168768895822,0.2824729115773846,0.4742306477318737,0.4590935273171214,0.7116071128685941
2026-08-03,0.0642021008760924,0.3149524910725178,0.4883372744851033,0.48694143977920656,0.704798611620441
2026-08-04,0.09067895662705457,0.3172011176976615,0.4887755794555125,0.43899525742265,0.7171339564849809
2026-08-05,0.07743792167444877,0.32937668871412734,0.48478515182798726,0.44072959075653395,0.6970246877262738
2026-08-06,0.07719882498181205,0.3256738686962026,0.49528532291586186,0.4432299080976643,0.6980569621474639
2026-08-07,0.0791720535632012,0.32214855217590366,0.48960989181375536,0.4433479712006015,0.7018660984161521
2026-08-10,0.07505573448367105,0.3256339294141178,0.48548722220566104,0.4389747459670252,0.6951485838863206
2026-08-11,0.08123028102291636,0.32595130725444044,0.49004728804817227,0.45036563806390634,0.6913933617920719
2026-08-12,0.08857468770777432,0.3510088722991199,0.4905735318421133,0.44430338780443823,0.6742752066370344
2026-08-13,0.09248597233335702,0.35199687763502596,0.4932991367282068,0.438956748279172,0.6738261533026184
2026-08-14,0.09487248298398525,0.3472530171693201,0.48598951298421117,0.4339116069785483,0.6735511926160852
