Date,Close,Daily Return,Cumulative Growth,Cumulative Return
2021-08-16,138.3094940185547,,1.0,0.0
2021-08-17,136.6614990234375,-0.011915270219238216,0.9880847297807618,-0.011915270219238216
2021-08-18,135.44900512695312,-0.008872242037067268,0.9793182029050167,-0.0206817970949833
2021-08-19,135.67999267578125,0.0017053469577841263,0.9809882802230434,-0.019011719776956593
2021-08-20,137.42950439453125,0.012894397208073283,0.993637532764704,-0.006362467235295988
2021-08-23,140.04150390625,0.01900610442587536,1.012522711473899,0.01252271147389905
2021-08-24,141.26150512695312,0.008711711790240662,1.0213435175173327,0.021343517517332655
2021-08-25,142.07899475097656,0.005787065791835966,1.0272540996492707,0.027254099649270724
2021-08-26,141.4405059814453,-0.004493899824181136,1.0226377226314676,0.02263772263146757
2021-08-27,144.00399780273438,0.01812417032519198,1.0411721828974068,0.04117218289740676
2021-08-30,144.5904998779297,0.0040728180060580765,1.0454126877113181,0.04541268771131812
2021-08-31,144.69749450683594,0.000739983809424416,1.0461862761743914,0.046186276174391416
2021-09-01,145.2154998779297,0.0035799194233405718,1.0499315387449004,0.04993153874490042
2021-09-02,143.28700256347656,-0.013280244299501476,1.0359881914126166,0.035988191412616555
2021-09-03,143.739501953125,0.0031579932691241375,1.0392598351479896,0.039259835147989586
2021-09-07,144.28050231933594,0.0037637556750917955,1.0431713552504227,0.043171355250422705
2021-09-08,143.6909942626953,-0.004085846993628239,1.0389091167047337,0.03890911670473374
2021-09-09,143.54100036621094,-0.0010438642815022714,1.0378246365860786,0.0378246365860786
2021-09-10,140.87600708007812,-0.018566077144047455,1.0185563043212285,0.018556304321228456
2021-09-13,142.33250427246094,0.010338859132732914,1.0290870144703628,0.02908701447036277
2021-09-14,142.54449462890625,0.0014894022804481377,1.0306197390164944,0.030619739016494396
2021-09-15,144.42950439453125,0.013224009601579878,1.0442486643408262,0.044248664340826194
2021-09-16,143.61000061035156,-0.005674074612491142,1.0383235195053622,0.03832351950536217
2021-09-17,140.8000030517578,-0.019566865445659,1.0180067829101376,0.018006782910137575
2021-09-20,138.71949768066406,-0.014776316235795561,1.0029643927556724,0.002964392755672396
2021-09-21,139.0330047607422,0.0022600073192293735,1.0052310996242266,0.005231099624226632
2021-09-22,140.2834930419922,0.008994182952471785,1.0142723320437612,0.014272332043761216
2021-09-23,141.21600341796875,0.006647327891225352,1.021014532805854,0.02101453280585397
2021-09-24,142.21499633789062,0.007074218896884421,1.0282374131078227,0.028237413107822684
2021-09-27,141.07200622558594,-0.008037057565919659,1.0199734098272428,0.019973409827242827
2021-09-28,135.8300018310547,-0.03715836000906403,0.9820728706652095,-0.01792712933479046
2021-09-29,134.35350036621094,-0.010870216041668157,0.9713975263924175,-0.0286024736075825
2021-09-30,133.67599487304688,-0.005042708164040177,0.96649905215555,-0.03350094784445001
2021-10-01,136.54299926757812,0.021447413929883696,0.9872279573899703,-0.012772042610029732
2021-10-04,133.6595001220703,-0.02111788345777532,0.9663797924395513,-0.0336202075604487
2021-10-05,136.0229949951172,0.017682954603962298,0.9834682424394464,-0.016531757560553584
2021-10-06,137.56500244140625,0.0113363732826528,0.9946172055473744,-0.005382794452625572
2021-10-07,139.22500610351562,0.012067049268700725,1.006619300370212,0.006619300370211967
2021-10-08,139.78550720214844,0.004025865139600571,1.0106718139204216,0.010671813920421602
2021-10-11,138.91400146484375,-0.006234592947066964,1.004370686557554,0.0043706865575539044
2021-10-12,136.44900512695312,-0.017744765192113987,0.9865483645587478,-0.013451635441252163
2021-10-13,137.58200073242188,0.008303436176867685,0.9947401059392545,-0.005259894060745451
2021-10-14,141.1510009765625,0.02594089506723951,1.0205445546465994,0.020544554646599433
2021-10-15,141.3679962158203,0.0015373269601810513,1.0221134653045236,0.022113465304523627
2021-10-18,142.7779998779297,0.009973994820983378,1.0323080197139283,0.03230801971392827
2021-10-19,143.23699951171875,0.0032147784265186274,1.0356266612652267,0.03562666126522673
2021-10-20,141.7689971923828,-0.010248764804765664,1.0250127671883746,0.02501276718837464
2021-10-21,141.88600158691406,0.0008253172191976521,1.0258587278750326,0.025858727875032628
2021-10-22,137.56649780273438,-0.030443480934472023,0.9946280172515074,-0.005371982748492599
2021-10-25,137.44700622558594,-0.0008686095746930356,0.9937640738324648,-0.006235926167535211
2021-10-26,139.30850219726562,0.013543372262503128,1.0072229906254795,0.007222990625479486
2021-10-27,146.21749877929688,0.04959493837818929,1.0571761527786456,0.05717615277864563
2021-10-28,145.8489990234375,-0.00252021651947143,1.0545118399744215,0.05451183997442155
2021-10-29,148.04600524902344,0.015063567390221744,1.070396550139663,0.07039655013966306
2021-11-01,143.4969940185547,-0.030727010991056458,1.0375064635787328,0.037506463578732774
2021-11-02,145.4324951171875,0.0134880950773264,1.0515004494028235,0.0515004494028235
2021-11-03,146.59800720214844,0.008014110491756155,1.059927290186469,0.05992729018646892
2021-11-04,148.2675018310547,0.011388249136321082,1.0719980062334982,0.07199800623349817
2021-11-05,148.8520050048828,0.003942220423287068,1.0762240586673948,0.07622405866739479
2021-11-08,149.031005859375,0.0012025424480262004,1.0775182637815293,0.07751826378152926
2021-11-09,148.9185028076172,-0.0007548969498599734,1.0767048485307822,0.07670484853078219
2021-11-10,145.89349365234375,-0.020313185388261323,1.0548335433341365,0.05483354333413648
2021-11-11,145.76649475097656,-0.0008704905077523417,1.0539153207474052,0.05391532074740524
2021-11-12,148.67799377441406,0.019973719121197497,1.0749659293415408,0.07496592934154078
2021-11-15,148.45199584960938,-0.0015200495989177165,1.073331927811795,0.07333192781179498
2021-11-16,147.87600708007812,-0.003879966491759146,1.06916743589735,0.06916743589734997
2021-11-17,148.0469970703125,0.0011563065138875395,1.0704037211679145,0.07040372116791449
2021-11-18,149.8385009765625,0.012100913505183497,1.083356584013394,0.08335658401339407
2021-11-19,148.92649841308594,-0.006086570257528234,1.0767626580508407,0.0767626580508407
2021-11-22,146.302001953125,-0.017622763496938032,1.0577871243856765,0.05778712438567646
2021-11-23,145.78199768066406,-0.003554320962932178,1.0540274094351527,0.05402740943515272
2021-11-24,146.1199951171875,0.002318512860989941,1.056471185539764,0.056471185539763935
2021-11-26,142.18299865722656,-0.026943584666858866,1.0280060647040765,0.028006064704076516
2021-11-29,145.53050231933594,0.02354362823771572,1.0522090573175864,0.052209057317586405
2021-11-30,141.8975067138672,-0.024963808600735216,1.0259419118027502,0.025941911802750184
2021-12-01,141.05149841308594,-0.005962108287689727,1.0198251350277028,0.019825135027702778
2021-12-02,142.96600341796875,0.013573092284889787,1.033667315699884,0.033667315699883904
2021-12-03,142.00149536132812,-0.006746415466485689,1.0266937665340454,0.026693766534045427
2021-12-06,143.15499877929688,0.00812317796396167,1.0350337827140916,0.03503378271409163
2021-12-07,147.26950073242188,0.028741587707100225,1.0647822969597804,0.06478229695978044
2021-12-08,148.18649291992188,0.006226626578751837,1.0714122987106147,0.07141229871061472
2021-12-09,147.6385040283203,-0.0036979678836025487,1.0674502504398862,0.06745025043988617
2021-12-10,148.00149536132812,0.0024586494925347147,1.0700747364564362,0.07007473645643625
2021-12-13,145.82650756835938,-0.014695714983546493,1.0543492231183789,0.054349223118378864
2021-12-14,143.90699768066406,-0.013162969611649644,1.0404708563344052,0.04047085633440517
2021-12-15,146.4409942626953,0.017608570972026616,1.0587920612524948,0.05879206125249481
2021-12-16,144.44500732421875,-0.013629973959996655,1.0443607530285721,0.04436075302857212
2021-12-17,141.72500610351562,-0.01883070430117295,1.0246947045045407,0.0246947045045407
2021-12-20,141.60699462890625,-0.0008326792699037133,1.0238414624661196,0.023841462466119623
2021-12-21,143.47250366210938,0.013173848072207672,1.0373293943426751,0.037329394342675126
2021-12-22,146.4149932861328,0.02050908396324691,1.058604069988793,0.058604069988793084
2021-12-23,146.91650390625,0.003425268197343012,1.0622300728433036,0.06223007284330362
2021-12-27,147.906494140625,0.006738454891403789,1.0693878622734507,0.06938786227345073
2021-12-28,146.68699645996094,-0.008245058391449622,1.0605706969058986,0.06057069690589856
2021-12-29,146.65499877929688,-0.00021813576824303293,1.0603393485021528,0.060339348502152834
2021-12-30,146.20050048828125,-0.0030990985291923234,1.057053252386765,0.05705325238676506
2021-12-31,144.8520050048828,-0.009223603742085196,1.0473034120524671,0.04730341205246713
2022-01-03,144.9915008544922,0.0009630232567694463,1.0483119895951676,0.04831198959516758
2022-01-04,144.39950561523438,-0.00408296511015438,1.044031768317094,0.0440317683170941
2022-01-05,137.77499389648438,-0.04587627700334107,0.9961354777134911,-0.003864522286508909
2022-01-06,137.74749755859375,-0.00019957422688243742,0.9959366747456563,-0.004063325254343719
2022-01-07,137.01699829101562,-0.005303176322803194,0.9906550469531338,-0.009344953046866222
2022-01-10,138.66949462890625,0.012060520654384899,1.0026028626082828,0.0026028626082827966
2022-01-11,139.73599243164062,0.007690933074995465,1.010313814125402,0.010313814125401999
2022-01-12,141.4304962158203,0.012126466164461114,1.0225653504078813,0.022565350407881324
2022-01-13,138.58700561523438,-0.020105215470974658,1.0020064537047781,0.002006453704778144
2022-01-14,139.48049926757812,0.006447167599712866,1.0084665572478069,0.008466557247806872
2022-01-18,135.9980010986328,-0.024967634810831307,0.9832875325275073,-0.016712467472492665
2022-01-19,135.1165008544922,-0.006481714709184017,0.9769141432645665,-0.023085856735433508
2022-01-20,133.3074951171875,-0.013388488643980012,0.9638347393513254,-0.036165260648674646
2022-01-21,130.35150146484375,-0.02217424946545732,0.942462427397475,-0.05753757260252501
2022-01-24,130.8040008544922,0.0034713784234428058,0.9457340711328481,-0.05426592886715187
2022-01-25,126.93499755859376,-0.029578631162836877,0.9177605518646815,-0.08223944813531847
2022-01-26,129.23300170898438,0.018103786934961175,0.9343754933529521,-0.06562450664704789
2022-01-27,129.0050048828125,-0.0017642306775887961,0.9327270394431917,-0.06727296055680831
2022-01-28,133.3509979248047,0.033688561509222614,0.9641492716827887,-0.035850728317211256
2022-01-31,135.30349731445312,0.014641805611004477,0.9782661578987597,-0.021733842101240297
2022-02-01,137.6439971923828,0.017298147678254328,0.9951883503667309,-0.004811649633269077
2022-02-02,148.0,0.07523759131422758,1.0700639247523034,0.07006392475230339
2022-02-03,143.08999633789062,-0.033175700419657894,1.0345638045548375,0.03456380455483754
2022-02-04,143.29299926757812,0.0014187080500591698,1.0360315485526592,0.03603154855265922
2022-02-07,139.2010040283203,-0.028556839902671216,1.0064457614865243,0.006445761486524315
2022-02-08,139.3990020751953,0.0014223895025549105,1.0078773193725536,0.007877319372553648
2022-02-09,141.5919952392578,0.015731770898040898,1.0237330144542542,0.023733014454254242
2022-02-10,138.6199951171875,-0.020989888002131196,1.0022449731367753,0.0022449731367752968
2022-02-11,134.28250122070312,-0.031290535631728456,0.9708841910931183,-0.0291158089068817
2022-02-14,135.5260009765625,0.009260326137473296,0.9798748953443576,-0.020125104655642434
2022-02-15,136.60850524902344,0.007987428719660628,0.9877015762251056,-0.01229842377489443
2022-02-16,137.73800659179688,0.008268162664648582,0.9958680535214646,-0.004131946478535431
2022-02-17,132.53900146484375,-0.03774561034820989,0.9582784060150131,-0.04172159398498687
2022-02-18,130.4029998779297,-0.016116022931413454,0.9428347692489969,-0.057165230751003104
2022-02-22,129.81350708007812,-0.004520546294206285,0.9385726410268195,-0.061427358973180524
2022-02-23,127.58799743652344,-0.017143898917867162,0.9224818465419801,-0.07751815345801993
2022-02-24,132.6909942626953,0.039995900309593546,0.9593773385136829,-0.0406226614863171
2022-02-25,134.45950317382812,0.01332802516824616,0.9721639438272383,-0.027836056172761747
2022-02-28,135.0570068359375,0.00444374438403905,0.9764839918929858,-0.023516008107014152
2022-03-01,134.06149291992188,-0.007371064555169227,0.9692862653516533,-0.030713734648346702
2022-03-02,134.57150268554688,0.0038042972259726415,0.972973718402104,-0.027026281597895996
2022-03-03,133.89950561523438,-0.004993606052558941,0.9681150709529105,-0.031884929047089505
2022-03-04,131.906494140625,-0.014884382623012615,0.9537052758137423,-0.046294724186257685
2022-03-07,126.37850189208984,-0.041908416143952576,0.913736998236257,-0.08626300176374302
2022-03-08,127.10449981689452,0.0057446315151337135,0.9189860805928687,-0.08101391940713132
2022-03-09,133.4199981689453,0.049687448997862704,0.9646481546020725,-0.03535184539792746
2022-03-10,132.42950439453125,-0.007423877889428776,0.957486724496044,-0.042513275503956005
2022-03-11,129.87049865722656,-0.01932353178398183,0.9389846993425041,-0.06101530065749594
2022-03-14,125.95099639892578,-0.03018008168772579,0.9106460644128227,-0.0893539355871773
2022-03-15,129.197998046875,0.02577988059471137,0.9341224112174291,-0.06587758878257088
2022-03-16,133.28050231933594,0.03159881990570579,0.9636395770593723,-0.03636042294062769
2022-03-17,133.83900451660156,0.004190426863244223,0.9676776382295672,-0.032322361770432795
2022-03-18,136.12550354003906,0.017083951212098825,0.9842093957901201,-0.015790604209879877
2022-03-21,136.10150146484375,-0.00017632313248527876,0.9840358569064329,-0.015964143093567085
2022-03-22,139.8679962158203,0.027674160170447992,1.0112682228239256,0.011268222823925589
2022-03-23,138.27549743652344,-0.011385726702194288,0.9997541992162386,-0.00024580078376135184
2022-03-24,141.57200622558594,0.02384015136576023,1.0235884906541082,0.023588490654108174
2022-03-25,141.67300415039062,0.000713403217891484,1.0243187219771375,0.02431872197713747
2022-03-28,141.45550537109375,-0.0015352168227193985,1.0227461706433318,0.022746170643331842
2022-03-29,142.5054931640625,0.0074227425098387645,1.030337752120941,0.03033775212094092
2022-03-30,141.93850708007812,-0.00397869633931669,1.0262383510783175,0.026238351078317512
2022-03-31,139.0675048828125,-0.02022708464621148,1.0054805410838679,0.0054805410838678625
2022-04-01,140.15049743652344,0.007787531347625221,1.0133107523169858,0.013310752316985752
2022-04-04,142.97149658203125,0.02012835628204246,1.0337070321640465,0.03370703216404647
2022-04-05,140.59100341796875,-0.01665012412244471,1.0164956817722712,0.01649568177227123
2022-04-06,136.54800415039062,-0.02875716915938442,0.9872641435017623,-0.012735856498237719
2022-04-07,135.8885040283203,-0.0048298041862548935,0.9824958510085381,-0.01750414899146191
2022-04-08,133.28750610351562,-0.01914067671436448,0.9636902155511793,-0.036309784448820714
2022-04-11,128.82350158691406,-0.033491545060004846,0.9314147412731612,-0.06858525872683885
2022-04-12,127.7145004272461,-0.008608686660482978,0.9233964836145857,-0.0766035163854143
2022-04-13,129.8939971923828,0.01706538222242271,0.9391545975503097,-0.06084540244969028
2022-04-14,126.7300033569336,-0.024358276008421775,0.916278410648601,-0.08372158935139895
2022-04-18,127.67649841308594,0.007468594895295277,0.9231217229090405,-0.07687827709095951
2022-04-19,130.00900268554688,0.01826886154814744,0.9399861058569531,-0.06001389414304692
2022-04-20,128.0399932861328,-0.015145177324192738,0.9257498496014721,-0.07425015039852789
2022-04-21,124.8144989013672,-0.02519130391984281,0.9024290037864127,-0.09757099621358734
2022-04-22,119.635498046875,-0.04149358367880662,0.8649839904036191,-0.13501600959638094
2022-04-25,123.0739974975586,0.02874146475602357,0.8898448972783293,-0.11015510272167073
2022-04-26,118.6500015258789,-0.035945821714025716,0.8578586912476269,-0.14214130875237307
2022-04-27,114.29450225830078,-0.036708800771723005,0.8263677274603267,-0.17363227253967328
2022-04-28,118.52249908447266,0.036992127728215474,0.8569368279850142,-0.14306317201498575
2022-04-29,114.1094970703125,-0.03723345397075151,0.8250301100443924,-0.17496988995560758
2022-05-02,116.58300018310548,0.021676575362249206,0.8429139374008945,-0.1570860625991055
2022-05-03,117.33399963378906,0.00644175779919931,0.8483437848312005,-0.15165621516879946
2022-05-04,122.26100158691406,0.04199125546305971,0.8839668054205464,-0.1160331945794536
2022-05-05,116.50550079345705,-0.04707552464606213,0.8423536042856706,-0.15764639571432937
2022-05-06,115.74649810791016,-0.0065147369040751135,0.8368658921735501,-0.16313410782644988
2022-05-09,112.51100158691406,-0.027953299442196933,0.8134727292966616,-0.1865272707033384
2022-05-10,114.3949966430664,0.016744985197709505,0.8270943181074746,-0.17290568189252542
2022-05-11,113.60250091552734,-0.006927713193714213,0.8213644458874754,-0.17863555411252463
2022-05-12,112.84400177001952,-0.006676782107744583,0.8158803744512363,-0.1841196255487637
2022-05-13,116.05049896240234,0.02841530911778367,0.8390638674944012,-0.1609361325055988
2022-05-16,114.44499969482422,-0.013834488278230195,0.8274558482548634,-0.1725441517451366
2022-05-17,116.4729995727539,0.017720301309253284,0.8421186152060434,-0.15788138479395664
2022-05-18,111.89949798583984,-0.03926662491470623,0.8090514594090559,-0.19094854059094413
2022-05-19,110.38400268554688,-0.013543361029955125,0.798094183402467,-0.20190581659753304
2022-05-20,108.90799713134766,-0.013371553108143308,0.7874224246438006,-0.21257757535619937
2022-05-23,111.48799896240234,0.02368973720031864,0.80607625494925,-0.19392374505075005
2022-05-24,105.97000122070312,-0.04949409616330169,0.7661802392718376,-0.23381976072816235
2022-05-25,105.80500030517578,-0.0015570530681008332,0.7649872559795612,-0.2350127440204388
2022-05-26,107.7925033569336,0.018784585284487676,0.7793572243310555,-0.22064277566894452
2022-05-27,112.31649780273438,0.04196947194760359,0.8120664354947799,-0.18793356450522014
2022-05-31,113.76200103759766,0.012869910148036068,0.8225176575538337,-0.17748234244616634
2022-06-01,113.89199829101562,0.001142712436773996,0.8234575587105867,-0.17654244128941332
2022-06-02,117.62249755859376,0.03275470905380029,0.8504296714643046,-0.1495703285356954
2022-06-03,114.54100036621094,-0.026198195552239234,0.8281499486278562,-0.17185005137214382
2022-06-06,116.82050323486328,0.019901195740951394,0.844631122858358,-0.15536887714164205
2022-06-07,117.14949798583984,0.0028162415146861797,0.8470098080911477,-0.15299019190885232
2022-06-08,117.19400024414062,0.0003798757917525819,0.8473315666126185,-0.15266843338738145
2022-06-09,114.83550262451172,-0.02012473006054616,0.83027924756276,-0.16972075243724005
2022-06-10,111.1614990234375,-0.031993621459449284,0.8037156076106007,-0.19628439238939932
2022-06-13,106.39250183105467,-0.042901519269520794,0.7692349869834799,-0.23076501301652008
2022-06-14,106.71549987792967,0.00303590987443747,0.7715703150762259,-0.22842968492377413
2022-06-15,109.7645034790039,0.028571328481447722,0.7936151039948028,-0.20638489600519716
2022-06-16,106.03350067138672,-0.033990977860441585,0.7666393505652035,-0.2333606494347965
2022-06-17,107.14350128173828,0.010468395396956875,0.7746648344137863,-0.2253351655862137
2022-06-21,111.54399871826172,0.04107106248984849,0.8064811422366831,-0.1935188577633169
2022-06-22,111.4875030517578,-0.0005064877281889535,0.8060726694351245,-0.19392733056487554
2022-06-23,112.24199676513672,0.006767518266407313,0.8115277809495783,-0.18847221905042166
2022-06-24,117.9749984741211,0.05107715359858145,0.8529783100666559,-0.14702168993334408
2022-06-27,115.83350372314452,-0.018152106621525665,0.8374949568364772,-0.16250504316352277
2022-06-28,112.00749969482422,-0.0330302020170683,0.8098323292238925,-0.19016767077610752
2022-06-29,111.70149993896484,-0.002731957741161084,0.8076199015230268,-0.19238009847697324
2022-06-30,108.96299743652344,-0.02451625541230651,0.7878200857412264,-0.21217991425877358
2022-07-01,108.7375030517578,-0.002069458348895048,0.786189724887362,-0.21381027511263795
2022-07-05,113.26300048828124,0.04161855210496568,0.8189098029169753,-0.18109019708302465
2022-07-06,114.5719985961914,0.011557155490027782,0.8283740708415949,-0.17162592915840513
2022-07-07,118.78299713134766,0.036754168442133084,0.8588202709744023,-0.14117972902559772
2022-07-08,119.35350036621094,0.004802903181778007,0.8629451015864407,-0.13705489841355933
2022-07-11,115.67649841308594,-0.030807659112157548,0.8363597830642594,-0.1636402169357406
2022-07-12,114.02050018310548,-0.014315770728699051,0.824386648163207,-0.17561335183679305
2022-07-13,111.35350036621094,-0.02339052900672789,0.8051038083565862,-0.19489619164341376
2022-07-14,110.36750030517578,-0.008854684026927573,0.7979748685247127,-0.20202513147528733
2022-07-15,111.77749633789062,0.012775464052516172,0.8081693677723615,-0.19183063222763852
2022-07-18,109.02999877929688,-0.024580059928059006,0.7883045162804952,-0.21169548371950475
2022-07-19,113.80999755859376,0.043841133933907095,0.8228646801594522,-0.17713531984054776
2022-07-20,113.9000015258789,0.0007908265461371577,0.823515423392401,-0.17648457660759898
2022-07-21,114.33999633789062,0.003862992152039224,0.8266966570100491,-0.17330334298995087
2022-07-22,107.9000015258789,-0.05632320288852066,0.7801344534700103,-0.21986554652998969
2022-07-25,107.51000213623048,-0.0036144521235700333,0.7773146948379955,-0.22268530516200447
2022-07-26,105.0199966430664,-0.023160686854129975,0.7593115526037392,-0.24068844739626083
2022-07-27,113.05999755859376,0.07655685747975283,0.8174420589191534,-0.18255794108084655
2022-07-28,114.22000122070312,0.010260071529792691,0.825829072915125,-0.17417092708487503
2022-07-29,116.31999969482422,0.01838555814811582,0.8410124013556106,-0.15898759864438938
2022-08-01,114.86000061035156,-0.01255157400535667,0.830456371960573,-0.16954362803942702
2022-08-02,115.12999725341795,0.00235065855503791,0.8324084913359079,-0.16759150866409211
2022-08-03,118.08000183105467,0.02562324891872736,0.8537375013114702,-0.1462624986885298
2022-08-04,118.19000244140624,0.0009315769702387122,0.8545328235063211,-0.1454671764936789
2022-08-05,117.47000122070312,-0.006091896148830878,0.8493270982897534,-0.1506729017102466
2022-08-08,117.3000030517578,-0.0014471624004321892,0.8480979840474403,-0.1519020159525597
2022-08-09,116.62999725341795,-0.005711899240481766,0.8432537338165056,-0.1567462661834944
2022-08-10,119.6999969482422,0.026322556521660934,0.8654503278869922,-0.13454967211300783
2022-08-11,118.83999633789062,-0.0071846335194430955,0.8592323844518422,-0.14076761554815775
2022-08-12,121.68000030517578,0.023897711669481625,0.8797660722325535,-0.12023392776744646
2022-08-15,122.08000183105467,0.003287323511470097,0.8826581479263973,-0.1173418520736027
2022-08-16,121.6999969482422,-0.003112752925236273,0.8799106511944558,-0.12008934880554423
2022-08-17,119.5500030517578,-0.017666343059965506,0.8643658477683369,-0.13563415223166309
2022-08-18,120.16999816894533,0.005186073620751852,0.8688485126901271,-0.13115148730987292
2022-08-19,117.20999908447266,-0.024631764413537316,0.8474472408144916,-0.15255275918550837
2022-08-22,114.23999786376952,-0.025339145498693094,0.8259736518770272,-0.1740263481229728
2022-08-23,113.86000061035156,-0.0033263065522033397,0.8232262103068413,-0.1767737896931587
2022-08-24,113.69000244140624,-0.0014930455650276064,0.8219970960645282,-0.1780029039354718
2022-08-25,116.6500015258789,0.026035702532403393,0.8433983679401637,-0.15660163205983635
2022-08-26,110.33999633789062,-0.054093485687511156,0.7977760103951221,-0.20222398960487786
2022-08-29,109.41999816894533,-0.008337848463652486,0.7911242749125104,-0.20887572508748964
2022-08-30,108.94000244140624,-0.0043867276144345935,0.7876538282093021,-0.21234617179069792
2022-08-31,108.22000122070312,-0.006609153704493109,0.7824481029927344,-0.21755189700726563
2022-09-01,109.73999786376952,0.014045431767890415,0.7934379244352341,-0.2065620755647659
2022-09-02,107.8499984741211,-0.017222520743937486,0.7797729233226216,-0.2202270766773784
2022-09-06,106.80999755859376,-0.009643031342062347,0.77225354858333,-0.22774645141667005
2022-09-07,109.4499969482422,0.024716781668309595,0.7913411709362415,-0.20865882906375854
2022-09-08,108.37999725341795,-0.009776150979065257,0.7836049001732185,-0.2163950998267815
2022-09-09,110.6500015258789,0.02094486372013038,0.8000173980177729,-0.19998260198222706
2022-09-12,110.86000061035156,0.0018978678859171705,0.8015357253456459,-0.19846427465435412
2022-09-13,104.31999969482422,-0.0589933328479223,0.7542504615108293,-0.2457495384891707
2022-09-14,105.0,0.006518407852425634,0.7591669736418372,-0.24083302635816284
2022-09-15,102.91000366210938,-0.019904727027529767,0.7440559622631805,-0.2559440377368195
2022-09-16,102.8000030517578,-0.001068901043991266,0.7432606400683295,-0.2567393599316705
2022-09-19,103.06999969482422,0.002626426411003857,0.7452127594436646,-0.2547872405563354
2022-09-20,101.13999938964844,-0.018725141271856427,0.731258545245492,-0.26874145475450795
2022-09-21,99.27999877929688,-0.018390356155587706,0.7178104401566106,-0.28218955984338945
2022-09-22,100.13999938964844,0.00866237531150027,0.7240283835917604,-0.27597161640823964
2022-09-23,98.73999786376952,-0.013980442724304987,0.7139061462441846,-0.2860938537558154
2022-09-26,98.16999816894533,-0.0057727335138351155,0.7097849563080278,-0.29021504369197215
2022-09-27,97.5,-0.006824877064704582,0.7049407612388489,-0.29505923876115114
2022-09-28,100.0500030517578,0.026153877453926055,0.7233776955205671,-0.2766223044794329
2022-09-29,97.41999816894533,-0.026286904573625258,0.7043623350677289,-0.29563766493227106
2022-09-30,95.6500015258789,-0.018168719732440386,0.6915649732117961,-0.3084350267882039
2022-10-03,98.63999938964844,0.03125977852661688,0.7131831411111625,-0.28681685888883746
2022-10-04,101.63999938964844,0.030413625492325735,0.734873626072358,-0.26512637392764205
2022-10-05,101.43000030517578,-0.0020661067073367567,0.733355298744485,-0.266644701255515
2022-10-06,101.41999816894533,-9.861122153564938e-05,0.7332829816826562,-0.26671701831734385
2022-10-07,98.68000030517578,-0.027016347004909846,0.7134723541967226,-0.2865276458032774
2022-10-10,97.86000061035156,-0.00830968476173799,0.7075436238471328,-0.29245637615286724
2022-10-11,97.18000030517578,-0.006948705302826763,0.7026271117161249,-0.2973728882838751
2022-10-12,97.55999755859376,0.003910241327687469,0.7053745532863109,-0.29462544671368907
2022-10-13,99.05999755859376,0.015375154136295643,0.7162197957669086,-0.28378020423309136
2022-10-14,96.55999755859376,-0.025237230583629477,0.6981443916325791,-0.30185560836742087
2022-10-17,99.97000122070312,0.035314868976049185,0.7227992693494473,-0.27720073065055273
2022-10-18,100.7699966430664,0.008002354832397529,0.7285833655753792,-0.27141663442462083
2022-10-19,99.62999725341795,-0.011312885061278699,0.7203409857030653,-0.27965901429693474
2022-10-20,99.97000122070312,0.0034126666331260047,0.7227992693494472,-0.27720073065055284
2022-10-21,101.12999725341795,0.011603441217870047,0.7311862281836629,-0.26881377181633714
2022-10-24,102.5199966430664,0.013744679396809456,0.7412361484694097,-0.25876385153059034
2022-10-25,104.4800033569336,0.019118286949336705,0.755407313853069,-0.24459268614693097
2022-10-26,94.93000030517578,-0.0914050798709517,0.6863592479952282,-0.3136407520047718
2022-10-27,92.22000122070312,-0.02854734094343936,0.6667655165330257,-0.33323448346697426
2022-10-28,96.29000091552734,0.0441335896871633,0.6961922722572438,-0.3038077277427562
2022-10-31,94.51000213623048,-0.01848581121998749,0.6833225933394822,-0.3166774066605178
2022-11-01,90.47000122070312,-0.04274680800137898,0.654112733638995,-0.345887266361005
2022-11-02,86.97000122070312,-0.03868685699983232,0.6288071678509338,-0.3711928321490662
2022-11-03,83.43000030517578,-0.040703700883525484,0.6032123889773127,-0.39678761102268734
2022-11-04,86.58000183105469,0.03775622095597053,0.6259874092189189,-0.37401259078108107
2022-11-07,88.48999786376953,0.022060475771782162,0.6397969892934335,-0.36020301070656646
2022-11-08,88.9000015258789,0.004633333393685657,0.6427613820491064,-0.3572386179508936
2022-11-09,87.31999969482422,-0.017772798694438152,0.6313377133973888,-0.36866228660261124
2022-11-10,93.94000244140624,0.075813132956005,0.6792014034033251,-0.32079859659667487
2022-11-11,96.41000366210938,0.026293391063554328,0.6970599115139237,-0.30294008848607634
2022-11-14,95.6999969482422,-0.007364450647212473,0.6919264481974291,-0.3080735518025709
2022-11-15,98.44000244140624,0.028631197288814247,0.7117371308451182,-0.28826286915488175
2022-11-16,98.8499984741211,0.004164933183122388,0.7147014684390354,-0.28529853156096463
2022-11-17,98.36000061035156,-0.00495698402967415,0.7111587046739984,-0.28884129532600156
2022-11-18,97.43000030517578,-0.009455066077723284,0.7044346521295577,-0.2955653478704423
2022-11-21,95.5999984741211,-0.01878273453066459,0.6912034430644072,-0.3087965569355928
2022-11-22,97.0500030517578,0.015167412142053749,0.7016872105593717,-0.29831278944062833
2022-11-23,98.45999908447266,0.014528552172872189,0.7118817098070207,-0.2881182901929793
2022-11-25,97.45999908447266,-0.010156408788324911,0.7046515481532889,-0.2953484518467111
2022-11-28,96.0500030517578,-0.014467433264520713,0.69445704890564,-0.30554295109436
2022-11-29,95.19000244140624,-0.008953676033598201,0.6882391054704902,-0.31176089452950984
2022-11-30,100.98999786376952,0.060930720386664916,0.730174009965081,-0.269825990034919
2022-12-01,100.98999786376952,0.0,0.730174009965081,-0.269825990034919
2022-12-02,100.44000244140624,-0.005446038558246102,0.726197454152582,-0.27380254584741803
2022-12-05,99.4800033569336,-0.009557935694323394,0.7192565055844102,-0.28074349441558977
2022-12-06,96.9800033569336,-0.02513067868554464,0.7011811014500807,-0.2988188985499193
2022-12-07,94.94000244140624,-0.021035273715336533,0.6864315650570572,-0.31356843494294284
2022-12-08,93.70999908447266,-0.012955585899554811,0.6775384419517946,-0.3224615580482054
2022-12-09,92.83000183105467,-0.00939064413632884,0.6711759195547425,-0.32882408044525746
2022-12-12,93.30999755859376,0.005170696090393889,0.6746463662579508,-0.3253536337420492
2022-12-13,95.62999725341795,0.024863356076795018,0.6914203390881382,-0.30857966091186184
2022-12-14,95.06999969482422,-0.0058558775977975985,0.6873714662138103,-0.3126285337861897
2022-12-15,90.86000061035156,-0.044283150289121664,0.6569324922710102,-0.34306750772898975
2022-12-16,90.26000213623048,-0.006603549087503824,0.6525944063111224,-0.3474055936888776
2022-12-19,88.44000244140625,-0.020163966892857932,0.6394355143078007,-0.36056448569219934
2022-12-20,89.0199966430664,0.006558052754967125,0.6436289661440308,-0.35637103385596924
2022-12-21,89.58000183105469,0.006290779702381677,0.6476778941801146,-0.35232210581988543
2022-12-22,87.76000213623047,-0.02031703123043782,0.634519002176793,-0.365480997823207
2022-12-23,89.2300033569336,0.016750241396088716,0.6451473486336596,-0.35485265136634037
2022-12-27,87.38999938964844,-0.02062091110682651,0.6318438225066801,-0.36815617749331986
2022-12-28,86.0199966430664,-0.01567688243678267,0.6219384811828356,-0.37806151881716443
2022-12-29,88.44999694824219,0.02824924901193482,0.639507776207874,-0.360492223792126
2022-12-30,88.2300033569336,-0.002487208579976863,0.6379171869799278,-0.36208281302007217
2023-01-03,89.12000274658203,0.010087264601452484,0.6443520264388086,-0.3556479735611914
2023-01-04,88.08000183105469,-0.011669668800220356,0.6368326516995169,-0.36316734830048314
2023-01-05,86.19999694824219,-0.02134428750828732,0.6232399124869774,-0.3767600875130226
2023-01-06,87.33999633789062,0.0132250513922052,0.6314822923592912,-0.3685177076407088
2023-01-09,88.0199966430664,0.007785669036956211,0.6363988044902991,-0.36360119550970094
2023-01-10,88.41999816894531,0.004544439231246145,0.6392908801841429,-0.36070911981585707
2023-01-11,91.5199966430664,0.03505992465864893,0.6617043702783604,-0.3382956297216396
2023-01-12,91.12999725341795,-0.004261357123618303,0.6588846116463454,-0.3411153883536546
2023-01-13,92.12000274658205,0.010863662054230616,0.6660425114000043,-0.33395748859999574
2023-01-17,91.29000091552734,-0.009010006581719243,0.6600414639885854,-0.33995853601141457
2023-01-18,91.12000274658205,-0.0018621773166876965,0.6588123497462726,-0.34118765025372744
2023-01-19,93.0500030517578,0.02118086311458267,0.6727665639444449,-0.3272334360555551
2023-01-20,98.0199966430664,0.05341207338321219,0.7087004210276171,-0.2912995789723829
2023-01-23,99.79000091552734,0.01805758348376907,0.7214978380453055,-0.27850216195469446
2023-01-24,97.6999969482422,-0.02094402192715017,0.7063867715048933,-0.29361322849510674
2023-01-25,95.22000122070312,-0.025383785107515267,0.6884560014942216,-0.3115439985057784
2023-01-26,97.5199966430664,0.02415454098800418,0.7050853402007512,-0.2949146597992488
2023-01-27,99.37000274658205,0.01897053083673561,0.7184611833895598,-0.2815388166104402
2023-01-30,96.94000244140624,-0.024454062976861368,0.7008918883645211,-0.2991081116354789
2023-01-31,98.83999633789062,0.019599688968780615,0.7146291513772071,-0.28537084862279294
2023-02-01,100.43000030517578,0.016086645347998862,0.7261251370907535,-0.27387486290924645
2023-02-02,107.73999786376952,0.0727869913012138,0.7789776011277709,-0.22102239887222908
2023-02-03,104.77999877929688,-0.02747353947616904,0.7575763292521357,-0.2424236707478643
2023-02-06,102.9000015258789,-0.017942329407522717,0.743983645201352,-0.25601635479864804
2023-02-07,107.63999938964844,0.04606411849836012,0.778254595994749,-0.221745404005251
2023-02-08,99.37000274658205,-0.07683014390523779,0.7184611833895598,-0.2815388166104402
2023-02-09,95.01000213623048,-0.043876426384636735,0.6869376741663488,-0.31306232583365123
2023-02-10,94.56999969482422,-0.0046311170562375326,0.6837563853869448,-0.31624361461305517
2023-02-13,94.61000061035156,0.0004229767966208442,0.6840455984725049,-0.3159544015274951
2023-02-14,94.68000030517578,0.0007398762749459831,0.684551707581796,-0.31544829241820405
2023-02-15,96.94000244140624,0.023869899967743358,0.7008918883645213,-0.2991081116354787
2023-02-16,95.51000213623048,-0.014751395390567357,0.6905527549932149,-0.3094472450067851
2023-02-17,94.3499984741211,-0.012145363167878731,0.6821657409972431,-0.31783425900275686
2023-02-21,91.79000091552734,-0.02713298993105895,0.6636565448154516,-0.33634345518454845
2023-02-22,91.6500015258789,-0.0015252139476202853,0.6626443265968696,-0.33735567340313044
2023-02-23,90.88999938964844,-0.00829243997356477,0.6571493882947418,-0.3428506117052582
2023-02-24,89.12999725341797,-0.019364090087461427,0.6444242883388822,-0.3555757116611178
2023-02-27,89.87000274658203,0.008302541411058906,0.649774647679108,-0.350225352320892
2023-02-28,90.05999755859375,0.0021141071125532207,0.6511483408833232,-0.3488516591166768
2023-03-01,90.36000061035156,0.0033311465677381413,0.653317411444145,-0.346682588555855
2023-03-02,92.0,0.018149616850053008,0.6651748721433247,-0.3348251278566753
2023-03-03,93.6500015258789,0.017934799194335938,0.6771046499043333,-0.3228953500956667
2023-03-06,95.12999725341795,0.015803477879603456,0.687805258261273,-0.31219474173872697
2023-03-07,93.86000061035156,-0.013350117520588567,0.6786229772322062,-0.3213770227677938
2023-03-08,94.25,0.004155118123932988,0.6814427358642211,-0.3185572641357789
2023-03-09,92.31999969482422,-0.020477456818841167,0.6674885216660486,-0.33251147833395145
2023-03-10,90.62999725341795,-0.01830591905321477,0.6552695308194799,-0.3447304691805201
2023-03-13,91.11000061035156,0.00529629671720544,0.6587400326844439,-0.3412599673155561
2023-03-14,93.97000122070312,0.031390633203734364,0.6794182994270573,-0.32058170057294266
2023-03-15,96.11000061035156,0.022773218706492404,0.6948908409531028,-0.30510915904689717
2023-03-16,100.31999969482422,0.04380396480841564,0.7253298148959029,-0.27467018510409713
2023-03-17,101.62000274658205,0.012958563155028635,0.7347290471104566,-0.2652709528895434
2023-03-20,101.22000122070312,-0.003936247934143822,0.7318369714166126,-0.26816302858338736
2023-03-21,104.91999816894533,0.03655401011282966,0.7585885474707181,-0.24141145252928187
2023-03-22,103.37000274658205,-0.014773117131277824,0.7473818300044873,-0.2526181699955127
2023-03-23,105.5999984741211,0.021572948324341423,0.7635050596017259,-0.23649494039827412
2023-03-24,105.44000244140624,-0.0015151139680562586,0.7623482624212417,-0.23765173757875835
2023-03-27,102.45999908447266,-0.028262550151111676,0.7408023564219485,-0.25919764357805153
2023-03-28,101.02999877929688,-0.01395666911920257,0.7304632230506418,-0.2695367769493582
2023-03-29,101.38999938964844,0.0035633041146323485,0.7330660856589257,-0.2669339143410743
2023-03-30,100.88999938964844,-0.004931452835683192,0.7294510048320598,-0.2705489951679402
2023-03-31,103.7300033569336,0.028149509212669788,0.7499846926127711,-0.2500153073872289
2023-04-03,104.36000061035156,0.0060734332693517246,0.75453967459639,-0.24546032540360996
2023-04-04,104.72000122070312,0.0034496033752979827,0.757142537204674,-0.24285746279532605
2023-04-05,104.47000122070312,-0.0023873185359606364,0.7553349967912409,-0.24466500320875906
2023-04-06,108.41999816894533,0.037809867924644136,0.7838941132587792,-0.21610588674122078
2023-04-10,106.44000244140624,-0.018262274128189593,0.7695784240749733,-0.23042157592502666
2023-04-11,105.3499984741211,-0.010240548123673476,0.7616975191882928,-0.23830248081170724
2023-04-12,104.63999938964844,-0.006739431369304327,0.7565641110335539,-0.24343588896644608
2023-04-13,107.43000030517578,0.026662852941523818,0.7767362686668763,-0.22326373133312372
2023-04-14,108.87000274658205,0.013404099760920163,0.787147719100012,-0.21285228089998798
2023-04-17,105.97000122070312,-0.026637287156401457,0.7661802392718385,-0.23381976072816146
2023-04-18,104.5,-0.013871861883266057,0.7555518928149718,-0.24444810718502819
2023-04-19,104.18000030517578,-0.003062198036595354,0.7532382432922479,-0.24676175670775213
2023-04-20,105.29000091552734,0.010654642033979922,0.7612637271408307,-0.23873627285916932
2023-04-21,105.41000366210938,0.0011397354500766177,0.7621313663975106,-0.23786863360248944
2023-04-24,105.97000122070312,0.0053125655928143445,0.7661802392718385,-0.23381976072816146
2023-04-25,103.8499984741211,-0.020005687667840166,0.750852276707695,-0.24914772329230495
2023-04-26,103.70999908447266,-0.0013480923611502993,0.7498400584891131,-0.25015994151088694
2023-04-27,107.58999633789062,0.0374119881175361,0.7778930658473603,-0.2221069341526397
2023-04-28,107.33999633789062,-0.0023236361047440646,0.7760855254339273,-0.22391447456607272
2023-05-01,107.1999969482422,-0.0013042611740708976,0.7750733072153454,-0.2249266927846546
2023-05-02,105.31999969482422,-0.017537288310984556,0.7614806231645616,-0.23851937683543845
2023-05-03,105.41000366210938,0.0008545762205274254,0.7621313663975104,-0.23786863360248955
2023-05-04,104.69000244140624,-0.006830482835491591,0.7569256411809425,-0.24307435881905748
2023-05-05,105.56999969482422,0.008405742983056186,0.7632881635779946,-0.23671183642200544
2023-05-08,107.7699966430664,0.02083922472863331,0.7791944971515022,-0.22080550284849776
2023-05-09,107.3499984741211,-0.003897171587898818,0.7761578424957563,-0.22384215750424374
2023-05-10,111.75,0.04098743910964853,0.8079705648045272,-0.19202943519547278
2023-05-11,116.56999969482422,0.04313198832057474,0.8428199417690443,-0.1571800582309557
2023-05-12,117.51000213623048,0.008063845276375936,0.849616311375314,-0.15038368862468598
2023-05-15,116.51000213623048,-0.0085099138951652,0.8423861497215822,-0.1576138502784178
2023-05-16,119.51000213623048,0.02574886228645168,0.8640766346827775,-0.1359233653172225
2023-05-17,120.83999633789062,0.011128727118120851,0.8736927077593063,-0.1263072922406937
2023-05-18,122.83000183105467,0.01646810289202283,0.8880807691666965,-0.11191923083330346
2023-05-19,122.76000213623048,-0.0005698908554969684,0.8875746600574057,-0.1124253399425943
2023-05-22,125.0500030517578,0.018654291916564425,0.904131736863862,-0.09586826313613805
2023-05-23,122.55999755859376,-0.01991207862772648,0.8861285946296058,-0.1138714053703942
2023-05-24,120.9000015258789,-0.0135443543226349,0.8741265549685239,-0.12587344503147613
2023-05-25,123.4800033569336,0.021339965248076798,0.8927803852739733,-0.1072196147260267
2023-05-26,124.61000061035156,0.009151257067523622,0.9009504480844582,-0.09904955191554177
2023-05-30,123.66999816894533,-0.007543555387224288,0.8941540784781886,-0.10584592152181138
2023-05-31,122.87000274658205,-0.006468791414312225,0.8883699822522566,-0.11163001774774339
2023-06-01,123.72000122070312,0.006917868113620829,0.8945156086255774,-0.10548439137442256
2023-06-02,124.66999816894533,0.0076786044202141746,0.9013842401319204,-0.09861575986807958
2023-06-05,126.01000213623048,0.010748407692035666,0.9110726854320341,-0.08892731456796588
2023-06-06,127.30999755859376,0.010316605033922954,0.9204718624848319,-0.07952813751516807
2023-06-07,122.5,-0.03778177402273519,0.8856948025821438,-0.11430519741785616
2023-06-08,122.13999938964844,-0.0029387804926658267,0.8830919399738599,-0.11690806002614007
2023-06-09,122.2300033569336,0.0007368918268784164,0.8837426832068088,-0.11625731679319118
2023-06-12,123.63999938964844,0.011535596776491852,0.8939371824544575,-0.10606281754554248
2023-06-13,123.83000183105467,0.0015367392619232145,0.8953109308204283,-0.10468906917957166
2023-06-14,123.66999816894533,-0.0012921235544165466,0.8941540784781886,-0.10584592152181138
2023-06-15,125.08999633789062,0.011482155655937243,0.9044208947876663,-0.0955791052123337
2023-06-16,123.52999877929688,-0.012471001712878071,0.8931418602596066,-0.10685813974039338
2023-06-20,123.0999984741211,-0.003480938309924464,0.8900328885420318,-0.10996711145796823
2023-06-21,120.5500030517578,-0.020714829033075643,0.8715960094220692,-0.12840399057793084
2023-06-22,123.1500015258789,0.02156780098134714,0.8903944186894207,-0.10960558131057929
2023-06-23,122.33999633789062,-0.006577386747478542,0.884537950239904,-0.115462049760096
2023-06-26,118.33999633789062,-0.03269576687702691,0.8556173036249769,-0.1443826963750231
2023-06-27,118.33000183105467,-8.445586568561758e-05,0.8555450417249036,-0.14445495827509636
2023-06-28,120.18000030517578,0.015634230081078115,0.8689208297519564,-0.1310791702480436
2023-06-29,119.0999984741211,-0.008986535432785936,0.8611122419271047,-0.13888775807289533
2023-06-30,119.6999969482422,0.005037770628111948,0.8654503278869927,-0.13454967211300728
2023-07-03,119.9000015258789,0.0016708820612851838,0.8668963933147925,-0.1331036066852075
2023-07-05,121.75,0.015429511681213759,0.8802721813418452,-0.11972781865815485
2023-07-06,120.11000061035156,-0.01347022085953542,0.8684147206426654,-0.13158527935733455
2023-07-07,119.4800033569336,-0.005245169013542328,0.8638597386590465,-0.13614026134095347
2023-07-10,116.4499969482422,-0.025359945794775185,0.8419523025123644,-0.15804769748763559
2023-07-11,117.13999938964844,0.005925310944515649,0.8469411317052011,-0.15305886829479887
2023-07-12,118.93000030517578,0.01528086840408105,0.8598831276847918,-0.1401168723152082
2023-07-13,124.54000091552734,0.04717060956828578,0.9004443389751675,-0.09955566102483249
2023-07-14,125.41999816894533,0.007065980784879411,0.9068068613722194,-0.09319313862778056
2023-07-17,124.6500015258789,-0.006139345035145127,0.9012396611700184,-0.09876033882998159
2023-07-18,123.76000213623048,-0.007139986993611402,0.8948048217111377,-0.10519517828886227
2023-07-19,122.02999877929688,-0.013978695273690112,0.8822966177790091,-0.11770338222099086
2023-07-20,119.1999969482422,-0.02319103383892518,0.8618352470601269,-0.13816475293987307
2023-07-21,120.0199966430664,0.006879192246793897,0.8677639774097167,-0.13223602259028333
2023-07-24,121.52999877929688,0.012581254611438997,0.8786815369521433,-0.12131846304785665
2023-07-25,122.20999908447266,0.005595328824208101,0.8835980490831512,-0.1164019509168488
2023-07-26,129.27000427246094,0.057769456189164625,0.9346430278684916,-0.06535697213150837
2023-07-27,129.39999389648438,0.0010055667960640058,0.9355828738634889,-0.06441712613651107
2023-07-28,132.5800018310547,0.02457502383743715,0.9585748452905821,-0.04142515470941788
2023-07-31,132.72000122070312,0.0010559615908500852,0.959587063509164,-0.04041293649083599
2023-08-01,131.5500030517578,-0.008815537659615402,0.9511277876131192,-0.048872212386880776
2023-08-02,128.3800048828125,-0.02409728692821156,0.9282081884096108,-0.07179181159038917
2023-08-03,128.4499969482422,0.0005451944443652934,0.9287142423571462,-0.07128575764285383
2023-08-04,128.11000061035156,-0.0026469158892049593,0.9262560138725201,-0.0737439861274799
2023-08-07,131.52999877929688,0.026695793869732976,0.9509831534894614,-0.049016846510538614
2023-08-08,131.39999389648438,-0.0009884048051322925,0.9500431971709525,-0.049956802829047464
2023-08-09,129.66000366210938,-0.013241935427681595,0.9374627865005066,-0.06253721349949337
2023-08-10,129.69000244140625,0.00023136494253894746,0.9376796825242377,-0.06232031747576228
2023-08-11,129.55999755859375,-0.0010024279463733965,0.9367397262057289,-0.06326027379427113
2023-08-14,131.3300018310547,0.013661657192147292,0.9495371432234174,-0.050462856776582576
2023-08-15,129.77999877929688,-0.011802353081147188,0.9383303705954308,-0.061669629404569215
2023-08-16,128.6999969482422,-0.008321789499253551,0.9305217827705791,-0.06947821722942094
2023-08-17,129.9199981689453,0.009479419189059923,0.9393425888140128,-0.06065741118598722
2023-08-18,127.45999908447266,-0.018934722284045358,0.9215563977652432,-0.07844360223475677
2023-08-21,128.3699951171875,0.007139463669003643,0.928135816186026,-0.07186418381397397
2023-08-22,129.0800018310547,0.005530939790244771,0.9332692795025206,-0.06673072049747941
2023-08-23,132.3699951171875,0.02548801703953263,0.9570564628009531,-0.042943537199046866
2023-08-24,129.77999877929688,-0.01956634005763691,0.9383303705954306,-0.06166962940456944
2023-08-25,129.8800048828125,0.0007705817880743204,0.9390534308902084,-0.06094656910979157
2023-08-28,131.00999450683594,0.008700258558220764,0.9472234385389375,-0.052776561461062466
2023-08-29,134.57000732421875,0.02717359718076362,0.9729629066979725,-0.027037093302027526
2023-08-30,135.8800048828125,0.00973469188745435,0.9824344008125993,-0.01756559918740075
2023-08-31,136.1699981689453,0.0021341866037090096,0.9845310991498364,-0.015468900850163614
2023-09-01,135.66000366210938,-0.0037452780619354753,0.9808437564228972,-0.01915624357710277
2023-09-05,135.77000427246094,0.0008108551332899339,0.9816390786177481,-0.01836092138225187
2023-09-06,134.4600067138672,-0.00964865226022138,0.9721675845031214,-0.02783241549687865
2023-09-07,135.25999450683594,0.005949633742553084,0.9779516255672974,-0.022048374432702578
2023-09-08,136.3800048828125,0.008280426005192298,0.9860494816394649,-0.013950518360535069
2023-09-11,136.9199981689453,0.00395947548613762,0.9899537203901351,-0.010046279609864928
2023-09-12,135.33999633789062,-0.011539598686709951,0.9785300517384175,-0.02146994826158255
2023-09-13,136.7100067138672,0.010122730996358076,0.9884354482240179,-0.011564551775982146
2023-09-14,138.10000610351562,0.01016750289945989,0.9984853685097644,-0.0015146314902355629
2023-09-15,137.39999389648438,-0.005068878900023721,0.9934241670933429,-0.006575832906657086
2023-09-18,138.2100067138672,0.005895290053601121,0.9992806907046152,-0.0007193092953847735
2023-09-19,138.0399932861328,-0.0012301093949467212,0.9980514661387906,-0.0019485338612094116
2023-09-20,133.74000549316406,-0.03115030427490406,0.9669618592865532,-0.033038140713446795
2023-09-21,130.44000244140625,-0.02467476384189682,0.9431023037645361,-0.056897696235463924
2023-09-22,130.25,-0.001456627091766527,0.9417285553985653,-0.05827144460143474
2023-09-25,131.11000061035156,0.006602691826115725,0.9479464988337152,-0.05205350116628482
2023-09-26,128.57000732421875,-0.0193729942362022,0.9295819367755815,-0.07041806322441846
2023-09-27,130.5399932861328,0.015322282411840416,0.9438252537358026,-0.056174746264197384
2023-09-28,132.30999755859375,0.013559095782862851,0.9566226707534912,-0.04337732924650883
2023-09-29,130.86000061035156,-0.010959088315303234,0.9461389584202824,-0.053861041579717606
2023-10-02,134.1699981689453,0.025294188775450088,0.9700707758423728,-0.02992922415762722
2023-10-03,132.42999267578125,-0.012968663016400095,0.9574902548484152,-0.04250974515158479
2023-10-04,135.24000549316406,0.021218855038845685,0.9778071017671511,-0.022192898232848868
2023-10-05,135.07000732421875,-0.001257010958594651,0.9765779875248382,-0.023422012475161846
2023-10-06,137.5800018310547,0.018582915308585246,0.9947256535592408,-0.005274346440759192
2023-10-09,138.4199981689453,0.006105511896431937,1.0007989628707328,0.0007989628707327778
2023-10-10,138.05999755859375,-0.002600784677891488,0.9981961002624489,-0.001803899737551129
2023-10-11,140.5500030517578,0.018035676786878785,1.0161992424967052,0.016199242496705235
2023-10-12,138.97000122070312,-0.011241563833142343,1.0047755738449877,0.004775573844987724
2023-10-13,137.36000061035156,-0.011585238513416085,0.993135009169539,-0.006864990830460993
2023-10-16,139.10000610351562,0.012667483149624736,1.0057155301634966,0.005715530163496574
2023-10-17,139.72000122070312,0.004457189719503818,1.0101981950852867,0.010198195085286743
2023-10-18,137.9600067138672,-0.01259658238948791,0.997473150291183,-0.0025268497088170028
2023-10-19,137.75,-0.0015222289333658434,0.9959547678015542,-0.0040452321984457695
2023-10-20,135.60000610351562,-0.015607941172300355,0.9804099643754355,-0.019590035624564517
2023-10-23,136.5,0.006637122831671061,0.9869170657343895,-0.013082934265610469
2023-10-24,138.80999755859375,0.016923059037316834,1.0036187215027481,0.0036187215027481123
2023-10-25,125.61000061035156,-0.09509399308699129,0.9081806097381907,-0.0918193902618093
2023-10-26,122.27999877929688,-0.02651064258318503,0.8841041581924425,-0.11589584180755752
2023-10-27,122.16999816894533,-0.0008995797468897004,0.8833088359975916,-0.11669116400240842
2023-10-30,124.45999908447266,0.018744380370379954,0.899865912804048,-0.10013408719595196
2023-10-31,124.08000183105467,-0.003053167734318185,0.8971184712338619,-0.1028815287661381
2023-11-01,126.4499969482422,0.019100540636793895,0.9142539190496827,-0.08574608095031733
2023-11-02,127.48999786376952,0.008224602140188386,0.9217732937889743,-0.07822670621102568
2023-11-03,129.10000610351562,0.012628506288520747,0.9334139136261789,-0.06658608637382113
2023-11-06,130.25,0.008907775694156683,0.9417285553985658,-0.058271444601434186
2023-11-07,130.97000122070312,0.005527840466050815,0.9469342806151336,-0.05306571938486637
2023-11-08,131.83999633789062,0.006642705268983251,0.9532244859503567,-0.04677551404964331
2023-11-09,130.24000549316406,-0.012135853224889193,0.9416562934984927,-0.05834370650150733
2023-11-10,132.58999633789062,0.01804354073718084,0.9586471071906555,-0.04135289280934451
2023-11-13,132.08999633789062,-0.003771023559920761,0.9550320263637897,-0.0449679736362103
2023-11-14,133.6199951171875,0.011583002662692854,0.9660941648681184,-0.03390583513188161
2023-11-15,134.6199951171875,0.007483909867853189,0.9733243265218503,-0.026675673478149697
2023-11-16,136.92999267578125,0.017159394164164787,0.990025982290209,-0.009974017709791005
2023-11-17,135.30999755859375,-0.011830827458110482,0.9783131557146871,-0.021686844285312867
2023-11-20,136.25,0.006947028736728811,0.9851095253209569,-0.014890474679043142
2023-11-21,136.97000122070312,0.005284412629013691,0.9903152505375246,-0.00968474946247544
2023-11-22,138.49000549316406,0.011097351674924205,1.00130512714178,0.0013051271417801047
2023-11-24,136.69000244140625,-0.01299734984736256,0.9882908141003606,-0.01170918589963943
2023-11-27,136.41000366210938,-0.0020484217886885814,0.9862663776631966,-0.01373362233680342
2023-11-28,137.1999969482422,0.005791314895714272,0.9919781568272996,-0.008021843172700382
2023-11-29,134.99000549316406,-0.016107809797633044,0.9759995613537189,-0.024000438646281097
2023-11-30,132.52999877929688,-0.018223621110910804,0.9582133151431936,-0.041786684856806366
2023-12-01,131.86000061035156,-0.005055445371738521,0.9533691200740148,-0.04663087992598525
2023-12-04,129.27000427246094,-0.01964201672912247,0.9346430278684922,-0.06535697213150782
2023-12-05,130.99000549316406,0.013305493647837174,0.9470789147387917,-0.05292108526120831
2023-12-06,130.02000427246094,-0.007405154439464101,0.9400656491087909,-0.05993435089120913
2023-12-07,136.92999267578125,0.05314557895906713,0.9900259822902088,-0.009974017709791227
2023-12-08,134.99000549316406,-0.014167730127691125,0.9759995613537188,-0.024000438646281208
2023-12-11,133.2899932861328,-0.01259361536300807,0.9637081982835655,-0.036291801716434535
2023-12-12,132.52000427246094,-0.005776795351913222,0.9581410532431203,-0.041858946756879734
2023-12-13,132.57000732421875,0.00037732455588379565,0.9585025833905093,-0.04149741660949069
2023-12-14,131.94000244140625,-0.004752242950939345,0.9539475462451346,-0.04605245375486544
2023-12-15,132.60000610351562,0.005002301424107403,0.9587194794142404,-0.041280520585759595
2023-12-18,135.8000030517578,0.024132705889501116,0.9818559746414799,-0.01814402535852011
2023-12-19,136.64999389648438,0.006259137154824623,0.9880015458530449,-0.011998454146955106
2023-12-20,138.33999633789062,0.012367380291919083,1.0002205366996135,0.00022053669961352718
2023-12-21,140.4199981689453,0.015035433613677096,1.015259286178197,0.015259286178197051
2023-12-22,141.49000549316406,0.007620049410137275,1.0229956121029755,0.022995612102975516
2023-12-26,141.52000427246094,0.0002120204829472172,1.0232125081267065,0.0232125081267065
2023-12-27,140.3699951171875,-0.008126124367968446,1.014897756030808,0.014897756030807896
2023-12-28,140.22999572753906,-0.000997359795671171,1.0138855378122258,0.01388553781222579
2023-12-29,139.69000244140625,-0.0038507687555092707,1.0099812990615558,0.00998129906155576
2024-01-02,138.1699981689453,-0.010881267419968088,0.9989914224573002,-0.0010085775426997845
2024-01-03,138.9199981689453,0.005428095895919194,1.0044140436975992,0.004414043697599235
2024-01-04,136.38999938964844,-0.01821191198275185,0.9861217435395387,-0.013878256460461258
2024-01-05,135.72999572753906,-0.004839091319473021,0.981349810370433,-0.018650189629566993
2024-01-08,138.83999633789062,0.022913141591741404,1.0038356175264793,0.003835617526479318
2024-01-09,140.9499969482422,0.015197354263943641,1.0190912630287938,0.019091263028793826
2024-01-10,142.27999877929688,0.00943598339731122,1.0287073912670786,0.028707391267078552
2024-01-11,142.0800018310547,-0.001405657506030944,1.0272613810010345,0.02726138100103448
2024-01-12,142.64999389648438,0.004011768426829487,1.0313825157754357,0.031382515775435715
2024-01-16,142.49000549316406,-0.0011215451115715869,1.0302257737567073,0.03022577375670732
2024-01-17,141.47000122070312,-0.007158426788816952,1.0228509779793176,0.022850977979317566
2024-01-18,143.47999572753906,0.01420792033287821,1.0373835631868542,0.03738356318685421
2024-01-19,146.3800048828125,0.020211940630249225,1.0583510981767834,0.05835109817678341
2024-01-22,145.99000549316406,-0.0026642941429101397,1.0555313395447685,0.05553133954476852
2024-01-23,147.0399932861328,0.007192189557235995,1.0631229210223778,0.06312292102237782
2024-01-24,148.6999969482422,0.011289470469976637,1.0751250158452152,0.07512501584521525
2024-01-25,151.8699951171875,0.02131807823808285,1.0980446150487235,0.09804461504872353
2024-01-26,152.19000244140625,0.0021071135478196723,1.1003583197332032,0.1003583197332032
2024-01-29,153.50999450683594,0.008673316540210196,1.109902075747903,0.109902075747903
2024-01-30,151.4600067138672,-0.01335409983926139,1.0950803326165621,0.09508033261656212
2024-01-31,140.10000610351562,-0.07500330190670379,1.0129456918172286,0.0129456918172286
2024-02-01,141.16000366210938,0.007566006512594647,1.0206096455184224,0.02060964551842237
2024-02-02,142.3800048828125,0.008642683402186657,1.029430451561856,0.029430451561855975
2024-02-05,143.67999267578125,0.009130409807463602,1.038829573452898,0.03882957345289806
2024-02-06,144.10000610351562,0.0029232561883696384,1.0418663384321556,0.04186633843215559
2024-02-07,145.5399932861328,0.009992971003642825,1.0522776785417796,0.05227767854177956
2024-02-08,145.91000366210938,0.0025423278345844125,1.0549529133736482,0.05495291337364816
2024-02-09,149.0,0.021177412516870886,1.0772940864060367,0.07729408640603674
2024-02-12,147.52999877929688,-0.009865780004718938,1.0666657399491701,0.06666573994917013
2024-02-13,145.13999938964844,-0.016200090892862007,1.0493856580096916,0.049385658009691635
2024-02-14,145.94000244140625,0.005511940575458452,1.0551698093973794,0.055169809397379366
2024-02-15,142.77000427246094,-0.02172124240040385,1.0322502101938709,0.032250210193870865
2024-02-16,140.52000427246094,-0.015759612892538133,1.0159823464729743,0.01598234647297425
2024-02-20,141.1199951171875,0.004269789542300506,1.0203203772711065,0.02032037727110647
2024-02-21,142.5500030517578,0.010133276530960966,1.030659565804169,0.030659565804169064
2024-02-22,144.08999633789062,0.01080317960830679,1.041793966208571,0.0417939662085709
2024-02-23,143.9600067138672,-0.000902141906635956,1.0408541202135737,0.04085412021357371
2024-02-26,137.57000732421875,-0.044387323504013865,0.9946533916591681,-0.005346608340831893
2024-02-27,138.8800048828125,0.009522406693680097,1.004124885773795,0.004124885773794995
2024-02-28,136.3800048828125,-0.018001151440839247,0.9860494816394655,-0.013950518360534514
2024-02-29,138.4600067138672,0.015251516033028212,1.001088231118049,0.001088231118048899
2024-03-01,137.13999938964844,-0.009533491695884355,0.9915443647798374,-0.008455635220162572
2024-03-04,133.35000610351562,-0.027635943583202982,0.964142100654539,-0.03585789934546102
2024-03-05,132.6699981689453,-0.005099421848113295,0.9592255333617754,-0.040774466638224593
2024-03-06,131.39999389648438,-0.00957265613920999,0.9500431971709529,-0.04995680282904713
2024-03-07,134.3800048828125,0.022678927890025236,0.971589158332002,-0.02841084166799801
2024-03-08,135.41000366210938,0.007664821713580849,0.9790362160094649,-0.020963783990535112
2024-03-11,137.6699981689453,0.01669001141507498,0.9953763416304346,-0.004623658369565353
2024-03-12,138.5,0.006028923092133098,1.0013773890418534,0.0013773890418533608
2024-03-13,139.7899932861328,0.009314030946807383,1.0107042490328224,0.01070424903282241
2024-03-14,143.10000610351562,0.02367846753241931,1.0346361767784242,0.03463617677842423
2024-03-15,141.17999267578125,-0.013417284038027777,1.020754169318569,0.020754169318569105
2024-03-18,147.67999267578125,0.046040518042292256,1.0677502200678257,0.06775022006782572
2024-03-19,147.02999877929688,-0.00440136733965979,1.0630506591223046,0.06305065912230456
2024-03-20,148.74000549316406,0.011630325294595512,1.0754142840925311,0.07541428409253115
2024-03-21,147.60000610351562,-0.00766437641217399,1.0671719042202175,0.06717190422021746
2024-03-22,150.77000427246094,0.021476951476018913,1.0900915034237257,0.09009150342372574
2024-03-25,150.07000732421875,-0.0046428130822175895,1.0850304123308159,0.08503041233081587
2024-03-26,150.6699981689453,0.003998073002224212,1.0893684431289479,0.08936844312894787
2024-03-27,150.8699951171875,0.0013273840225174194,1.090814453394992,0.09081445339499195
2024-03-28,150.92999267578125,0.0003976772090907854,1.091248245442454,0.09124824544245391
2024-04-01,155.49000549316406,0.03021276776431292,1.1242178752552208,0.12421787525522077
2024-04-02,154.55999755859375,-0.005981142849796894,1.1174937675490242,0.11749376754902419
2024-04-03,154.9199981689453,0.0023291965323375408,1.120096630157308,0.12009663015730809
2024-04-04,150.52999877929688,-0.028337202695167818,1.088356224910366,0.08835622491036599
2024-04-05,152.5,0.013087100489461267,1.1025996521940986,0.10259965219409861
2024-04-08,154.85000610351562,0.015409876088626984,1.1195905762097729,0.11959057620977287
2024-04-09,156.60000610351562,0.011301258837730588,1.1322433591038035,0.13224335910380347
2024-04-10,156.13999938964844,-0.0029374629370264582,1.1289174362007417,0.1289174362007417
2024-04-11,159.41000366210938,0.020942771136437832,1.152560095699028,0.15256009569902806
2024-04-12,157.72999572753906,-0.010538911586322475,1.1404133667525327,0.1404133667525327
2024-04-15,154.86000061035156,-0.018195620331754148,1.1196628381098461,0.11966283810984613
2024-04-16,154.39999389648438,-0.0029704682426330287,1.1163369152067844,0.11633691520678435
2024-04-17,155.47000122070312,0.006930099524071975,1.1240732411315628,0.12407324113156282
2024-04-18,156.00999450683594,0.0034732956962304495,1.1279774798822328,0.12797747988223285
2024-04-19,154.08999633789062,-0.0123068921001801,1.1140955827458892,0.11409558274588916
2024-04-22,156.27999877929688,0.014212489411733031,1.1299296544193236,0.12992965441932358
2024-04-23,158.25999450683594,0.012669540203511742,1.1442453436031292,0.14424534360312924
2024-04-24,159.1300048828125,0.005497348705765237,1.1505356592618639,0.15053565926186385
2024-04-25,156.0,-0.01966948272965563,1.1279052179821596,0.1279052179821596
2024-04-26,171.9499969482422,0.10224357018103958,1.2432262742944793,0.2432262742944793
2024-04-29,166.14999389648438,-0.033730754025565024,1.2012913146381325,0.20129131463813255
2024-04-30,162.77999877929688,-0.020282848275559373,1.17692570516858,0.17692570516857997
2024-05-01,163.86000061035156,0.00663473300868489,1.1847342929934317,0.1847342929934317
2024-05-02,166.6199951171875,0.016843613429484927,1.2046894994412671,0.20468949944126713
2024-05-03,167.24000549316406,0.003721104274072795,1.2091722746865687,0.20917227468656874
2024-05-06,168.10000610351562,0.005142313932695375,1.2153902181217184,0.21539021812171844
2024-05-07,171.25,0.01873880893582247,1.238165183201569,0.238165183201569
2024-05-08,169.3800048828125,-0.010919679516423364,1.2246448162126142,0.22464481621261423
2024-05-09,169.9600067138672,0.0034242638702011163,1.2288383232106002,0.22883832321060016
2024-05-10,168.64999389648438,-0.007707771038090505,1.2193667187724617,0.21936671877246172
2024-05-13,169.13999938964844,0.0029054581138308055,1.2229095376992545,0.22290953769925448
2024-05-14,170.33999633789062,0.007094696420553603,1.2315857096190301,0.23158570961903013
2024-05-15,172.50999450683594,0.012739216951964893,1.2472751471688066,0.2472751471688066
2024-05-16,174.17999267578125,0.009680587920250172,1.2593495038917173,0.2593495038917173
2024-05-17,176.05999755859375,0.010793460568757407,1.2729422431042567,0.27294224310425674
2024-05-20,176.9199981689453,0.004884701932733826,1.2791601865394067,0.27916018653940666
2024-05-21,177.85000610351562,0.005256658061245423,1.2858842942456032,0.28588429424560324
2024-05-22,176.3800048828125,-0.008265398764437104,1.2752559477887366,0.27525594778873663
2024-05-23,173.5500030517578,-0.016044912987358995,1.2547945770698543,0.2547945770698543
2024-05-24,174.99000549316406,0.00829733457842008,1.26520602750299,0.26520602750298994
2024-05-28,176.39999389648438,0.00805753676815213,1.275400471588883,0.2754004715888829
2024-05-29,175.89999389648438,-0.002834467218255199,1.271785390762017,0.2717853907620169
2024-05-30,172.11000061035156,-0.021546295722802533,1.2443831266367185,0.24438312663671846
2024-05-31,172.5,0.002265989124777157,1.2472028852687334,0.24720288526873335
2024-06-03,173.1699981689453,0.003884047356204734,1.2520470803379122,0.25204708033791223
2024-06-04,173.7899932861328,0.0035802686593704447,1.2565297452597024,0.2565297452597024
2024-06-05,175.41000366210938,0.00932165509270333,1.2682426821587358,0.2682426821587358
2024-06-06,176.72999572753906,0.007525181220407351,1.2777864381734358,0.27778643817343585
2024-06-07,174.4600067138672,-0.012844390134946093,1.2613740506523932,0.26137405065239316
2024-06-10,175.00999450683594,0.003152515028104874,1.2653505513031365,0.26535055130313645
2024-06-11,176.6199951171875,0.009199478092027924,1.2769911159785852,0.27699111597858517
2024-06-12,177.7899932861328,0.0066243811645958495,1.2854503918746298,0.28545039187462984
2024-06-13,175.16000366210938,-0.014792675197364824,1.266435141745303,0.26643514174530303
2024-06-14,176.7899932861328,0.009305718143097108,1.278220230220898,0.27822023022089803
2024-06-17,177.24000549316406,0.0025454619838289894,1.2814738912238866,0.28147389122388655
2024-06-18,175.08999633789062,-0.012130495873610037,1.2659289774742561,0.26592897747425615
2024-06-20,176.3000030517578,0.006910770113514042,1.2746775216176167,0.2746775216176167
2024-06-21,179.6300048828125,0.01888826870908833,1.298753973163365,0.29875397316336505
2024-06-24,179.22000122070312,-0.0022824898455959808,1.2957895804076922,0.2957895804076922
2024-06-25,184.02999877929688,0.026838508681128692,1.3305666403103802,0.3305666403103802
2024-06-26,183.8800048828125,-0.0008150513366261825,1.329482160191725,0.32948216019172505
2024-06-27,185.41000366210932,0.008320637038659484,1.3405442986960534,0.3405442986960534
2024-06-28,182.1499938964844,-0.017582706980395435,1.316973901097841,0.31697390109784096
2024-07-01,182.9900054931641,0.0046116476795330374,1.3230473207328444,0.32304732073284437
2024-07-02,185.2400054931641,0.012295753497226114,1.339315184453741,0.339315184453741
2024-07-03,185.82000732421875,0.003131082994251244,1.3435086914517265,0.34350869145172647
2024-07-05,190.6000061035156,0.02572381116612865,1.3780688553306832,0.37806885533068324
2024-07-08,189.02999877929688,-0.008237184018588306,1.366717448579039,0.366717448579039
2024-07-09,188.97999572753903,-0.0002645244251217038,1.3663559184316498,0.36635591843164983
2024-07-10,191.17999267578125,0.011641427653612979,1.3822622520051577,0.38226225200515773
2024-07-11,185.57000732421875,-0.029343998150875406,1.3417011510382935,0.34170115103829346
2024-07-12,185.07000732421875,-0.002694400928305307,1.3380860702114277,0.33808607021142767
2024-07-15,186.52999877929688,0.007888860416590315,1.3486420444447096,0.3486420444447096
2024-07-16,183.9199981689453,-0.013992390647253106,1.329771318115529,0.32977131811552907
2024-07-17,181.0200042724609,-0.015767692069138306,1.3088038934491113,0.3088038934491113
2024-07-18,177.69000244140625,-0.018395767055902512,1.2847274419033632,0.2847274419033632
2024-07-19,177.66000366210938,-0.00016882648930549582,1.2845105458796322,0.2845105458796322
2024-07-22,181.6699981689453,0.02257117203747505,1.3135034543946325,0.31350345439463245
2024-07-23,181.7899932861328,0.0006605114680295898,1.3143710384895566,0.3143710384895566
2024-07-24,172.6300048828125,-0.050387748179861136,1.2481428415872422,0.2481428415872422
2024-07-25,167.27999877929688,-0.030991171593532707,1.2094614326103725,0.20946143261037253
2024-07-26,167.0,-0.001673832982664547,1.2074369961732085,0.20743699617320854
2024-07-29,169.52999877929688,0.015149693289202792,1.225729296331269,0.22572929633126892
2024-07-30,170.2899932861328,0.0044829499929706085,1.231224179471641,0.23122417947164098
2024-07-31,171.5399932861328,0.007340419574153545,1.2402618815388058,0.2402618815388058
2024-08-01,170.75999450683594,-0.004547037482949046,1.234622364274776,0.234622364274776
2024-08-02,166.66000366210938,-0.024010254020958244,1.2049787676885826,0.20497876768858259
2024-08-05,159.25,-0.04446179946769113,1.1514032433567873,0.15140324335678734
2024-08-06,158.2899932861328,-0.006028299616120503,1.1444622396268598,0.14446223962685978
2024-08-07,158.94000244140625,0.004106445023965843,1.1491619108958924,0.14916191089589237
2024-08-08,162.02999877929688,0.019441275263788693,1.1715030839282807,0.17150308392828073
2024-08-09,163.6699981689453,0.010121578732357417,1.1833605446274604,0.18336054462746043
2024-08-12,162.2899932861328,-0.008431630098681975,1.1733828862417868,0.17338288624178677
2024-08-13,164.16000366210938,0.011522647441851497,1.186903363554253,0.18690336355425297
2024-08-14,160.3699951171875,-0.02308728350617517,1.159500989105443,0.15950098910544308
2024-08-15,161.3000030517578,0.005799139258504837,1.1662250968116397,0.16622509681163966
2024-08-16,162.9600067138672,0.010291405026053857,1.178227191634477,0.1782271916344771
2024-08-19,166.6699981689453,0.022766269650395188,1.2050510295886554,0.2050510295886554
2024-08-20,167.17999267578125,0.0030599058765152787,1.2087383723155944,0.20873837231559444
2024-08-21,165.85000610351562,-0.007955417098533535,1.1991223544008214,0.19912235440082138
2024-08-22,163.8000030517578,-0.012360584723031587,1.1843005009459688,0.18430050094596884
2024-08-23,165.6199951171875,0.011111062463500687,1.1974593377875347,0.19745933778753466
2024-08-26,166.16000366210938,0.0032605274776138504,1.2013636868617161,0.20136368686171613
2024-08-27,164.67999267578125,-0.008907143438307563,1.1906629681812648,0.19066296818126482
2024-08-28,162.85000610351562,-0.011112379485396673,1.1774318694396257,0.17743186943962574
2024-08-29,161.77999877929688,-0.006570508345812409,1.1696955435148473,0.16969554351484728
2024-08-30,163.3800048828125,0.009890011840699708,1.1812638462902227,0.18126384629022274
2024-09-03,157.36000061035156,-0.03684664030203022,1.1377382422441742,0.1377382422441742
2024-09-04,156.4499969482422,-0.005782941399210428,1.1311587686616356,0.13115876866163556
2024-09-05,157.24000549316406,0.00504959130924898,1.13687065814925,0.13687065814925004
2024-09-06,150.9199981689453,-0.04019338020497276,1.0911759835423795,0.09117598354237955
2024-09-09,148.7100067138672,-0.014643463304340743,1.0751973880687988,0.07519738806879883
2024-09-10,148.66000366210938,-0.0003362453735479276,1.07483585792141,0.0748358579214099
2024-09-11,151.16000366210938,0.01681689720445778,1.0929112620557395,0.09291126205573952
2024-09-12,154.69000244140625,0.023352730178463954,1.1184337238675317,0.1184337238675317
2024-09-13,157.4600067138672,0.017906808641432237,1.138461302538952,0.13846130253895206
2024-09-16,158.05999755859375,0.0038104332474522273,1.1427993333370843,0.14279933333708428
2024-09-17,159.32000732421875,0.007971718240460612,1.1519094076278338,0.15190940762783378
2024-09-18,159.80999755859375,0.003075509740455118,1.155452116231115,0.1554521162311151
2024-09-19,162.13999938964844,0.01457982520899792,1.1722984061231314,0.1722984061231314
2024-09-20,163.58999633789062,0.008942870073396447,1.1827821184563403,0.1827821184563403
2024-09-23,161.85000610351562,-0.010636287507343023,1.1702017077858944,0.17020170778589438
2024-09-24,162.2899932861328,0.002718487278497772,1.1733828862417868,0.17338288624178677
2024-09-25,161.49000549316406,-0.004929372272252763,1.1675988451776105,0.16759884517761048
2024-09-26,162.72999572753906,0.007678433291201436,1.1765641750211906,0.1765641750211906
2024-09-27,163.9499969482422,0.007497088752744796,1.1853849810646244,0.18538498106462442
2024-09-30,165.85000610351562,0.011588955112169064,1.1991223544008218,0.19912235440082182
2024-10-01,166.99000549316406,0.0068736771039785705,1.2073647342731357,0.20736473427313573
2024-10-02,165.86000061035156,-0.006766901285351179,1.199194616300895,0.19919461630089508
2024-10-03,165.86000061035156,0.0,1.199194616300895,0.19919461630089508
2024-10-04,167.05999755859375,0.007234999058400415,1.207870788220671,0.20787078822067095
2024-10-07,162.97999572753906,-0.02442237454016294,1.1783717154346238,0.17837171543462382
2024-10-08,164.3800048828125,0.008590067443699612,1.1884940079439552,0.1884940079439552
2024-10-09,161.86000061035156,-0.015330357693184582,1.1702739696859679,0.17027396968596786
2024-10-10,162.0800018310547,0.001359206844640637,1.1718646140756699,0.17186461407566989
2024-10-11,163.24000549316406,0.00715698203976145,1.1802516280716415,0.18025162807164152
2024-10-14,164.9600067138672,0.010536640301541444,1.1926875149419411,0.19268751494194114
2024-10-15,165.4600067138672,0.003031037703989048,1.1963025957688072,0.19630259576880715
2024-10-16,165.16000366210938,-0.0018131454102779943,1.1941335252079852,0.1941335252079852
2024-10-17,162.92999267578125,-0.013502124829752216,1.178010185287235,0.1780101852872349
2024-10-18,163.4199981689453,0.003007460352245417,1.1815530042140274,0.18155300421402742
2024-10-21,164.07000732421875,0.003977537403968556,1.1862526754830602,0.18625267548306024
2024-10-22,165.13999938964844,0.006521557979303871,1.1939888910843273,0.19398889108432726
2024-10-23,162.77999877929688,-0.014290908435715344,1.1769257051685797,0.17692570516857975
2024-10-24,162.72000122070312,-0.000368580655139894,1.1764919131211178,0.17649191312111778
2024-10-25,165.27000427246094,0.01567111008252242,1.1949288474028361,0.19492884740283611
2024-10-28,166.72000122070312,0.00877350342323302,1.2054125597360448,0.20541255973604478
2024-10-29,169.67999267578125,0.017754267234917354,1.2268137764499243,0.2268137764499243
2024-10-30,174.4600067138672,0.028170758158974074,1.2613740506523927,0.2613740506523927
2024-10-31,171.11000061035156,-0.01920214361226058,1.2371529649829867,0.23715296498298666
2024-11-01,171.2899932861328,0.001051912074917949,1.2384543411253728,0.23845434112537278
2024-11-04,169.24000549316406,-0.011967936676512858,1.223632597994032,0.2236325979940319
2024-11-05,169.74000549316406,0.0029543842104176044,1.2272476788208977,0.2272476788208977
2024-11-06,176.50999450683594,0.0398844632648756,1.2761957937837336,0.2761957937837336
2024-11-07,180.75,0.024021333777787035,1.3068517189120206,0.30685171891202057
2024-11-08,178.35000610351562,-0.013277974531033854,1.289499375072469,0.28949937507246903
2024-11-11,180.3500061035156,0.011213904858736967,1.3039596983799324,0.3039596983799324
2024-11-12,181.6199951171875,0.007041801889061006,1.3131419242472437,0.31314192424724374
2024-11-13,178.8800048828125,-0.015086390860252319,1.293331351923066,0.29333135192306603
2024-11-14,175.5800018310547,-0.018448138202588393,1.269471796401049,0.2694717964010489
2024-11-15,172.49000549316406,-0.017598794314080624,1.2471306233686603,0.24713062336866032
2024-11-18,175.3000030517578,0.016290784793934643,1.2674473599638847,0.2674473599638847
2024-11-19,178.1199951171875,0.016086662956857234,1.2878363584591823,0.2878363584591823
2024-11-20,175.97999572753906,-0.012014369235977762,1.2723638169331366,0.2723638169331366
2024-11-21,167.6300048828125,-0.047448522829006246,1.2119920333185832,0.21199203331858318
2024-11-22,164.75999450683594,-0.01712110178594184,1.1912413943523852,0.19124139435238519
2024-11-25,167.64999389648438,0.017540662090326453,1.2121365571187297,0.2121365571187297
2024-11-26,169.1199951171875,0.008768274823861777,1.2227649035755963,0.2227649035755963
2024-11-27,169.22999572753906,0.0006504293609714829,1.2235602257704474,0.22356022577044743
2024-11-29,168.9499969482422,-0.001654545803733698,1.2215357893332834,0.22153578933328344
2024-12-02,171.49000549316406,0.015034084585985541,1.2399004617149287,0.23990046171492874
2024-12-03,171.33999633789062,-0.000874739929257351,1.2388158712727622,0.23881587127276216
2024-12-04,174.3699951171875,0.01768413005753522,1.2607232522576886,0.26072325225768855
2024-12-05,172.63999938964844,-0.009921407214448785,1.2482151034873157,0.24821510348731568
2024-12-06,174.7100067138672,0.011990311234575168,1.263181591065826,0.26318159106582595
2024-12-09,175.3699951171875,0.0037776222194372266,1.2679534139114204,0.26795341391142036
2024-12-10,185.1699981689453,0.05588186876101098,1.338809020182694,0.3388090201826941
2024-12-11,195.3999938964844,0.055246507688602176,1.4127735430097872,0.4127735430097872
2024-12-12,191.9600067138672,-0.017604847953268554,1.3879018795926994,0.3879018795926994
2024-12-13,189.82000732421875,-0.011148152296318159,1.3724293380666537,0.3724293380666537
2024-12-16,196.66000366210932,0.036034116921129566,1.421883617300536,0.42188361730053603
2024-12-17,195.4199981689453,-0.006305326299568814,1.412918177133445,0.4129181771334449
2024-12-18,188.3999938964844,-0.03592265038500275,1.3621624114336648,0.3621624114336648
2024-12-19,188.509994506836,0.0005838673774694048,1.362957733628516,0.3629577336285159
2024-12-20,191.41000366210932,0.015383848282739976,1.3839252686184442,0.3839252686184442
2024-12-23,194.6300048828125,0.016822533614216706,1.4072063979693419,0.4072063979693419
2024-12-24,196.1100006103516,0.00760414987622382,1.4179070063262817,0.41790700632628175
2024-12-26,195.6000061035156,-0.0026005532876892667,1.4142196635993423,0.41421966359934226
2024-12-27,192.759994506836,-0.01451948623752397,1.393685920656876,0.3936859206568759
2024-12-30,191.2400054931641,-0.007885396643430576,1.3826961543761318,0.3826961543761318
2024-12-31,189.3000030517578,-0.010144333746505918,1.3686696231161302,0.36866962311613016
2025-01-02,189.42999267578125,0.0006866857999356935,1.3696094691111274,0.36960946911112735
2025-01-03,191.7899932861328,0.01245843161906679,1.3866726550268746,0.38667265502687465
2025-01-06,196.8699951171875,0.026487314296298026,1.4234018894666536,0.4234018894666536
2025-01-07,195.4900054931641,-0.007009649302840537,1.4134243414044918,0.4134243414044918
2025-01-08,193.9499969482422,-0.00787768428895852,1.402289830676578,0.4022898306765781
2025-01-10,192.0399932861328,-0.009847917979700083,1.3884801954403077,0.38848019544030765
2025-01-13,191.009994506836,-0.005363459775600821,1.381033137762845,0.3810331377628451
2025-01-14,189.66000366210932,-0.007067645063349559,1.3712724857244134,0.3712724857244134
2025-01-15,195.5500030517578,0.031055569313084508,1.4138581334519535,0.41385813345195355
2025-01-16,192.91000366210932,-0.013500380201731499,1.3947705110990418,0.3947705110990418
2025-01-17,196.0,0.016017812862120673,1.4171116841314306,0.4171116841314306
2025-01-21,198.0500030517578,0.010459199243662232,1.431933537586283,0.43193353758628295
2025-01-22,198.3699951171875,0.0016157135092094155,1.4342471319472512,0.4342471319472512
2025-01-23,197.97999572753903,-0.00196602005972768,1.431427373315236,0.43142737331523606
2025-01-24,200.2100067138672,0.011263819751754722,1.4475507132359866,0.4475507132359866
2025-01-27,191.8099975585937,-0.04195599057782606,1.3868172891505322,0.38681728915053215
2025-01-28,195.3000030517578,0.018195117760209545,1.4120505930385208,0.41205059303852076
2025-01-29,195.41000366210932,0.0005632391635055356,1.4128459152333712,0.4128459152333712
2025-01-30,200.8699951171875,0.02794120747533091,1.4523225360815806,0.4523225360815806
2025-01-31,204.0200042724609,0.015681830197863622,1.4750976114849426,0.47509761148494256
2025-02-03,201.22999572753903,-0.013675171485615367,1.4549253986898643,0.45492539868986426
2025-02-04,206.3800048828125,0.025592651516260334,1.49216079740069,0.4921607974006901
2025-02-05,191.3300018310547,-0.07292374598161078,1.3833468424473243,0.3833468424473243
2025-02-06,191.6000061035156,0.0014111967275227677,1.3852990169844148,0.3852990169844148
2025-02-07,185.33999633789065,-0.03267228374848197,1.340038134425007,0.34003813442500697
2025-02-10,186.47000122070312,0.0060969294547323916,1.3482082523972474,0.3482082523972474
2025-02-11,185.32000732421875,-0.006167179111685961,1.3398936106248605,0.33989361062486045
2025-02-12,183.6100006103516,-0.009227318402138196,1.3275299856546343,0.3275299856546343
2025-02-13,186.13999938964844,0.013779199231450878,1.3458222858126947,0.3458222858126947
2025-02-14,185.22999572753903,-0.0048888130713081734,1.3392428122301558,0.33924281223015584
2025-02-18,183.7700042724609,-0.007882046583997493,1.328686837996874,0.3286868379968739
2025-02-19,185.2700042724609,0.008162376694381912,1.3395320804774715,0.3395320804774715
2025-02-20,184.5599975585937,-0.0038322809817776804,1.3343986171609765,0.3343986171609765
2025-02-21,179.66000366210938,-0.026549598836707156,1.2989708691870958,0.2989708691870958
2025-02-24,179.25,-0.0022821087262164808,1.296006476431423,0.29600647643142297
2025-02-25,175.4199981689453,-0.021366816351769513,1.2683149440588088,0.26831494405880885
2025-02-26,172.72999572753906,-0.015334639547855522,1.2488657915585084,0.2488657915585084
2025-02-27,168.5,-0.024489062885240664,1.2182822386538061,0.21828223865380614
2025-02-28,170.27999877929688,0.010563790975055554,1.2311519175715677,0.23115191757156772
2025-03-03,167.00999450683594,-0.019203689780966315,1.2075092580732816,0.20750925807328158
2025-03-04,170.9199981689453,0.02341179444772301,1.2357792166170158,0.23577921661701584
2025-03-05,173.02000427246094,0.012286485642480915,1.250962600219257,0.2509626002192571
2025-03-06,172.35000610351562,-0.0038723740168810084,1.2461184051500782,0.2461184051500782
2025-03-07,173.86000061035156,0.00876120947700465,1.257035909530749,0.25703590953074906
2025-03-10,165.8699951171875,-0.04595654817160022,1.199266878200968,0.1992668782009679
2025-03-11,164.0399932861328,-0.01103274784424868,1.1860356691358174,0.18603566913581737
2025-03-12,167.11000061035156,0.018714992988714485,1.2082323183680594,0.20823231836805944
2025-03-13,162.75999450683594,-0.026030794612098007,1.1767810710449216,0.17678107104492158
2025-03-14,165.49000549316406,0.016773231005567935,1.1965194917925377,0.1965194917925377
2025-03-17,164.2899932861328,-0.007251266947844837,1.1878432095492504,0.18784320954925038
2025-03-18,160.6699981689453,-0.022034178983030284,1.161670059666265,0.16167005966626502
2025-03-19,163.88999938964844,0.02004108581190911,1.1849511890171622,0.18495118901716223
2025-03-20,162.8000030517578,-0.0066507800472874745,1.1770703392922373,0.17707033929223726
2025-03-21,163.99000549316406,0.007309597168913662,1.18567424931194,0.1856742493119401
2025-03-24,167.67999267578125,0.022501293121616417,1.2123534531424605,0.21235345314246046
2025-03-25,170.55999755859375,0.01717560238913629,1.2331763540087317,0.2331763540087317
2025-03-26,165.05999755859375,-0.03224671715951766,1.193410464913207,0.1934104649132069
2025-03-27,162.24000549316406,-0.017084648655884216,1.1730214664179093,0.17302146641790928
2025-03-28,154.3300018310547,-0.04875495188788481,1.115830861259248,0.11583086125924802
2025-03-31,154.63999938964844,0.002008666849710128,1.118072193720143,0.11807219372014299
2025-04-01,157.07000732421875,0.015713967564416453,1.1356415439069372,0.13564154390693717
2025-04-02,157.0399932861328,-0.00019108701016345986,1.1354245375596945,0.13542453755969452
2025-04-03,150.72000122070312,-0.04024447488299632,1.0897299732763357,0.0897299732763357
2025-04-04,145.60000610351562,-0.03397024333678289,1.0527115809127527,0.05271158091275274
2025-04-07,146.75,0.007898309397506242,1.0610262226851397,0.061026222685139686
2025-04-08,144.6999969482422,-0.013969356400393984,1.0462043692302871,0.046204369230287146
2025-04-09,158.7100067138672,0.09682107851485466,1.1474990046061169,0.14749900460611687
2025-04-10,152.82000732421875,-0.037111707771944835,1.1049133568785772,0.10491335687857717
2025-04-11,157.13999938964844,0.028268497960901806,1.1361475978544724,0.1361475978544724
2025-04-14,159.07000732421875,0.012282092033006897,1.1501018672144008,0.15010186721440077
2025-04-15,156.30999755859375,-0.017350912419331843,1.1301465504430537,0.13014655044305368
2025-04-16,153.3300018310547,-0.01906465212771813,1.1086006996055162,0.10860069960551622
2025-04-17,151.16000366210938,-0.014152469464758122,1.0929112620557397,0.09291126205573974
2025-04-21,147.6699981689453,-0.023088154330594857,1.0676779581677516,0.06767795816775157
2025-04-22,151.47000122070312,0.025733074415090984,1.0951525945166347,0.09515259451663471
2025-04-23,155.35000610351562,0.025615665488501804,1.1232056570366378,0.12320565703663777
2025-04-24,159.27999877929688,0.025297666696984633,1.1516201393805183,0.15162013938051833
2025-04-25,161.9600067138672,0.016825765664927106,1.1709970299807457,0.17099702998074573
2025-04-28,160.61000061035156,-0.00833542879447191,1.161236267618803,0.16123626761880305
2025-04-29,160.16000366210938,-0.002801799056921128,1.157982716939326,0.15798271693932597
2025-04-30,158.8000030517578,-0.008491512108233734,1.1481496926773103,0.14814969267731026
2025-05-01,161.3000030517578,0.0157430727453145,1.1662250968116397,0.16622509681163966
2025-05-02,164.02999877929688,0.01692495769304525,1.1859634072357443,0.18596340723574434
2025-05-05,164.2100067138672,0.001097408619825213,1.1872648937016421,0.18726489370164212
2025-05-06,163.22999572753906,-0.005968034506178221,1.1801792558480566,0.1801792558480566
2025-05-07,151.3800048828125,-0.07259689490224808,1.094501906445442,0.09450190644544199
2025-05-08,154.27999877929688,0.01915704718552047,1.1154693311118595,0.11546933111185953
2025-05-09,152.75,-0.009917026130429218,1.1044071926075307,0.10440719260753073
2025-05-12,158.4600067138672,0.03738138601549723,1.1456914641926845,0.14569146419268453
2025-05-13,159.52999877929688,0.00675244238353323,1.1534276797939516,0.15342767979395155
2025-05-14,165.3699951171875,0.036607511957484684,1.1956517973741025,0.19565179737410254
2025-05-15,163.9600067138672,-0.00852626501150433,1.1854573532882096,0.18545735328820956
2025-05-16,166.19000244140625,0.013600851648113865,1.2015805828854482,0.20158058288544822
2025-05-19,166.5399932861328,0.002105968106294265,1.2041110732701474,0.20411107327014744
2025-05-20,163.97999572753906,-0.015371668438796005,1.1856018770883558,0.18560187708835585
2025-05-21,168.55999755859375,0.027930247288605825,1.2187160307012688,0.21871603070126877
2025-05-22,170.8699951171875,0.013704304651468435,1.2354176864696274,0.23541768646962735
2025-05-23,168.47000122070312,-0.014045730467999284,1.2180653426300758,0.21806534263007582
2025-05-27,172.89999389648438,0.02629543920984334,1.250094905800822,0.25009490580082194
2025-05-28,172.36000061035156,-0.003123153876200324,1.246190667050152,0.2461906670501519
2025-05-29,171.86000061035156,-0.002900905072113158,1.2425755862232861,0.24257558622328612
2025-05-30,171.74000549316406,-0.0006982143416812692,1.241708002128362,0.24170800212836197
2025-06-02,169.02999877929688,-0.015779705526881793,1.2221142155044038,0.2221142155044038
2025-06-03,166.17999267578125,-0.016860948494928918,1.2015082106618635,0.20150821066186353
2025-06-04,168.0500030517578,0.011252921280511696,1.21502868797433,0.21502868797432995
2025-06-05,168.2100067138672,0.0009521193644970172,1.2161855403165698,0.21618554031656978
2025-06-06,173.67999267578125,0.03251879046184669,1.2557344230648522,0.25573442306485217
2025-06-09,176.08999633789062,0.013876115636464181,1.2731591391279886,0.2731591391279886
2025-06-10,178.60000610351562,0.014254130375519258,1.291306915485903,0.29130691548590293
2025-06-11,177.35000610351562,-0.006998879939990044,1.2822692134187381,0.2822692134187381
2025-06-12,175.6999969482422,-0.009303688178676217,1.2703393804959737,0.2703393804959737
2025-06-13,174.6699981689453,-0.005862258378981577,1.262892322818511,0.26289232281851094
2025-06-16,176.77000427246094,0.01202270639222447,1.2780757064207522,0.2780757064207522
2025-06-17,175.9499969482422,-0.004638837497310089,1.2721469209094065,0.2721469209094065
2025-06-18,173.32000732421875,-0.014947369534749622,1.2531316707800797,0.2531316707800797
2025-06-20,166.63999938964844,-0.0385414704147482,1.2048341335649253,0.2048341335649253
2025-06-23,165.19000244140625,-0.008701373941149115,1.1943504212317164,0.19435042123171642
2025-06-24,166.77000427246094,0.009564754571724787,1.205774089883434,0.20577408988343393
2025-06-25,170.67999267578125,0.02344539367482623,1.2340439381036563,0.2340439381036563
2025-06-26,173.5399932861328,0.01675650769322634,1.2547222048462696,0.2547222048462696
2025-06-27,178.52999877929688,0.028754210477215603,1.2908007512148554,0.2908007512148554
2025-06-30,176.22999572753906,-0.01288300603531134,1.27417135734657,0.27417135734657005
2025-07-01,175.83999633789062,-0.002213013670223307,1.2713515987145552,0.27135159871455516
2025-07-02,178.63999938964844,0.015923584565922022,1.2915960734097065,0.2915960734097065
2025-07-03,179.52999877929688,0.004982083479003974,1.2980309128685874,0.2980309128685874
2025-07-07,176.7899932861328,-0.015262103892355383,1.278220230220898,0.27822023022089803
2025-07-08,174.36000061035156,-0.01374508042346223,1.2606509903576153,0.2606509903576153
2025-07-09,176.6199951171875,0.012961656910557284,1.276991115978585,0.27699111597858495
2025-07-10,177.6199951171875,0.0056618731040984915,1.2842212776323167,0.28422127763231675
2025-07-11,180.19000244140625,0.014469132951631547,1.3028028460376928,0.3028028460376928
2025-07-14,181.5599975585937,0.007603058430685872,1.3127081321997813,0.31270813219978133
2025-07-15,182.0,0.0024234547660439976,1.3158894209791856,0.3158894209791856
2025-07-16,182.97000122070312,0.005329677036830294,1.3229026866091862,0.3229026866091862
2025-07-17,183.5800018310547,0.0033338831845759476,1.3273130896309029,0.3273130896309029
2025-07-18,185.0599975585937,0.008061857025696284,1.3380136979878425,0.33801369798784253
2025-07-21,190.1000061035156,0.027234456994554623,1.3744537745038174,0.37445377450381745
2025-07-22,191.33999633789065,0.0065228311129030825,1.383419104347398,0.383419104347398
2025-07-23,190.22999572753903,-0.005801194897022244,1.3753936204988149,0.37539362049881486
2025-07-24,192.1699981689453,0.010198194212151845,1.3894201517588165,0.3894201517588165
2025-07-25,193.17999267578125,0.0052557345915569265,1.3967225753126216,0.39672257531262156
2025-07-28,192.5800018310547,-0.003105864310356088,1.3923845445144893,0.39238454451448934
2025-07-29,195.75,0.016460681996079085,1.4153041437179978,0.41530414371799784
2025-07-30,196.52999877929688,0.003984668093470534,1.4209436609820276,0.4209436609820276
2025-07-31,191.8999938964844,-0.023558769203535057,1.3874679772217258,0.38746797722172577
2025-08-01,189.1300048828125,-0.014434544563696527,1.3674405088738169,0.36744050887381685
2025-08-04,195.0399932861328,0.031248285574688284,1.4101706804015028,0.41017068040150284
2025-08-05,194.6699981689453,-0.0018970217900114994,1.407495555893146,0.4074955558931459
2025-08-06,196.08999633789065,0.0072943863065790815,1.4177623722026238,0.4177623722026238
2025-08-07,196.5200042724609,0.0021929111255083455,1.4208713990819541,0.42087139908195415
2025-08-08,201.4199981689453,0.024933817372051914,1.4562991470558355,0.4562991470558355
2025-08-11,201.0,-0.0020851860429123015,1.4532624924000896,0.45326249240008964
2025-08-12,203.33999633789065,0.011641772825326635,1.4701810441921794,0.47018104419217943
2025-08-13,201.9600067138672,-0.006786611826875122,1.4602034961300172,0.4602034961300172
2025-08-14,202.94000244140625,0.00485242471261893,1.467289023660091,0.46728902366009106
2025-08-15,203.8999938964844,0.00473042004301405,1.4742299170665072,0.4742299170665072
2025-08-18,203.5,-0.001961716078753173,1.4713378965344188,0.4713378965344188
2025-08-19,201.57000732421875,-0.009483993492782505,1.457383737498002,0.4573837374980021
2025-08-20,199.32000732421875,-0.011162374947880749,1.4411158737771055,0.4411158737771055
2025-08-21,199.75,0.0021572981134894142,1.4442247903329244,0.4442247903329244
2025-08-22,206.08999633789065,0.03173965625977804,1.4900639887399414,0.4900639887399414
2025-08-25,208.4900054931641,0.011645442272406825,1.5074164429030046,0.5074164429030046
2025-08-26,207.13999938964844,-0.006475159805969244,1.497655680541062,0.4976556805410619
2025-08-27,207.47999572753903,0.001641384275815394,1.5001139090256876,0.5001139090256876
2025-08-28,211.63999938964844,0.020050143376580287,1.530191407982855,0.5301914079828549
2025-08-29,212.91000366210932,0.006000776205459468,1.539373744173677,0.539373744173677
2025-09-02,211.3500061035156,-0.007327028001321456,1.5280947096456174,0.5280947096456174
2025-09-03,230.66000366210932,0.09136502011329983,1.6677091135274162,0.6677091135274162
2025-09-04,232.3000030517578,0.007110029322859646,1.6795665742265964,0.6795665742265964
2025-09-05,235.0,0.011622888130744524,1.6990879886269699,0.6990879886269699
2025-09-08,234.0399932861328,-0.0040851349526263014,1.6921469848970423,0.6921469848970423
2025-09-09,239.6300048828125,0.02388485625123682,1.732563672387272,0.7325636723872719
2025-09-10,239.1699981689453,-0.0019196540687471675,1.7292377494842102,0.7292377494842102
2025-09-11,240.3699951171875,0.005017338953168027,1.7379139214039858,0.7379139214039858
2025-09-12,240.8000030517578,0.001788941811812439,1.7410229482833164,0.7410229482833164
2025-09-15,251.6100006103516,0.04489201587040781,1.8191809781083952,0.8191809781083952
2025-09-16,251.16000366210932,-0.0017884700415352617,1.8159274274289174,0.8159274274289174
2025-09-17,249.52999877929688,-0.006489906271084922,1.8041422286298114,0.8041422286298114
2025-09-18,252.02999877929688,0.010018835459584041,1.8222176327641408,0.8222176327641408
2025-09-19,254.72000122070312,0.010673342278439968,1.841666785264441,0.841666785264441
2025-09-22,252.52999877929688,-0.008597685422860546,1.8258327135910066,0.8258327135910066
2025-09-23,251.66000366210932,-0.0034451159125371555,1.8195425082557835,0.8195425082557835
2025-09-24,247.13999938964844,-0.01796075739762626,1.786862146690333,0.7868621466903329
2025-09-25,245.7899932861328,-0.005462515605930585,1.7771013843283903,0.7771013843283903
2025-09-26,246.5399932861328,0.0030513854122893314,1.782524005568689,0.7825240055686891
2025-09-29,244.0500030517578,-0.010099741632933035,1.7645209736579444,0.7645209736579444
2025-09-30,243.1000061035156,-0.0038926323964877385,1.7576523421516013,0.7576523421516013
2025-10-01,244.8999938964844,0.0074043099456047035,1.7706665448695098,0.7706665448695098
2025-10-02,245.69000244140625,0.0032258414234822563,1.776378434357124,0.7763784343571241
2025-10-03,245.3500061035156,-0.0013838427877086446,1.7739202058724979,0.7739202058724979
2025-10-06,250.42999267578125,0.02070505989766458,1.8106493299887654,0.8106493299887654
2025-10-07,245.759994506836,-0.01864791880176775,1.7768844883046597,0.7768844883046597
2025-10-08,244.6199951171875,-0.004638669495155678,1.7686421084323456,0.7686421084323456
2025-10-09,241.52999877929688,-0.012631822416684813,1.7463009353999572,0.7463009353999572
2025-10-10,236.57000732421875,-0.02053571597791637,1.7104393953786141,0.7104393953786141
2025-10-13,244.1499938964844,0.03204119853569298,1.765243923629211,0.765243923629211
2025-10-14,245.4499969482422,0.005324608168161493,1.7746431558437645,0.7746431558437645
2025-10-15,251.02999877929688,0.02273376207143052,1.8149874711104093,0.8149874711104093
2025-10-16,251.4600067138672,0.001712974292560121,1.81809649798974,0.81809649798974
2025-10-17,253.3000030517578,0.007317252401032315,1.8313999689549638,0.8313999689549638
2025-10-20,256.54998779296875,0.012830575215377449,1.8548978840060804,0.8548978840060804
2025-10-21,250.4600067138672,-0.023737990133977593,1.810866336336008,0.810866336336008
2025-10-22,251.69000244140625,0.004910946636459412,1.8197594042795149,0.8197594042795149
2025-10-23,253.0800018310547,0.005522664294033808,1.8298093245652616,0.8298093245652616
2025-10-24,259.9200134277344,0.027027072653673212,1.8792637141226556,0.8792637141226556
2025-10-27,269.2699890136719,0.03597251116846789,1.9468655490674294,0.9468655490674294
2025-10-28,267.4700012207031,-0.006684695162509802,1.9338513463495213,0.9338513463495213
2025-10-29,274.57000732421875,0.026545055786114213,1.9851855382204213,0.9851855382204213
2025-10-30,281.4800109863281,0.025166636842274936,2.0351459817253508,1.0351459817253508
2025-10-31,281.19000244140625,-0.0010302988972668015,2.0330491730646023,1.0330491730646023
2025-11-03,283.7200012207031,0.008997470597568835,2.0513414732226627,1.0513414732226627
2025-11-04,277.5400085449219,-0.021782012720963917,2.006659127157886,1.006659127157886
2025-11-05,284.3099975585937,0.024392839969866964,2.055607242120721,1.055607242120721
2025-11-06,284.75,0.0015476150862954174,2.058788530900125,1.058788530900125
2025-11-07,278.8299865722656,-0.02079021396921643,2.0159858768253427,1.0159858768253427
2025-11-10,290.1000061035156,0.040418965226070025,2.0974699398769947,1.0974699398769947
2025-11-11,291.3099975585937,0.004170945982835628,2.106218373696843,1.106218373696843
2025-11-12,286.7099914550781,-0.015790759472957383,2.0729595859602727,1.0729595859602727
2025-11-13,278.57000732421875,-0.028391002662824016,2.014106184835348,1.0141061848353479
2025-11-14,276.4100036621094,-0.007753898859597652,1.9984890091856444,0.9984890091856444
2025-11-17,285.0199890136719,0.031149326136862943,2.060740595113704,1.060740595113704
2025-11-18,284.2799987792969,-0.002596274868074233,2.0553903460969902,1.0553903460969902
2025-11-19,292.8099975585937,0.030005624088661698,2.117063616177441,1.117063616177441
2025-11-20,289.45001220703125,-0.011474967998283847,2.092770378931474,1.092770378931474
2025-11-21,299.6600036621094,0.035273764119848616,2.166590267634909,1.1665902676349091
2025-11-24,318.5799865722656,0.06313816551737772,2.303384802561182,1.3033848025611818
2025-11-25,323.44000244140625,0.015255245382585159,2.33852350293477,1.3385235029347702
2025-11-26,319.95001220703125,-0.010790224486865174,2.3132903093702937,1.3132903093702937
2025-11-28,320.17999267578125,0.0007188012501189167,2.314953105336557,1.3149531053365568
2025-12-01,314.8900146484375,-0.016521888151520003,2.2767057090541725,1.2767057090541725
2025-12-02,315.8099975585937,0.0029216007728392057,2.2833573342132727,1.2833573342132727
2025-12-03,319.6300048828125,0.012095903719799406,2.3109766046858145,1.3109766046858145
2025-12-04,317.6199951171875,-0.00628855155936292,2.296443909154766,1.2964439091547661
2025-12-05,321.2699890136719,0.011491700625263501,2.3228339550614825,1.3228339550614825
2025-12-08,313.7200012207031,-0.023500445267694903,2.268246322834617,1.2682463228346168
2025-12-09,317.0799865722656,0.010710140693894532,2.2925395600805847,1.2925395600805847
2025-12-10,320.2099914550781,0.009871341665706579,2.315170001360289,1.315170001360289
2025-12-11,312.42999267578125,-0.024296552221695134,2.2589193525201368,1.2589193525201368
2025-12-12,309.2900085449219,-0.010050200699258216,2.236216759663871,1.2362167596638711
2025-12-15,308.2200012207031,-0.003459559942633361,2.2284804337390924,1.2284804337390924
2025-12-16,306.57000732421875,-0.005353299234149622,2.2165507111398397,1.2165507111398397
2025-12-17,296.7200012207031,-0.03212971219685745,2.145333574721177,1.1453335747211768
2025-12-18,302.4599914550781,0.019344803891752305,2.18683463200655,1.18683463200655
2025-12-19,307.1600036621094,0.015539285656990032,2.2208164800378984,1.2208164800378984
2025-12-22,309.7799987792969,0.008529740480370585,2.239759468267152,1.239759468267152
2025-12-23,314.3500061035156,0.014752428633956649,2.272801359979992,1.2728013599799919
2025-12-24,314.0899963378906,-0.0008271345970306543,2.270921447342974,1.2709214473429742
2025-12-26,313.510009765625,-0.0018465617467220419,2.2667280506685,1.2667280506685001
2025-12-29,313.5599975585937,0.00015944560432390453,2.267089470492377,1.267089470492377
2025-12-30,313.8500061035156,0.0009248901236764695,2.2691862791531263,1.2691862791531263
2025-12-31,313.0,-0.0027083195379491443,2.26304059761805,1.2630405976180499
2026-01-02,315.1499938964844,0.006868990084614612,2.2785854010441686,1.2785854010441686
2026-01-05,316.5400085449219,0.00441064469413921,2.288635431653427,1.288635431653427
2026-01-06,314.3399963378906,-0.006950186856771512,2.2727289877564076,1.2727289877564076
2026-01-07,321.9800109863281,0.024304939675017012,2.32796752870149,1.3279675287014898
2026-01-08,325.44000244140625,0.010745982163548273,2.3529838262422356,1.3529838262422356
2026-01-09,328.57000732421875,0.00961776321082719,2.3756142675219394,1.3756142675219394
2026-01-12,331.8599853515625,0.010013019916627286,2.3994013404968606,1.3994013404968606
2026-01-13,335.9700012207031,0.012384788918695877,2.42911741963015,1.42911741963015
2026-01-14,335.8399963378906,-0.0003869538421291674,2.4281774633116413,1.4281774633116413
2026-01-15,332.7799987792969,-0.009111474487735083,2.406053186302984,1.4060531863029841
2026-01-16,330.0,-0.008353863782362136,2.3859533457314908,1.3859533457314908
2026-01-20,322.0,-0.024242424242424288,2.3281120525016363,1.3281120525016363
2026-01-21,328.3800048828125,0.01981367976028725,2.374240519155969,1.3742405191559688
2026-01-22,330.5400085449219,0.006577756349325226,2.3898576948056722,1.3898576948056722
2026-01-23,327.92999267578125,-0.00789621770940907,2.37098685815298,1.37098685815298
2026-01-26,333.260009765625,0.016253521205403798,2.409523743329703,1.4095237433297032
2026-01-27,334.54998779296875,0.003870785541448374,2.4188504929971604,1.4188504929971604
2026-01-28,336.010009765625,0.004364136977819122,2.4294066878774654,1.4294066878774654
2026-01-29,338.25,0.006666439002628088,2.4456021793747773,1.4456021793747773
2026-01-30,338.0,-0.0007390983000739038,2.4437946389613443,1.4437946389613443
2026-02-02,343.69000244140625,0.016834326749722628,2.48493427642284,1.4849342764228401
2026-02-03,339.7099914550781,-0.011580234973540326,2.4561581536080594,1.4561581536080594
2026-02-04,333.0400085449219,-0.019634344228695588,2.4079330989400014,1.4079330989400014
2026-02-05,331.25,-0.0053747552816328925,2.394991047798655,1.394991047798655
2026-02-06,322.8599853515625,-0.02532834610849055,2.334329885613274,1.3343298856132741
2026-02-09,324.32000732421875,0.004522152136835489,2.344886080493579,1.3448860804935792
2026-02-10,318.5799865722656,-0.017698632900605804,2.3033848025611827,1.3033848025611827
2026-02-11,310.9599914550781,-0.023918624641724007,2.2482910060632704,1.2482910060632704
2026-02-12,309.0,-0.0063030341810427215,2.2341199510031227,1.2341199510031227
2026-02-13,305.7200012207031,-0.010614882780896062,2.2104050296047633,1.2104050296047633
2026-02-17,302.0199890136719,-0.012102617402386273,2.1836533432271463,1.1836533432271463
2026-02-18,303.3299865722656,0.004337453169480199,2.193124837341773,1.1931248373417729
2026-02-19,302.8500061035156,-0.0015823706524170644,2.1896545009620763,1.1896545009620763
2026-02-20,314.9800109863281,0.04005284675036913,2.277356397125366,1.277356397125366
2026-02-23,311.489990234375,-0.011080134072713022,2.2521229829138663,1.2521229829138663
2026-02-24,310.8999938964844,-0.0018941101042980746,2.247857214015807,1.247857214015807
2026-02-25,312.8999938964844,0.006432936761864072,2.2623175373232707,1.2623175373232707
2026-02-26,307.3800048828125,-0.01764138421651118,2.2224071244275994,1.2224071244275994
2026-02-27,311.760009765625,0.014249478864060583,2.254075267774468,1.2540752677744682
2026-03-02,306.5199890136719,-0.016807866909846703,2.2161890706689378,1.2161890706689378
2026-03-03,303.5799865722656,-0.009591552090506994,2.1949323777552046,1.1949323777552046
2026-03-04,303.1300048828125,-0.0014822508378562471,2.191678937399239,1.1916789373992391
2026-03-05,300.8800048828125,-0.0074225578588626995,2.1754110736783425,1.1754110736783425
2026-03-06,298.5199890136719,-0.007843711216568905,2.1583477774390833,1.1583477774390833
2026-03-09,306.3599853515625,0.02626288565732038,2.2150322183266975,1.2150322183266975
2026-03-10,307.0400085449219,0.002219686727622072,2.2199488959429727,1.2199488959429727
2026-03-11,308.70001220703125,0.0054064734754804,2.2319509907658106,1.2319509907658106
2026-03-12,303.54998779296875,-0.016682942048633964,2.1947154817314733,1.1947154817314733
2026-03-13,302.2799987792969,-0.004183788716005665,2.1855332558641622,1.1855332558641622
2026-03-16,305.5599975585937,0.010850862751563106,2.209248177262521,1.2092481772625212
2026-03-17,310.9200134277344,0.017541615106581032,2.248001958462976,1.248001958462976
2026-03-18,307.69000244140625,-0.010388559265513075,2.224648456888494,1.2246484568884939
2026-03-19,307.1300048828125,-0.0018200057010314685,2.220599584014166,1.220599584014166
2026-03-20,301.0,-0.019958990607744198,2.1762786577732665,1.1762786577732665
2026-03-23,302.0599975585937,0.00352158657340107,2.18394261147446,1.18394261147446
2026-03-24,290.44000244140625,-0.03846916245483112,2.099928168361621,1.0999281683616209
2026-03-25,290.92999267578125,0.0016870618036641805,2.103470876964902,1.1034708769649022
2026-03-26,280.9200134277344,-0.034406831540405025,2.031097108851023,1.0310971088510228
2026-03-27,274.3399963378906,-0.023423098303163248,1.9835225216071346,0.9835225216071346
2026-03-30,273.5,-0.0030618806922197983,1.9774492122956426,0.9774492122956426
2026-03-31,287.5599975585937,0.05140766931844132,2.079105267495349,1.0791052674953492
2026-04-01,297.3900146484375,0.03418422998087833,2.1501778801138656,1.1501778801138656
2026-04-02,295.7699890136719,-0.005447478243950976,2.1384648328913207,1.1384648328913207
2026-04-06,299.989990234375,0.014267847913765452,2.1689761238959497,1.1689761238959497
2026-04-07,305.4599914550781,0.01823394579408988,2.208525116967744,1.2085251169677438
2026-04-08,317.32000732421875,0.03882674065642666,2.2942749489174545,1.2942749489174545
2026-04-09,318.489990234375,0.0036870757694167366,2.3027341144899878,1.3027341144899878
2026-04-10,317.239990234375,-0.0039247701288198655,2.293696412422823,1.2936964124228232
2026-04-13,321.3099975585937,0.012829427088343337,2.3231232233087966,1.3231232233087966
2026-04-14,332.9100036621094,0.036102225861802895,2.4069931426214906,1.4069931426214906
2026-04-15,337.1199951171875,0.012646034690357633,2.437432061402535,1.4374320614025349
2026-04-16,336.0199890136719,-0.0032629512323445464,2.4294788394540254,1.4294788394540254
2026-04-17,341.67999267578125,0.016844246911391636,2.47040158089179,1.47040158089179
2026-04-20,337.4200134277344,-0.012467745666598473,2.4396012422868685,1.4396012422868685
2026-04-21,332.2900085449219,-0.015203617683191117,2.4025104776997006,1.4025104776997006
2026-04-22,339.32000732421875,0.02115621474771645,2.453338505299554,1.4533385052995542
2026-04-23,338.8900146484375,-0.0012672187507363208,2.4502295887437353,1.4502295887437353
2026-04-24,344.3999938964844,0.016258901147509164,2.490067629415822,1.490067629415822
2026-04-27,350.3399963378906,0.017247394154111362,2.5330148072907503,1.5330148072907503
2026-04-28,349.7799987792969,-0.0015984402707296397,2.5289659344164224,1.5289659344164224
2026-04-29,349.94000244140625,0.000457440856160396,2.530122786758662,1.5301227867586622
2026-04-30,384.7999877929688,0.09961703465838978,2.782166116097182,1.7821661160971818
2026-05-01,385.6900024414063,0.0023129279539280123,2.788601065879574,1.7886010658795741
2026-05-04,383.25,-0.006326330539970337,2.7709594537927065,1.7709594537927065
2026-05-05,388.4299926757813,0.013515962624347733,2.8084116382037516,1.8084116382037516
2026-05-06,398.0400085449219,0.024740663827064413,2.8778936064325658,1.8778936064325658
2026-05-07,397.989990234375,-0.0001256615151068452,2.877531965961665,1.8775319659616652
2026-05-08,400.7999877929688,0.007060472945410012,2.89784870255689,1.8978487025568902
2026-05-11,388.6400146484375,-0.030339255276655597,2.8099301310168916,1.8099301310168916
2026-05-12,387.3500061035156,-0.0033192890497619754,2.800603160702411,1.800603160702411
2026-05-13,402.6199951171875,0.03942168264634316,2.911007649721967,1.911007649721967
2026-05-14,401.0700073242188,-0.0038497536430538437,2.899800987417492,1.8998009874174921
2026-05-15,396.7799987792969,-0.010696408274313951,2.868783532141816,1.868783532141816
2026-05-18,396.9400024414063,0.0004032553621697854,2.8699403844840568,1.8699403844840568
2026-05-19,387.6600036621094,-0.023378844969566326,2.8028444931633065,1.8028444931633065
2026-05-20,388.9100036621094,0.0032244750250003396,2.8118821952304716,1.8118821952304716
2026-05-21,387.6600036621094,-0.0032141112036964126,2.802844493163307,1.802844493163307
2026-05-22,382.9700012207031,-0.012098236591603917,2.768935017355543,1.7689350173555431
2026-05-26,388.8800048828125,0.015432027686950622,2.811665299206741,1.8116652992067408
2026-05-27,388.8299865722656,-0.00012862145113878842,2.81130365873584,1.8113036587358402
2026-05-28,390.1300048828125,0.003343410630458843,2.8207030012739054,1.8207030012739054
2026-05-29,380.3399963378906,-0.025094220958120417,2.7499196569027045,1.7499196569027045
2026-06-01,376.3699951171875,-0.010438032441837164,2.7212159063115084,1.7212159063115084
2026-06-02,361.8500061035156,-0.03857902915228639,2.616234038532251,1.6162340385322511
2026-06-03,358.989990234375,-0.007903871275111829,2.5955556614661264,1.5955556614661264
2026-06-04,372.1900024414063,0.03676986146163408,2.6909938835541958,1.6909938835541958
2026-06-05,368.5299987792969,-0.009833696870150677,2.6645314654238943,1.6645314654238943
2026-06-08,363.30999755859375,-0.014164386177498822,2.6267900127655333,1.6267900127655333
2026-06-09,364.260009765625,0.002614880442088685,2.6336587545953876,1.6336587545953876
2026-06-10,356.3800048828125,-0.021632912402002935,2.5766850454604575,1.5766850454604575
2026-06-11,357.7699890136719,0.003900286525099661,2.5867348554226925,1.5867348554226925
2026-06-12,359.67999267578125,0.005338635773713296,2.6005444906589634,1.6005444906589634
2026-06-15,369.3500061035156,0.02688504677670811,2.6704602509352404,1.6704602509352404
2026-06-16,373.25,0.010559073594251789,2.6986578372553898,1.6986578372553898
2026-06-17,363.7900085449219,-0.0253449201743553,2.6302605697922536,1.6302605697922536
2026-06-18,368.0299987792969,0.011655048612615904,2.660916384597029,1.6609163845970292
2026-06-22,349.67999267578125,-0.04986008250517615,2.5282428741216463,1.5282428741216463
2026-06-23,346.1300048828125,-0.01015210440209613,2.502575888509708,1.5025758885097078
2026-06-24,345.2900085449219,-0.0024268232341632112,2.4965025791982156,1.4965025791982156
2026-06-25,343.7099914550781,-0.0045759131476235115,2.4850788002229867,1.4850788002229867
2026-06-26,337.3900146484375,-0.018387527170465212,2.4393843462631395,1.4393843462631395
2026-06-29,353.6499938964844,0.04819342168436691,2.5569466247128427,1.5569466247128427
2026-06-30,357.3699951171875,0.010518878226792872,2.583842834890606,1.5838428348906062
2026-07-01,361.2099914550781,0.010745155973800768,2.611606629163293,1.6116066291632931
2026-07-02,359.9100036621094,-0.0035989807140492935,2.6022075072722513,1.6022075072722513
2026-07-06,366.4599914550781,0.018198960090917593,2.649564977845385,1.649564977845385
2026-07-07,367.0299987792969,0.0015554421697043797,2.6536862229432976,1.6536862229432976
2026-07-08,361.9200134277344,-0.013922527773091553,2.616740202803299,1.616740202803299
2026-07-09,358.8900146484375,-0.008372012231652626,2.5948328218183727,1.5948328218183727
2026-07-10,357.17999267578125,-0.004764752160439367,2.5824690865246347,1.5824690865246347
2026-07-13,352.510009765625,-0.013074592658932294,2.5487043551640403,1.5487043551640403
2026-07-14,359.510009765625,0.01985759214228877,2.5993154867401627,1.5993154867401627
2026-07-15,370.9200134277344,0.03173765222711844,2.681811657686885,1.6818116576868851
2026-07-16,354.4599914550781,-0.044376203431425565,2.5628030380006033,1.5628030380006033
2026-07-17,346.7699890136719,-0.021694980045105727,2.507203077231644,1.5072030772316438
2026-07-20,351.989990234375,0.01505320929169951,2.544944529890005,1.5449445298900049
2026-07-21,347.1499938964844,-0.013750380613573365,2.509950573963586,1.509950573963586
2026-07-22,342.0899963378906,-0.014575824996564957,2.4733659736474647,1.4733659736474647
2026-07-23,317.69000244140625,-0.0713262420932762,2.2969500734258137,1.2969500734258137
2026-07-24,319.739990234375,0.0064527929025617325,2.3117718165571546,1.3117718165571546
2026-07-27,326.5599975585937,0.021329854045530894,2.3610815719908906,1.3610815719908906
2026-07-28,333.7099914550781,0.021894885931953434,2.4127771836856686,1.4127771836856686
2026-07-29,336.7099914550781,0.008989841709321045,2.4344676686468643,1.4344676686468643
2026-07-30,333.6600036621094,-0.009058204004545156,2.4124157638617914,1.4124157638617914
2026-07-31,356.1300048828125,0.0673440057965653,2.5748775050470254,1.5748775050470254
2026-08-03,373.510009765625,0.04880241665829743,2.7005377498924075,1.7005377498924075
2026-08-04,377.6499938964844,0.011083997811617285,2.7304705044024047,1.7304705044024047
2026-08-05,362.4299926757813,-0.040301870691609065,2.6204274352067265,1.6204274352067265
2026-08-06,357.75,-0.012912818393503889,2.586590331622547,1.586590331622547
2026-08-07,354.29998779296875,-0.009643639991701591,2.561646185658363,1.561646185658363
2026-08-10,357.5199890136719,0.009088346970490768,2.5849273150092604,1.5849273150092604
2026-08-11,343.79998779296875,-0.038375480091487835,2.4857294882941794,1.4857294882941794
2026-08-12,343.5400085449219,-0.0007561933021458245,2.483849796304185,1.483849796304185
2026-08-13,346.3599853515625,0.008208583386210888,2.504238684475971,1.504238684475971
2026-08-14,345.8999938964844,-0.0013280733183171911,2.500912871896421,1.5009128718964209
