Date,Close,SMA20,SMA50,SMA200,Bullish Crossover,Bearish Crossover,Crossover Type
2021-08-16,138.3094940185547,,,,False,False,
2021-08-17,136.6614990234375,,,,False,False,
2021-08-18,135.44900512695312,,,,False,False,
2021-08-19,135.67999267578125,,,,False,False,
2021-08-20,137.42950439453125,,,,False,False,
2021-08-23,140.04150390625,,,,False,False,
2021-08-24,141.26150512695312,,,,False,False,
2021-08-25,142.07899475097656,,,,False,False,
2021-08-26,141.4405059814453,,,,False,False,
2021-08-27,144.00399780273438,,,,False,False,
2021-08-30,144.5904998779297,,,,False,False,
2021-08-31,144.69749450683594,,,,False,False,
2021-09-01,145.2154998779297,,,,False,False,
2021-09-02,143.28700256347656,,,,False,False,
2021-09-03,143.739501953125,,,,False,False,
2021-09-07,144.28050231933594,,,,False,False,
2021-09-08,143.6909942626953,,,,False,False,
2021-09-09,143.54100036621094,,,,False,False,
2021-09-10,140.87600708007812,,,,False,False,
2021-09-13,142.33250427246094,141.43035049438475,,,False,False,
2021-09-14,142.54449462890625,141.64210052490233,,,False,False,
2021-09-15,144.42950439453125,142.03050079345704,,,False,False,
2021-09-16,143.61000061035156,142.43855056762695,,,False,False,
2021-09-17,140.8000030517578,142.69455108642578,,,False,False,
2021-09-20,138.71949768066406,142.75905075073243,,,False,False,
2021-09-21,139.0330047607422,142.70862579345703,,,False,False,
2021-09-22,140.2834930419922,142.65972518920898,,,False,False,
2021-09-23,141.21600341796875,142.6165756225586,,,False,False,
2021-09-24,142.21499633789062,142.65530014038086,,,False,False,
2021-09-27,141.07200622558594,142.50870056152343,,,False,False,
2021-09-28,135.8300018310547,142.0706756591797,,,False,False,
2021-09-29,134.35350036621094,141.55347595214843,,,False,False,
2021-09-30,133.67599487304688,140.97650070190429,,,False,False,
2021-10-01,136.54299926757812,140.63930053710936,,,False,False,
2021-10-04,133.6595001220703,140.13530044555665,,,False,False,
2021-10-05,136.0229949951172,139.7224250793457,,,False,False,
2021-10-06,137.56500244140625,139.41612548828124,,,False,False,
2021-10-07,139.22500610351562,139.2003257751465,,,False,False,
2021-10-08,139.78550720214844,139.14580078125,,,False,False,
2021-10-11,138.91400146484375,138.97487564086913,,,False,False,
2021-10-12,136.44900512695312,138.67010116577148,,,False,False,
2021-10-13,137.58200073242188,138.327725982666,,,False,False,
2021-10-14,141.1510009765625,138.20477600097655,,,False,False,
2021-10-15,141.3679962158203,138.2331756591797,,,False,False,
2021-10-18,142.7779998779297,138.43610076904298,,,False,False,
2021-10-19,143.23699951171875,138.64630050659179,,,False,False,
2021-10-20,141.7689971923828,138.72057571411133,,,False,False,
2021-10-21,141.88600158691406,138.7540756225586,,,False,False,
2021-10-22,137.56649780273438,138.5216506958008,,,False,False,
2021-10-25,137.44700622558594,138.34040069580078,140.18676055908202,,False,False,
2021-10-26,139.30850219726562,138.51432571411132,140.20674072265626,,False,False,
2021-10-27,146.21749877929688,139.10752563476564,140.39786071777343,,False,False,
2021-10-28,145.8489990234375,139.71617584228517,140.60586059570312,,False,False,
2021-10-29,148.04600524902344,140.29132614135742,140.85318084716798,,False,False,
2021-11-01,143.4969940185547,140.78320083618163,140.97453063964844,,False,False,
2021-11-02,145.4324951171875,141.25367584228516,141.0823504638672,,True,False,Bullish
2021-11-03,146.59800720214844,141.70532608032227,141.1890805053711,,False,False,
2021-11-04,148.2675018310547,142.1574508666992,141.31285064697266,,False,False,
2021-11-05,148.8520050048828,142.61077575683595,141.46108062744142,,False,False,
2021-11-08,149.031005859375,143.1166259765625,141.56162078857423,,False,False,
2021-11-09,148.9185028076172,143.7401008605957,141.64818084716796,,False,False,
2021-11-10,145.89349365234375,144.1556755065918,141.67210083007814,,False,False,
2021-11-11,145.76649475097656,144.3864501953125,141.68312072753906,,False,False,
2021-11-12,148.67799377441406,144.7519500732422,141.7909405517578,,False,False,
2021-11-15,148.45199584960938,145.03564987182617,141.8851904296875,,False,False,
2021-11-16,147.87600708007812,145.26760025024413,141.95710052490233,,False,False,
2021-11-17,148.0469970703125,145.5815002441406,142.04422058105467,,False,False,
2021-11-18,149.8385009765625,145.97912521362304,142.17017059326173,,False,False,
2021-11-19,148.92649841308594,146.54712524414063,142.33118041992188,,False,False,
2021-11-22,146.302001953125,146.98987503051757,142.41057037353517,,False,False,
2021-11-23,145.78199768066406,147.3135498046875,142.4753204345703,,False,False,
2021-11-24,146.1199951171875,147.30867462158204,142.50913024902343,,False,False,
2021-11-26,142.18299865722656,147.1253746032715,142.48059020996095,,False,False,
2021-11-29,145.53050231933594,146.9995994567871,142.5752001953125,,False,False,
2021-11-30,141.8975067138672,146.91962509155275,142.63876037597657,,False,False,
2021-12-01,141.05149841308594,146.70057525634766,142.67913024902344,,False,False,
2021-12-02,142.96600341796875,146.51897506713868,142.73278045654297,,False,False,
2021-12-03,142.00149536132812,146.20567474365234,142.74849029541016,,False,False,
2021-12-06,143.15499877929688,145.92082443237305,142.7672903442383,,False,False,
2021-12-07,147.26950073242188,145.8327491760254,142.891240234375,,False,False,
2021-12-08,148.18649291992188,145.79614868164063,143.13837005615235,,False,False,
2021-12-09,147.6385040283203,145.88339920043944,143.40407012939454,,False,False,
2021-12-10,148.00149536132812,145.99514923095703,143.69058013916015,,False,False,
2021-12-13,145.82650756835938,145.8525749206543,143.87625030517577,,False,False,
2021-12-14,143.90699768066406,145.62532501220704,144.08120025634764,,False,False,
2021-12-15,146.4409942626953,145.5535743713379,144.2895602416992,,False,False,
2021-12-16,144.44500732421875,145.37347488403321,144.42716033935548,,False,False,
2021-12-17,141.72500610351562,144.96780014038086,144.47716033935546,,False,False,
2021-12-20,141.60699462890625,144.60182495117186,144.51359008789063,,False,False,
2021-12-21,143.47250366210938,144.4603500366211,144.60476013183595,,False,True,Bearish
2021-12-22,146.4149932861328,144.49199981689452,144.80407989501953,,False,False,
2021-12-23,146.91650390625,144.53182525634764,144.9907699584961,,False,False,
2021-12-27,147.906494140625,144.81800003051757,145.12587982177735,,False,False,
2021-12-28,146.68699645996094,144.87582473754884,145.23225982666017,,False,False,
2021-12-29,146.65499877929688,145.11369934082032,145.3097998046875,,False,False,
2021-12-30,146.20050048828125,145.37114944458008,145.36906982421874,,True,False,Bullish
2021-12-31,144.8520050048828,145.46544952392577,145.43072998046875,,False,False,
2022-01-03,144.9915008544922,145.61494979858398,145.4928399658203,,False,False,
2022-01-04,144.39950561523438,145.67717514038085,145.6295001220703,,False,False,
2022-01-05,137.77499389648438,145.20244979858398,145.6360598754883,,False,True,Bearish
2022-01-06,137.74749755859375,144.68050003051758,145.60483978271483,,False,False,
2022-01-07,137.01699829101562,144.14942474365233,145.42082977294922,,False,False,
2022-01-10,138.66949462890625,143.68282470703124,145.2772396850586,,False,False,
2022-01-11,139.73599243164062,143.3782989501953,145.11103942871094,,False,False,
2022-01-12,141.4304962158203,143.2544738769531,145.06970947265626,,False,False,
2022-01-13,138.58700561523438,142.86177444458008,144.9327996826172,,False,False,
2022-01-14,139.48049926757812,142.61354904174806,144.7904495239258,,False,False,
2022-01-18,135.9980010986328,142.32719879150392,144.54505950927734,,False,False,
2022-01-19,135.1165008544922,142.0026741027832,144.27034942626952,,False,False,
2022-01-20,133.3074951171875,141.49442367553712,143.95587921142578,,False,False,
2022-01-21,130.35150146484375,140.69124908447264,143.5845391845703,,False,False,
2022-01-24,130.8040008544922,139.88562393188477,143.28274932861328,,False,False,
2022-01-25,126.93499755859376,138.8370491027832,142.90611938476562,,False,False,
2022-01-26,129.23300170898438,137.96434936523437,142.51721954345703,,False,False,
2022-01-27,129.0050048828125,137.08184967041015,142.1282797241211,,False,False,
2022-01-28,133.3509979248047,136.43937454223632,141.83777954101564,,False,False,
2022-01-31,135.30349731445312,135.96194915771486,141.58290954589845,,False,False,
2022-02-01,137.6439971923828,135.59457397460938,141.33901947021485,,False,False,
2022-02-02,148.0,135.77459869384765,141.32048950195312,,False,False,
2022-02-03,143.08999633789062,136.04034881591798,141.25624938964845,,False,False,
2022-02-04,143.29299926757812,136.3176239013672,141.2064694213867,,False,False,
2022-02-07,139.2010040283203,136.42682418823242,141.06808959960938,,False,False,
2022-02-08,139.3990020751953,136.4632995605469,141.01240966796874,,False,False,
2022-02-09,141.5919952392578,136.55609970092775,140.9336395263672,,False,False,
2022-02-10,138.6199951171875,136.4155746459961,140.8680892944336,,False,False,
2022-02-11,134.28250122070312,136.20034942626953,140.73270935058594,,False,False,
2022-02-14,135.5260009765625,136.00262451171875,140.5839093017578,,False,False,
2022-02-15,136.60850524902344,136.03314971923828,140.47604949951173,,False,False,
2022-02-16,137.73800659179688,136.16422500610352,140.36770965576173,,False,False,
2022-02-17,132.53900146484375,136.12580032348632,140.07309967041016,,False,False,
2022-02-18,130.4029998779297,136.1283752441406,139.71742980957032,,False,False,
2022-02-22,129.81350708007812,136.07885055541993,139.36092987060547,,False,False,
2022-02-23,127.58799743652344,136.11150054931642,138.95265991210937,,False,False,
2022-02-24,132.6909942626953,136.28440017700194,138.68994964599608,,False,False,
2022-02-25,134.45950317382812,136.55712509155273,138.50099975585937,,False,False,
2022-02-28,135.0570068359375,136.64242553710938,138.27332000732423,,False,False,
2022-03-01,134.06149291992188,136.5803253173828,138.06564971923828,,False,False,
2022-03-02,134.57150268554688,136.42670059204102,137.9225796508789,,False,False,
2022-03-03,133.89950561523438,135.72167587280273,137.76842987060547,,False,False,
2022-03-04,131.906494140625,135.16250076293946,137.53710968017577,,False,False,
2022-03-07,126.37850189208984,134.31677589416503,137.1363798522949,,False,False,
2022-03-08,127.10449981689452,133.71195068359376,136.74013977050782,,False,False,
2022-03-09,133.4199981689453,133.41300048828126,136.45040985107423,,False,False,
2022-03-10,132.42950439453125,132.95487594604492,136.16526000976563,,False,False,
2022-03-11,129.87049865722656,132.51740112304688,135.8295700073242,,False,False,
2022-03-14,125.95099639892578,132.100825881958,135.4245799255371,,False,False,
2022-03-15,129.197998046875,131.78442573547363,135.11149978637695,,False,False,
2022-03-16,133.28050231933594,131.61802558898927,134.87727981567383,,False,False,
2022-03-17,133.83900451660156,131.4230754852295,134.66606979370118,,False,False,
2022-03-18,136.12550354003906,131.60240058898927,134.63307998657226,,False,False,
2022-03-21,136.10150146484375,131.88732566833497,134.60016006469726,,False,False,
2022-03-22,139.8679962158203,132.39005012512206,134.65718002319335,,False,False,
2022-03-23,138.27549743652344,132.92442512512207,134.6493000793457,,False,False,
2022-03-24,141.57200622558594,133.3684757232666,134.6860203552246,,False,False,
2022-03-25,141.67300415039062,133.72915077209473,134.69087051391602,,False,False,
2022-03-28,141.45550537109375,134.04907569885253,134.7482405090332,,False,False,
2022-03-29,142.5054931640625,134.47127571105958,134.80874038696288,,False,False,
2022-03-30,141.93850708007812,134.83962593078613,134.92755050659179,,False,False,
2022-03-31,139.0675048828125,135.09802589416503,135.0065705871582,,True,False,Bullish
2022-04-01,140.15049743652344,135.51022605895997,135.1434306335449,,False,False,
2022-04-04,142.97149658203125,136.33987579345703,135.39583053588868,,False,False,
2022-04-05,140.59100341796875,137.01420097351075,135.5915705871582,,False,False,
2022-04-06,136.54800415039062,137.170601272583,135.78383071899415,,False,False,
2022-04-07,135.8885040283203,137.34355125427246,135.91694076538087,,False,False,
2022-04-08,133.28750610351562,137.5144016265869,136.0025907897949,,False,False,
2022-04-11,128.82350158691406,137.65802688598632,135.9120408630371,,False,False,
2022-04-12,127.7145004272461,137.58385200500487,135.76026092529298,,False,False,
2022-04-13,129.8939971923828,137.41452674865724,135.60526092529298,,False,False,
2022-04-14,126.7300033569336,137.05907669067383,135.17986099243163,,False,False,
2022-04-18,127.67649841308594,136.63662643432616,134.87159103393554,,False,False,
2022-04-19,130.00900268554688,136.33200149536134,134.60591110229493,,False,False,
2022-04-20,128.0399932861328,135.74060134887696,134.38269088745116,,False,False,
2022-04-21,124.8144989013672,135.06755142211915,134.0910008239746,,False,False,
2022-04-22,119.635498046875,133.9707260131836,133.65187088012695,,False,False,
2022-04-25,123.0739974975586,133.040775680542,133.34095092773438,,False,True,Bearish
2022-04-26,118.6500015258789,131.90050048828124,133.0283009338379,,False,False,
2022-04-27,114.29450225830078,130.48995094299318,132.60367095947265,,False,False,
2022-04-28,118.52249908447266,129.31915054321288,132.24195083618164,,False,False,
2022-04-29,114.1094970703125,128.07125015258788,131.76938064575197,,False,False,
2022-05-02,116.58300018310548,126.89287528991699,131.45026062011718,,False,False,
2022-05-03,117.33399963378906,125.61100044250489,131.18888061523438,,False,False,
2022-05-04,122.26100158691406,124.69450035095215,131.0378305053711,,False,False,
2022-05-05,116.50550079345705,123.69237518310547,130.81618057250978,,False,False,
2022-05-06,115.74649810791016,122.68527488708496,130.47729064941407,,False,False,
2022-05-09,112.51100158691406,121.64644966125488,130.0383206176758,,False,False,
2022-05-10,114.3949966430664,120.9250244140625,129.62508041381835,,False,False,
2022-05-11,113.60250091552734,120.21942443847657,129.21590057373047,,False,False,
2022-05-12,112.84400177001952,119.3669246673584,128.78135055541992,,False,False,
2022-05-13,116.05049896240234,118.83294944763183,128.42437042236327,,False,False,
2022-05-16,114.44499969482422,118.17137451171875,128.07514053344727,,False,False,
2022-05-17,116.4729995727539,117.4945743560791,127.87703048706055,,False,False,
2022-05-18,111.89949798583984,116.68754959106445,127.57293045043946,,False,False,
2022-05-19,110.38400268554688,115.96602478027344,127.11221054077149,,False,False,
2022-05-20,108.90799713134766,115.42964973449708,126.64178039550781,,False,False,
2022-05-23,111.48799896240234,114.85034980773926,126.27413040161133,,False,False,
2022-05-24,105.97000122070312,114.21634979248047,125.87451049804687,,False,False,
2022-05-25,105.80500030517578,113.79187469482422,125.40665054321289,,False,False,
2022-05-26,107.7925033569336,113.25537490844727,124.89689056396485,,False,False,
2022-05-27,112.31649780273438,113.16572494506836,124.4664404296875,,False,False,
2022-05-31,113.76200103759766,113.02467498779296,124.01917037963867,136.11876770019532,False,False,
2022-06-01,113.89199829101562,112.85257492065429,123.57498031616211,135.99668022155763,False,False,
2022-06-02,117.62249755859376,112.62064971923829,123.13007034301758,135.9014852142334,False,False,
2022-06-03,114.54100036621094,112.52242469787598,122.65538040161132,135.79694519042968,False,False,
2022-06-06,116.82050323486328,112.57612495422363,122.16035034179687,135.7026477432251,False,False,
2022-06-07,117.14949798583984,112.80804977416992,121.66988021850585,135.60124771118163,False,False,
2022-06-08,117.19400024414062,112.94799995422363,121.1846501159668,135.48701019287108,False,False,
2022-06-09,114.83550262451172,113.00965003967285,120.63125030517578,135.3548801803589,False,False,
2022-06-10,111.1614990234375,112.92552490234375,120.01571014404297,135.2002927017212,False,False,
2022-06-13,106.39250183105467,112.44262504577637,119.36221008300781,135.02505268096922,False,False,
2022-06-14,106.71549987792967,112.05615005493163,118.69351013183594,134.83861019134523,False,False,
2022-06-15,109.7645034790039,111.72072525024414,118.02937026977538,134.6644802093506,False,False,
2022-06-16,106.03350067138672,111.42742538452148,117.33822021484374,134.47116024017333,False,False,
2022-06-17,107.14350128173828,111.26540031433106,116.7501301574707,134.2808002471924,False,False,
2022-06-21,111.54399871826172,111.39720039367675,116.26324005126953,134.1220852279663,False,False,
2022-06-22,111.4875030517578,111.39717559814453,115.82723999023438,133.96082523345947,False,False,
2022-06-23,112.24199676513672,111.71077537536621,115.49560989379883,133.80063270568849,False,False,
2022-06-24,117.9749984741211,112.31927528381348,115.30081985473633,133.67205272674562,False,False,
2022-06-27,115.83350372314452,112.72132530212403,115.01960998535156,133.53351524353027,False,False,
2022-06-28,112.00749969482422,112.70587539672852,114.72515991210938,133.389172706604,False,False,
2022-06-29,111.70149993896484,112.60285034179688,114.40565994262695,133.2360176849365,False,False,
2022-06-30,108.96299743652344,112.35640029907226,113.98473983764649,133.0681101989746,False,False,
2022-07-01,108.7375030517578,111.91215057373047,113.59869003295898,132.88965019226075,False,False,
2022-07-05,113.26300048828124,111.84825057983399,113.36766006469726,132.7379151916504,False,False,
2022-07-06,114.5719985961914,111.73582534790039,113.26639007568359,132.60677516937255,False,False,
2022-07-07,118.78299713134766,111.81750030517578,113.18057006835937,132.50709266662597,False,False,
2022-07-08,119.35350036621094,111.9254753112793,113.19464004516601,132.4086951446533,False,False,
2022-07-11,115.67649841308594,111.967525100708,113.22227996826172,132.2856601715088,False,False,
2022-07-12,114.02050018310548,112.1104751586914,113.13223999023438,132.14968265533446,False,False,
2022-07-13,111.35350036621094,112.35852508544922,113.07712005615234,131.99537517547608,False,False,
2022-07-14,110.36750030517578,112.54112510681152,112.95281005859376,131.841852645874,False,False,
2022-07-15,111.77749633789062,112.64177474975585,112.84167999267578,131.72159011840822,False,False,
2022-07-18,109.02999877929688,112.79159965515137,112.57705993652344,131.59497261047363,True,False,Bullish
2022-07-19,113.80999755859376,113.12492446899414,112.52314987182618,131.49564262390138,False,False,
2022-07-20,113.9000015258789,113.242724609375,112.48621994018555,131.38242763519287,False,False,
2022-07-21,114.33999633789062,113.38534927368164,112.52279983520508,131.28583011627197,False,False,
2022-07-22,107.9000015258789,113.16824951171876,112.39289993286133,131.1452151489258,False,False,
2022-07-25,107.51000213623048,112.64499969482422,112.2710499572754,130.99494014739992,False,False,
2022-07-26,105.0199966430664,112.10432434082031,112.11456985473633,130.82391510009765,False,True,Bearish
2022-07-27,113.05999755859376,112.15694923400879,112.05475982666016,130.6902875518799,True,False,Bullish
2022-07-28,114.22000122070312,112.2828742980957,112.05025985717774,130.56681755065918,False,False,
2022-07-29,116.31999969482422,112.65072441101074,112.04719985961914,130.46617252349853,False,False,
2022-08-01,114.86000061035156,112.95684928894043,112.10640991210937,130.35256252288818,False,False,
2022-08-02,115.12999725341795,113.05019912719726,112.20132980346679,130.22245750427246,False,False,
2022-08-03,118.08000183105467,113.22559928894043,112.38476989746094,130.10601753234863,False,False,
2022-08-04,118.19000244140624,113.19594955444336,112.51880996704102,129.98307754516603,False,False,
2022-08-05,117.47000122070312,113.10177459716797,112.74880996704101,129.85424255371095,False,False,
2022-08-08,117.3000030517578,113.18294982910156,112.97871002197266,129.73189758300782,False,False,
2022-08-09,116.62999725341795,113.31342468261718,113.15545989990234,129.60561756134032,False,False,
2022-08-10,119.6999969482422,113.73074951171876,113.3031298828125,129.51628505706788,False,False,
2022-08-11,118.83999633789062,114.1543743133545,113.40468978881836,129.4232500076294,False,False,
2022-08-12,121.68000030517578,114.64949951171874,113.56044982910156,129.33510749816895,False,False,
2022-08-15,122.08000183105467,115.30199966430663,113.64959991455078,129.21442001342774,False,False,
2022-08-16,121.6999969482422,115.69649963378906,113.79277984619141,129.09367500305177,False,False,
2022-08-17,119.5500030517578,115.978999710083,113.8473698425293,128.95119499206544,False,False,
2022-08-18,120.16999816894533,116.27049980163574,113.9077798461914,128.83456001281738,False,False,
2022-08-19,117.20999908447266,116.73599967956542,113.90809982299805,128.6934475326538,False,False,
2022-08-22,114.23999786376952,117.07249946594239,113.89618972778321,128.53165748596192,False,False,
2022-08-23,113.86000061035156,117.51449966430664,113.95015975952148,128.3596199798584,False,False,
2022-08-24,113.69000244140624,117.54599990844727,114.09610977172852,128.18380996704101,False,False,
2022-08-25,116.6500015258789,117.66749992370606,114.2947998046875,128.02190494537354,False,False,
2022-08-26,110.33999633789062,117.36849975585938,114.30630966186523,127.8290124130249,False,False,
2022-08-29,109.41999816894533,117.09649963378907,114.3740396118164,127.64664493560791,False,False,
2022-08-30,108.94000244140624,116.78699989318848,114.40996963500976,127.46251247406006,False,False,
2022-08-31,108.22000122070312,116.2939998626709,114.3434896850586,127.2602225112915,False,False,
2022-09-01,109.73999786376952,115.87149963378906,114.30853958129883,127.0666625213623,False,False,
2022-09-02,107.8499984741211,115.39049949645997,114.22069961547851,126.86653247833252,False,False,
2022-09-06,106.80999755859376,114.86599922180176,113.99739959716797,126.66034748077392,False,False,
2022-09-07,109.4499969482422,114.50699920654297,113.86972946166992,126.45840496063232,False,False,
2022-09-08,108.37999725341795,113.94099922180176,113.7971794128418,126.25567245483398,False,False,
2022-09-09,110.6500015258789,113.53149948120117,113.77614944458008,126.07741245269776,False,True,Bearish
2022-09-12,110.86000061035156,112.99049949645996,113.81408950805664,125.90280246734619,False,False,
2022-09-13,104.31999969482422,112.10249938964844,113.72573944091796,125.69380249023438,False,False,
2022-09-14,105.0,111.26749954223632,113.56047943115234,125.50788749694824,False,False,
2022-09-15,102.91000366210938,110.43549957275391,113.3272395324707,125.29478500366211,False,False,
2022-09-16,102.8000030517578,109.56699981689454,113.00757965087891,125.09929748535156,False,False,
2022-09-19,103.06999969482422,108.85999984741211,112.68190963745117,124.90938999176025,False,False,
2022-09-20,101.13999938964844,108.20499992370605,112.39117965698242,124.70025997161865,False,False,
2022-09-21,99.27999877929688,107.47599983215332,112.09636962890625,124.4866524887085,False,False,
2022-09-22,100.13999938964844,106.79849967956542,111.872099609375,124.27157749176025,False,False,
2022-09-23,98.73999786376952,105.90299949645996,111.63954956054687,124.028929977417,False,False,
2022-09-26,98.16999816894533,105.2944995880127,111.36739959716797,123.7788475036621,False,False,
2022-09-27,97.5,104.69849967956543,111.13679962158203,123.52815498352051,False,False,
2022-09-28,100.0500030517578,104.25399971008301,110.86159973144531,123.28839752197266,False,False,
2022-09-29,97.41999816894533,103.71399955749511,110.53199966430664,123.04636497497559,False,False,
2022-09-30,95.6500015258789,103.00949974060059,110.15819976806641,122.80507999420166,False,False,
2022-10-03,98.63999938964844,102.54899978637695,109.9729997253418,122.56607501983643,False,False,
2022-10-04,101.63999938964844,102.29049987792969,109.85559967041016,122.35204998016357,False,False,
2022-10-05,101.43000030517578,101.88950004577637,109.78379974365234,122.15057495117188,False,False,
2022-10-06,101.41999816894533,101.54150009155273,109.55099975585938,121.94963996887208,False,False,
2022-10-07,98.68000030517578,100.94300003051758,109.24019973754883,121.7256774520874,False,False,
2022-10-10,97.86000061035156,100.29300003051758,108.87099975585937,121.48290248870849,False,False,
2022-10-11,97.18000030517578,99.93600006103516,108.51739974975585,121.23421997070312,False,False,
2022-10-12,97.55999755859376,99.56399993896484,108.16599975585937,120.98248748779297,False,False,
2022-10-13,99.05999755859376,99.37149963378906,107.78559967041015,120.74435249328613,False,False,
2022-10-14,96.55999755859376,99.05949935913085,107.3529995727539,120.49387748718262,False,False,
2022-10-17,99.97000122070312,98.90449943542481,107.00299957275391,120.26272499084473,False,False,
2022-10-18,100.7699966430664,98.8859992980957,106.67239944458008,120.04231494903564,False,False,
2022-10-19,99.62999725341795,98.90349922180175,106.33239944458008,119.81550743103027,False,False,
2022-10-20,99.97000122070312,98.89499931335449,105.9377995300293,119.59335990905761,False,False,
2022-10-21,101.12999725341795,99.01449928283691,105.58359954833985,119.41013492584229,False,False,
2022-10-24,102.5199966430664,99.23199920654297,105.20039947509765,119.23399742126465,False,False,
2022-10-25,104.4800033569336,99.58099937438965,104.84839950561523,119.07131244659423,False,False,
2022-10-26,94.93000030517578,99.32499923706055,104.31299957275391,118.85261497497558,False,False,
2022-10-27,92.22000122070312,99.06499938964843,103.76639953613281,118.61503501892089,False,False,
2022-10-28,96.29000091552734,99.09699935913086,103.28879959106445,118.38933254241944,False,False,
2022-10-31,94.51000213623048,98.89049949645997,102.8347996520996,118.16894752502441,False,False,
2022-11-01,90.47000122070312,98.33199958801269,102.35939971923828,117.92389503479004,False,False,
2022-11-02,86.97000122070312,97.60899963378907,101.82159973144532,117.67875503540039,False,False,
2022-11-03,83.43000030517578,96.70949974060059,101.2163996887207,117.42032253265381,False,False,
2022-11-04,86.58000183105469,96.10449981689453,100.61499969482422,117.18668506622315,False,False,
2022-11-07,88.48999786376953,95.63599967956543,100.17799972534179,116.97737754821777,False,False,
2022-11-08,88.9000015258789,95.22199974060058,99.76759979248047,116.7678575515747,False,False,
2022-11-09,87.31999969482422,94.7099998474121,99.33519973754883,116.56978256225585,False,False,
2022-11-10,93.94000244140624,94.45400009155273,99.0495997619629,116.39331756591797,False,False,
2022-11-11,96.41000366210938,94.44650039672851,98.78299987792968,116.23034255981446,False,False,
2022-11-14,95.6999969482422,94.23300018310547,98.5399998474121,116.04208755493164,False,False,
2022-11-15,98.44000244140624,94.11650047302246,98.37259994506836,115.85777008056641,False,False,
2022-11-16,98.8499984741211,94.07750053405762,98.16059997558594,115.6638000869751,False,False,
2022-11-17,98.36000061035156,93.99700050354004,97.96020004272461,115.41560009002686,False,False,
2022-11-18,97.43000030517578,93.81200065612794,97.69580001831055,115.18730010986329,False,False,
2022-11-21,95.5999984741211,93.46600074768067,97.39059997558594,114.948835105896,False,False,
2022-11-22,97.0500030517578,93.09450073242188,97.2452000427246,114.73808010101318,False,False,
2022-11-23,98.45999908447266,93.27100067138672,97.11440002441407,114.53338508605957,False,False,
2022-11-25,97.45999908447266,93.53300056457519,97.00539993286132,114.31272510528565,False,False,
2022-11-28,96.0500030517578,93.52100067138672,96.87039993286133,114.0998751449585,False,False,
2022-11-29,95.19000244140624,93.55500068664551,96.71279998779296,113.90441265106202,False,False,
2022-11-30,100.98999786376952,94.08100051879883,96.7097999572754,113.73173263549805,False,False,
2022-12-01,100.98999786376952,94.78200035095213,96.74399993896485,113.55364009857178,False,False,
2022-12-02,100.44000244140624,95.63250045776365,96.75,113.36715007781983,False,False,
2022-12-05,99.4800033569336,96.27750053405761,96.76480010986329,113.20185508728028,False,False,
2022-12-06,96.9800033569336,96.70200080871581,96.74100021362305,113.0347401046753,False,False,
2022-12-07,94.94000244140624,97.00400085449218,96.68980026245117,112.86037258148194,True,False,Bullish
2022-12-08,93.70999908447266,97.3235008239746,96.56300018310547,112.69098258972168,False,False,
2022-12-09,92.83000183105467,97.26800079345702,96.47120025634766,112.49167762756348,False,False,
2022-12-12,93.30999755859376,97.11300048828124,96.42440017700196,112.2859300994873,False,False,
2022-12-13,95.62999725341795,97.10950050354003,96.36420013427734,112.0887950515747,False,False,
2022-12-14,95.06999969482422,96.94100036621093,96.23280014038086,111.89383758544922,False,False,
2022-12-15,90.86000061035156,96.54150047302245,96.02140014648438,111.67528007507325,False,False,
2022-12-16,90.26000213623048,96.1365005493164,95.79820022583007,111.45708255767822,False,False,
2022-12-19,88.44000244140625,95.68700065612792,95.59340026855469,111.23975009918213,False,False,
2022-12-20,89.0199966430664,95.35800056457518,95.41660018920898,111.05295757293702,False,True,Bearish
2022-12-21,89.58000183105469,94.98450050354003,95.26460021972656,110.8653350830078,False,False,
2022-12-22,87.76000213623047,94.44950065612792,95.0686003112793,110.63703510284424,False,False,
2022-12-23,89.2300033569336,94.03800086975096,94.87200042724609,110.42103759765625,False,False,
2022-12-27,87.38999938964844,93.6050006866455,94.68860046386719,110.20863510131836,False,False,
2022-12-28,86.0199966430664,93.1465003967285,94.40960037231446,110.00898010253906,False,False,
2022-12-29,88.44999694824219,92.51950035095214,94.16320037841797,109.8052400970459,False,False,
2022-12-30,88.2300033569336,91.88150062561036,93.93520050048828,109.57998760223389,False,False,
2023-01-03,89.12000274658203,91.31550064086915,93.71820053100586,109.35639259338379,False,False,
2023-01-04,88.08000183105469,90.7455005645752,93.45720062255859,109.11616508483887,False,False,
2023-01-05,86.19999694824219,90.20650024414063,93.13080062866212,108.86665756225585,False,False,
2023-01-06,87.33999633789062,89.82649993896484,92.78800048828126,108.6040175628662,False,False,
2023-01-09,88.0199966430664,89.54199981689453,92.64980041503907,108.35274005889893,False,False,
2023-01-10,88.41999816894531,89.32149963378906,92.57380035400391,108.08698001861572,False,False,
2023-01-11,91.5199966430664,89.2319995880127,92.4784002685547,107.8362149810791,False,False,
2023-01-12,91.12999725341795,89.00699958801269,92.41080017089844,107.58458744049072,False,False,
2023-01-13,92.12000274658205,88.85949974060058,92.44380020141601,107.33265998840332,False,False,
2023-01-17,91.29000091552734,88.88099975585938,92.5302001953125,107.07941745758056,False,False,
2023-01-18,91.12000274658205,88.92399978637695,92.68400024414062,106.83967994689941,False,False,
2023-01-19,93.0500030517578,89.15449981689453,92.81340026855469,106.60417747497559,False,False,
2023-01-20,98.0199966430664,89.60449981689453,93.00400024414063,106.37941997528077,False,False,
2023-01-23,99.79000091552734,90.11499977111816,93.2218002319336,106.17541496276856,False,False,
2023-01-24,97.6999969482422,90.61199951171875,93.42940017700195,105.98117492675782,False,False,
2023-01-25,95.22000122070312,90.91149940490723,93.45500015258789,105.77783241271973,False,False,
2023-01-26,97.5199966430664,91.41799926757812,93.47720001220704,105.59899486541748,False,False,
2023-01-27,99.37000274658205,92.0854995727539,93.55060012817383,105.45172737121582,False,False,
2023-01-30,96.94000244140624,92.5099998474121,93.52060012817383,105.29785488128663,False,False,
2023-01-31,98.83999633789062,93.04049949645996,93.52040008544923,105.14258487701416,False,False,
2023-02-01,100.43000030517578,93.60599937438965,93.5618000793457,105.01108486175536,True,False,Bullish
2023-02-02,107.73999786376952,94.5889991760254,93.76800003051758,104.91140235900879,False,False,
2023-02-03,104.77999877929688,95.51799926757812,93.95160003662109,104.78525733947754,False,False,
2023-02-06,102.9000015258789,96.29599952697754,94.06860000610351,104.65955738067628,False,False,
2023-02-07,107.63999938964844,97.27699966430664,94.25220001220703,104.57368488311768,False,False,
2023-02-08,99.37000274658205,97.82449989318847,94.29040008544922,104.47235740661621,False,False,
2023-02-09,95.01000213623048,97.99900016784667,94.26960006713867,104.33203742980957,False,False,
2023-02-10,94.56999969482422,98.17100028991699,94.25720001220704,104.2116374206543,False,False,
2023-02-13,94.61000061035156,98.29550018310547,94.12960006713867,104.11321491241455,False,False,
2023-02-14,94.68000030517578,98.46500015258789,94.0034001159668,103.99400241851806,False,False,
2023-02-15,96.94000244140624,98.7560001373291,93.93340011596679,103.90815494537354,False,False,
2023-02-16,95.51000213623048,98.87900009155274,93.85400009155273,103.80278995513916,False,False,
2023-02-17,94.3499984741211,98.69550018310547,93.80139999389648,103.68786994934082,False,False,
2023-02-21,91.79000091552734,98.29550018310547,93.73839996337891,103.53551494598389,False,False,
2023-02-22,91.6500015258789,97.99300041198731,93.69720001220703,103.411237449646,False,False,
2023-02-23,90.88999938964844,97.77650032043456,93.65839996337891,103.28695495605469,False,False,
2023-02-24,89.12999725341797,97.35700035095215,93.57479995727539,103.17004993438721,False,False,
2023-02-27,89.87000274658203,96.88200035095215,93.45960006713867,103.04742496490479,False,False,
2023-02-28,90.05999755859375,96.53800010681152,93.35940002441406,102.92971244812011,False,False,
2023-03-01,90.36000061035156,96.11400032043457,93.34940002441407,102.81729244232177,False,False,
2023-03-02,92.0,95.69250030517578,93.38419998168945,102.69703994750977,False,False,
2023-03-03,93.6500015258789,94.98800048828124,93.48839996337891,102.59306495666505,False,False,
2023-03-06,95.12999725341795,94.5055004119873,93.61059997558594,102.48634994506835,False,False,
2023-03-07,93.86000061035156,94.05350036621094,93.69619995117188,102.39615245819091,False,False,
2023-03-08,94.25,93.38400039672851,93.82599990844727,102.31548244476318,False,True,Bearish
2023-03-09,92.31999969482422,93.03150024414063,93.88779983520507,102.23254245758056,False,False,
2023-03-10,90.62999725341795,92.8125,93.95259979248047,102.12825244903564,False,False,
2023-03-13,91.11000061035156,92.63950004577637,94.05439987182618,102.05395244598388,False,False,
2023-03-14,93.97000122070312,92.60750007629395,94.16479995727539,101.99477745056153,False,False,
2023-03-15,96.11000061035156,92.67900009155274,94.32239990234375,101.93636493682861,False,False,
2023-03-16,100.31999969482422,92.84799995422364,94.5463998413086,101.87638244628906,False,False,
2023-03-17,101.62000274658205,93.15349998474122,94.81719985961914,101.81567245483399,False,False,
2023-03-20,101.22000122070312,93.49700012207032,95.11759994506836,101.75231246948242,False,False,
2023-03-21,104.91999816894533,94.15349998474122,95.46919998168946,101.68879997253418,False,False,
2023-03-22,103.37000274658205,94.73950004577637,95.77620010375976,101.63294498443604,False,False,
2023-03-23,105.5999984741211,95.475,96.11980010986328,101.57684246063232,False,False,
2023-03-24,105.44000244140624,96.29050025939941,96.39820022583008,101.51829498291016,False,False,
2023-03-27,102.45999908447266,96.92000007629395,96.62480026245117,101.44462497711181,True,False,Bullish
2023-03-28,101.02999877929688,97.4685001373291,96.80300018310547,101.37559745788575,False,False,
2023-03-29,101.38999938964844,98.02000007629394,97.0050001525879,101.3267399597168,False,False,
2023-03-30,100.88999938964844,98.46450004577636,97.20040008544922,101.29922744750976,False,False,
2023-03-31,103.7300033569336,98.9685001373291,97.41400009155274,101.28429996490479,False,False,
2023-04-03,104.36000061035156,99.43000030517578,97.54080017089844,101.25727745056152,False,False,
2023-04-04,104.72000122070312,99.97300033569336,97.63940017700196,101.2507099533081,False,False,
2023-04-05,104.47000122070312,100.48400039672852,97.77480026245117,101.23734245300292,False,False,
2023-04-06,108.41999816894533,101.28900032043457,98.03880020141601,101.22172245025635,False,False,
2023-04-10,106.44000244140624,102.07950057983399,98.21720031738282,101.1964849472046,False,False,
2023-04-11,105.3499984741211,102.79150047302247,98.3368002319336,101.16202495574952,False,False,
2023-04-12,104.63999938964844,103.32500038146972,98.49080017089844,101.09534996032716,False,False,
2023-04-13,107.43000030517578,103.89100036621093,98.66260025024414,101.05333244323731,False,False,
2023-04-14,108.87000274658205,104.31850051879883,98.83140029907227,101.03764495849609,False,False,
2023-04-17,105.97000122070312,104.53600044250489,98.79600036621093,101.00898746490479,False,False,
2023-04-18,104.5,104.70000038146972,98.790400390625,100.98667247772217,False,False,
2023-04-19,104.18000030517578,104.66300048828126,98.81600036621094,100.96388496398926,False,False,
2023-04-20,105.29000091552734,104.75900039672851,98.76900039672852,100.92401996612548,False,False,
2023-04-21,105.41000366210938,104.74950065612794,98.88980041503906,100.87820999145508,False,False,
2023-04-24,105.97000122070312,104.77600059509277,99.10900039672852,100.81414501190186,False,False,
2023-04-25,103.8499984741211,104.84550056457519,99.29460037231445,100.73662750244141,False,False,
2023-04-26,103.70999908447266,104.97950057983398,99.47660034179688,100.67679500579834,False,False,
2023-04-27,107.58999633789062,105.2895004272461,99.73480026245117,100.64464248657227,False,False,
2023-04-28,107.33999633789062,105.6120002746582,99.94280014038085,100.62457496643066,False,False,
2023-05-01,107.1999969482422,105.78549995422364,100.1766000366211,100.608737449646,False,False,
2023-05-02,105.31999969482422,105.83349990844727,100.39600006103515,100.57644996643066,False,False,
2023-05-03,105.41000366210938,105.86800003051758,100.66840011596679,100.55834999084473,False,False,
2023-05-04,104.69000244140624,105.87900009155274,100.92920013427734,100.51275001525879,False,False,
2023-05-05,105.56999969482422,105.73650016784669,101.22280014038085,100.47110000610351,False,False,
2023-05-08,107.7699966430664,105.8029998779297,101.59560012817383,100.43825000762939,False,False,
2023-05-09,107.3499984741211,105.90299987792969,101.94520004272461,100.43549999237061,False,False,
2023-05-10,111.75,106.25849990844726,102.37900009155274,100.45669998168945,False,False,
2023-05-11,116.56999969482422,106.71549987792969,102.90320007324219,100.51444999694824,False,False,
2023-05-12,117.51000213623048,107.1474998474121,103.4134001159668,100.53670001983643,False,False,
2023-05-15,116.51000213623048,107.67449989318848,103.87060012817383,100.54815002441406,False,False,
2023-05-16,119.51000213623048,108.425,104.35820022583007,100.5641000366211,False,False,
2023-05-17,120.83999633789062,109.25799980163575,104.89780014038087,100.59400001525879,False,False,
2023-05-18,122.83000183105467,110.1349998474121,105.46940017700196,100.63250003814697,False,False,
2023-05-19,122.76000213623048,111.00249977111817,106.07820022583007,100.65590003967286,False,False,
2023-05-22,125.0500030517578,111.9564998626709,106.76660034179687,100.69020004272461,False,False,
2023-05-23,122.55999755859376,112.89199981689453,107.39560028076171,100.71565002441406,False,False,
2023-05-24,120.9000015258789,113.75149993896484,107.93420028686523,100.73365001678467,False,False,
2023-05-25,123.4800033569336,114.54600028991699,108.48160034179688,100.76790004730225,False,False,
2023-05-26,124.61000061035156,115.40950050354004,108.96740036010742,100.7924500656128,False,False,
2023-05-30,123.66999816894533,116.23300056457519,109.40840026855469,100.81660007476806,False,False,
2023-05-31,122.87000274658205,117.11050071716309,109.84140029907226,100.8225500869751,False,False,
2023-06-01,123.72000122070312,118.02600059509277,110.21740036010742,100.83075008392333,False,False,
2023-06-02,124.66999816894533,119.02500038146972,110.64340026855469,100.84560009002685,False,False,
2023-06-05,126.01000213623048,120.04700050354003,111.05160034179687,100.87790008544921,False,False,
2023-06-06,127.30999755859376,121.02400054931641,111.48900024414063,100.91360008239747,False,False,
2023-06-07,122.5,121.78150062561035,111.88980026245117,100.94005008697509,False,False,
2023-06-08,122.13999938964844,122.30100059509277,112.3120002746582,100.97955009460449,False,False,
2023-06-09,122.2300033569336,122.58400077819825,112.72880035400391,101.0214001083374,False,False,
2023-06-12,123.63999938964844,122.89050064086913,113.1838003540039,101.07115009307861,False,False,
2023-06-13,123.83000183105467,123.25650062561036,113.58580032348632,101.10705009460449,False,False,
2023-06-14,123.66999816894533,123.4645004272461,113.9720002746582,101.17370010375977,False,False,
2023-06-15,125.08999633789062,123.6770004272461,114.37940017700195,101.2520500946045,False,False,
2023-06-16,123.52999877929688,123.71200027465821,114.76060012817383,101.32500007629395,False,False,
2023-06-20,123.0999984741211,123.72900009155273,115.05420013427734,101.39940006256103,False,False,
2023-06-21,120.5500030517578,123.50400009155274,115.33640014648438,101.45345008850097,False,False,
2023-06-22,123.1500015258789,123.53350028991699,115.69240020751953,101.52995010375976,False,False,
2023-06-23,122.33999633789062,123.60550003051758,116.04640014648437,101.60760009765625,False,False,
2023-06-26,118.33999633789062,123.34849967956544,116.26460006713867,101.65205009460449,False,False,
2023-06-27,118.33000183105467,123.03449974060058,116.45380004882813,101.70180011749268,False,False,
2023-06-28,120.18000030517578,122.85999984741211,116.73800003051758,101.74945011138917,False,False,
2023-06-29,119.0999984741211,122.67149963378907,117.03,101.790650100708,False,False,
2023-06-30,119.6999969482422,122.47049942016602,117.34039993286133,101.8675500869751,False,False,
2023-07-03,119.9000015258789,122.2319995880127,117.63259994506836,101.9420500946045,False,False,
2023-07-05,121.75,122.01899948120118,117.95939987182618,102.03625007629394,False,False,
2023-07-06,120.11000061035156,121.65899963378907,118.24219985961913,102.12280006408692,False,False,
2023-07-07,119.4800033569336,121.50799980163575,118.55479995727539,102.20485008239746,False,False,
2023-07-10,116.4499969482422,121.22349967956544,118.80959991455079,102.28140007019043,False,False,
2023-07-11,117.13999938964844,120.96899948120117,119.00059997558594,102.37070007324219,False,False,
2023-07-12,118.93000030517578,120.73349952697754,119.23240005493165,102.46465007781983,False,False,
2023-07-13,124.54000091552734,120.76899948120118,119.57920013427734,102.59365009307861,False,False,
2023-07-14,125.41999816894533,120.8564994812012,119.98120010375976,102.72990009307861,False,False,
2023-07-17,124.6500015258789,120.83449974060059,120.36600006103515,102.86565010070801,False,False,
2023-07-18,123.76000213623048,120.84599990844727,120.74740005493165,102.98420009613037,False,False,
2023-07-19,122.02999877929688,120.79249992370606,121.07660003662109,103.10725009918212,False,True,Bearish
2023-07-20,119.1999969482422,120.72499961853029,121.3052000427246,103.22500007629395,False,False,
2023-07-21,120.0199966430664,120.56849937438967,121.55860000610352,103.33190006256103,False,False,
2023-07-24,121.52999877929688,120.52799949645998,121.75419998168945,103.43135005950927,False,False,
2023-07-25,122.20999908447266,120.72149963378908,121.86699996948242,103.53525005340576,False,False,
2023-07-26,129.27000427246094,121.2684997558594,122.10220001220704,103.67450008392333,False,False,
2023-07-27,129.39999389648438,121.72949943542483,122.35999984741211,103.82810005187989,False,False,
2023-07-28,132.5800018310547,122.40349960327151,122.62139984130859,104.0017000579834,False,False,
2023-07-31,132.72000122070312,123.05449981689455,122.85899993896484,104.17940006256103,True,False,Bullish
2023-08-01,131.5500030517578,123.6369998931885,123.03339996337891,104.34935009002686,False,False,
2023-08-02,128.3800048828125,123.96850013732913,123.14580001831055,104.49595012664795,False,False,
2023-08-03,128.4499969482422,124.38549995422366,123.21379989624023,104.6554001235962,False,False,
2023-08-04,128.11000061035156,124.81699981689455,123.32479995727539,104.79610012054444,False,False,
2023-08-07,131.52999877929688,125.57099990844726,123.53739990234375,104.94990013122559,False,False,
2023-08-08,131.39999389648438,126.28399963378907,123.69579971313476,105.10875011444092,False,False,
2023-08-09,129.66000366210938,126.82049980163575,123.79679977416993,105.25720012664794,False,False,
2023-08-10,129.69000244140625,127.07799987792968,123.91719985961915,105.4000001525879,False,False,
2023-08-11,129.55999755859375,127.28499984741211,124.05099975585938,105.53520015716553,False,False,
2023-08-14,131.3300018310547,127.6189998626709,124.20319976806641,105.66945014953613,False,False,
2023-08-15,129.77999877929688,127.91999969482421,124.30539978027343,105.84370014190674,False,False,
2023-08-16,128.6999969482422,128.25349960327148,124.35919967651367,106.02610012054443,False,False,
2023-08-17,129.9199981689453,128.78949966430665,124.4113996887207,106.19425010681152,False,False,
2023-08-18,127.45999908447266,129.16149978637696,124.51059967041016,106.35900009155273,False,False,
2023-08-21,128.3699951171875,129.50349960327148,124.63519958496094,106.54850006103516,False,False,
2023-08-22,129.0800018310547,129.84699974060058,124.77219955444336,106.75905006408692,False,False,
2023-08-23,132.3699951171875,130.00199928283692,124.94679946899414,107.00375003814698,False,False,
2023-08-24,129.77999877929688,130.02099952697753,125.06579940795899,107.21975002288818,False,False,
2023-08-25,129.8800048828125,129.88599967956543,125.18999954223632,107.4267000579834,False,False,
2023-08-28,131.00999450683594,129.80049934387208,125.30839950561523,107.63725002288818,False,False,
2023-08-29,134.57000732421875,129.9514995574951,125.52919967651367,107.87350006103516,False,False,
2023-08-30,135.8800048828125,130.3264995574951,125.7847998046875,108.08320007324218,False,False,
2023-08-31,136.1699981689453,130.71249961853027,126.09719970703125,108.28200004577637,False,False,
2023-09-01,135.66000366210938,131.08999977111816,126.34739974975587,108.4818000793457,False,False,
2023-09-05,135.77000427246094,131.30200004577637,126.61599990844726,108.66845008850098,False,False,
2023-09-06,134.4600067138672,131.45500068664552,126.9384001159668,108.8465001296997,False,False,
2023-09-07,135.25999450683594,131.73500022888183,127.27699996948242,109.03100009918212,False,False,
2023-09-08,136.3800048828125,132.06950035095215,127.60100006103515,109.22575012207031,False,False,
2023-09-11,136.9199981689453,132.43750038146973,127.95740005493164,109.43235012054443,False,False,
2023-09-12,135.33999633789062,132.63800010681152,128.2702000427246,109.6238000869751,False,False,
2023-09-13,136.7100067138672,132.98450050354003,128.60640014648436,109.81505012512207,False,False,
2023-09-14,138.10000610351562,133.45450096130372,128.9334002685547,110.01825016021729,False,False,
2023-09-15,137.39999389648438,133.82850074768066,129.27920013427735,110.22500011444092,False,False,
2023-09-18,138.2100067138672,134.3660011291504,129.653800201416,110.44010013580322,False,False,
2023-09-19,138.0399932861328,134.84950103759766,130.08560012817384,110.62535011291504,False,False,
2023-09-20,133.74000549316406,135.08250122070314,130.41760025024413,110.78910015106202,False,False,
2023-09-21,130.44000244140625,134.98600158691406,130.64780029296875,110.93910015106201,False,False,
2023-09-22,130.25,135.0095016479492,130.7620002746582,111.09295013427734,False,False,
2023-09-25,131.11000061035156,135.07100143432618,130.87580032348632,111.26360012054444,False,False,
2023-09-26,128.57000732421875,134.94900207519532,130.95420043945313,111.4317501449585,False,False,
2023-09-27,130.5399932861328,134.74750137329102,131.08980026245118,111.6159001159668,False,False,
2023-09-28,132.30999755859375,134.5690010070801,131.2954002380371,111.81330009460449,False,False,
2023-09-29,130.86000061035156,134.3035011291504,131.5286003112793,112.00105010986329,False,False,
2023-10-02,134.1699981689453,134.2290008544922,131.81160034179686,112.19375011444092,False,False,
2023-10-03,132.42999267578125,134.0620002746582,132.02960021972658,112.38055007934571,False,False,
2023-10-04,135.24000549316406,134.10100021362305,132.2902003479004,112.60245010375976,False,False,
2023-10-05,135.07000732421875,134.09150085449218,132.40620040893555,112.82650012969971,False,False,
2023-10-06,137.5800018310547,134.1515007019043,132.56980056762694,113.07220012664794,False,False,
2023-10-09,138.4199981689453,134.22650070190429,132.68660049438478,113.31920013427734,False,False,
2023-10-10,138.05999755859375,134.36250076293945,132.79340042114256,113.56160011291504,False,False,
2023-10-11,140.5500030517578,134.55450057983398,132.97340042114257,113.82555011749268,False,False,
2023-10-12,138.97000122070312,134.59800033569337,133.18520034790038,114.07425010681152,False,False,
2023-10-13,137.36000061035156,134.59600067138672,133.3634004211426,114.32410011291503,False,False,
2023-10-16,139.10000610351562,134.64050064086913,133.58320053100587,114.58950016021728,False,False,
2023-10-17,139.72000122070312,134.72450103759766,133.74700057983398,114.84585018157959,False,False,
2023-10-18,137.9600067138672,134.9355010986328,133.87820083618163,115.09450019836426,False,False,
2023-10-19,137.75,135.3010009765625,134.04000076293946,115.33765018463134,False,False,
2023-10-20,135.60000610351562,135.5685012817383,134.15820083618163,115.57525020599365,False,False,
2023-10-23,136.5,135.8380012512207,134.29700088500977,115.82675022125244,False,False,
2023-10-24,138.80999755859375,136.35000076293946,134.44660079956054,116.08410022735596,False,False,
2023-10-25,125.61000061035156,136.1035011291504,134.36320083618165,116.27205024719238,False,False,
2023-10-26,122.27999877929688,135.60200119018555,134.23480087280274,116.44135025024414,False,False,
2023-10-27,122.16999816894533,135.16750106811523,134.07980087280274,116.59460025787354,False,False,
2023-10-30,124.45999908447266,134.6820011138916,134.01980087280273,116.76125026702881,False,False,
2023-10-31,124.08000183105467,134.26450157165527,133.93400100708007,116.92105026245117,False,False,
2023-11-01,126.4499969482422,133.82500114440919,133.88140090942383,117.09685024261475,False,True,Bearish
2023-11-02,127.48999786376952,133.4460006713867,133.78380096435546,117.27870021820068,False,False,
2023-11-03,129.10000610351562,133.02200088500976,133.77020111083985,117.45895023345948,False,False,
2023-11-06,130.25,132.6135009765625,133.77760101318358,117.62010025024414,False,False,
2023-11-07,130.97000122070312,132.25900115966797,133.77680114746093,117.77600025177001,False,False,
2023-11-08,131.83999633789062,131.8235008239746,133.72220092773438,117.94670024871826,False,False,
2023-11-09,130.24000549316406,131.38700103759766,133.6094009399414,118.12180027008057,False,False,
2023-11-10,132.58999633789062,131.14850082397462,133.53780090332032,118.29715026855469,False,False,
2023-11-13,132.08999633789062,130.79800033569336,133.46640075683592,118.46075023651123,False,False,
2023-11-14,133.6199951171875,130.49300003051758,133.42340057373048,118.64415019989013,False,False,
2023-11-15,134.6199951171875,130.32599945068358,133.42660034179687,118.82305019378663,False,False,
2023-11-16,136.92999267578125,130.28499908447264,133.46000030517578,119.00555015563965,False,False,
2023-11-17,135.30999755859375,130.27049865722657,133.4386001586914,119.14340015411376,False,False,
2023-11-20,136.25,130.25799865722655,133.4252001953125,119.30075016021729,False,False,
2023-11-21,136.97000122070312,130.16599884033204,133.45780029296876,119.4711001586914,False,False,
2023-11-22,138.49000549316406,130.80999908447265,133.4934002685547,119.62535018920899,False,False,
2023-11-24,136.69000244140625,131.53049926757814,133.4652001953125,119.81195018768311,False,False,
2023-11-27,136.41000366210938,132.24249954223632,133.445400390625,120.0189501953125,False,False,
2023-11-28,137.1999969482422,132.8794994354248,133.4252001953125,120.2321001815796,False,False,
2023-11-29,134.99000549316406,133.42499961853028,133.36420043945313,120.43400020599366,True,False,Bullish
2023-11-30,132.52999877929688,133.728999710083,133.34000030517578,120.62325019836426,False,False,
2023-12-01,131.86000061035156,133.9474998474121,133.3684002685547,120.79785018920899,False,False,
2023-12-04,129.27000427246094,133.95599975585938,133.3488003540039,120.96665019989014,False,False,
2023-12-05,130.99000549316406,133.99300003051758,133.34640045166014,121.14985023498535,False,False,
2023-12-06,130.02000427246094,133.94550018310548,133.375400390625,121.34100025177003,False,False,
2023-12-07,136.92999267578125,134.2,133.50320037841797,121.56740020751953,False,False,
2023-12-08,134.99000549316406,134.4375,133.55680053710938,121.78790023803711,False,False,
2023-12-11,133.2899932861328,134.4724998474121,133.605400390625,122.00870021820069,False,False,
2023-12-12,132.52000427246094,134.49400024414064,133.5724005126953,122.22195022583008,False,False,
2023-12-13,132.57000732421875,134.44150085449218,133.57520080566405,122.4345002746582,False,False,
2023-12-14,131.94000244140625,134.30750122070313,133.5092007446289,122.64240028381347,False,False,
2023-12-15,132.60000610351562,134.09100189208985,133.45980072021484,122.84540031433106,False,False,
2023-12-18,135.8000030517578,134.11550216674806,133.4242007446289,123.05615032196044,False,False,
2023-12-19,136.64999389648438,134.13550186157227,133.38880065917968,123.26375030517578,False,False,
2023-12-20,138.33999633789062,134.20400161743163,133.39440063476562,123.48615028381347,False,False,
2023-12-21,140.4199981689453,134.3005012512207,133.39180053710936,123.7170002746582,False,False,
2023-12-22,141.49000549316406,134.5405014038086,133.4422006225586,123.9628503036499,False,False,
2023-12-26,141.52000427246094,134.79600143432617,133.52540069580078,124.21730033874512,False,False,
2023-12-27,140.3699951171875,134.95450134277343,133.55080047607422,124.4636003112793,False,False,
2023-12-28,140.22999572753906,135.21650085449218,133.56100036621095,124.69490028381348,False,False,
2023-12-29,139.69000244140625,135.57450103759766,133.59560028076172,124.91280029296875,False,False,
2024-01-02,138.1699981689453,135.89000091552734,133.60400024414062,125.10205028533936,False,False,
2024-01-03,138.9199981689453,136.37250061035155,133.67040008544922,125.28855026245117,False,False,
2024-01-04,136.38999938964844,136.6425003051758,133.6682000732422,125.46440025329589,False,False,
2024-01-05,135.72999572753906,136.9279998779297,133.6066000366211,125.61845024108887,False,False,
2024-01-08,138.83999633789062,137.02350006103515,133.8711999511719,125.79580020904541,False,False,
2024-01-09,140.9499969482422,137.32149963378907,134.24459991455078,125.97255020141601,False,False,
2024-01-10,142.27999877929688,137.77099990844727,134.6467999267578,126.15675018310547,False,False,
2024-01-11,142.0800018310547,138.24899978637694,134.99919998168946,126.35485019683838,False,False,
2024-01-12,142.64999389648438,138.75299911499025,135.37059982299806,126.56295017242432,False,False,
2024-01-16,142.49000549316406,139.28049926757814,135.69139999389648,126.76845020294189,False,False,
2024-01-17,141.47000122070312,139.7239990234375,135.97100006103517,126.97135021209716,False,False,
2024-01-18,143.47999572753906,140.10799865722657,136.25859985351562,127.17010017395019,False,False,
2024-01-19,146.3800048828125,140.59449920654296,136.58119995117187,127.3802001953125,False,False,
2024-01-22,145.99000549316406,140.97699966430665,136.88160003662108,127.58655021667481,False,False,
2024-01-23,147.0399932861328,141.30799942016603,137.18559997558594,127.79940017700196,False,False,
2024-01-24,148.6999969482422,141.66849899291992,137.5547998046875,128.00080017089843,False,False,
2024-01-25,151.8699951171875,142.18599853515624,137.94039978027342,128.22795013427734,False,False,
2024-01-26,152.19000244140625,142.7769989013672,138.34239990234374,128.46215015411377,False,False,
2024-01-29,153.50999450683594,143.44099884033204,138.74019989013672,128.70650012969972,False,False,
2024-01-30,151.4600067138672,144.02949905395508,139.0770001220703,128.92665016174317,False,False,
2024-01-31,140.10000610351562,144.1259994506836,139.140400390625,129.08280017852783,False,False,
2024-02-01,141.16000366210938,144.2379997253418,139.2574005126953,129.25875019073487,False,False,
2024-02-02,142.3800048828125,144.5375,139.38000061035157,129.44815021514893,False,False,
2024-02-05,143.67999267578125,144.93499984741212,139.51420043945313,129.64565017700195,False,False,
2024-02-06,144.10000610351562,145.19800033569337,139.62640045166015,129.83970020294188,False,False,
2024-02-07,145.5399932861328,145.4275001525879,139.8034002685547,130.040350151062,False,False,
2024-02-08,145.91000366210938,145.6090003967285,139.9934002685547,130.24005016326905,False,False,
2024-02-09,149.0,145.9550003051758,140.22940032958985,130.46580017089843,False,False,
2024-02-12,147.52999877929688,146.1990005493164,140.4802001953125,130.68490016937255,False,False,
2024-02-13,145.13999938964844,146.3315002441406,140.73240020751953,130.87265018463134,False,False,
2024-02-14,145.94000244140625,146.55500030517578,141.01400024414062,131.06565021514893,False,False,
2024-02-15,142.77000427246094,146.51950073242188,141.28400024414063,131.24350025177003,False,False,
2024-02-16,140.52000427246094,146.22650070190429,141.47460021972657,131.4195002746582,False,False,
2024-02-20,141.1199951171875,145.98300018310547,141.6966000366211,131.5980502319336,False,False,
2024-02-21,142.5500030517578,145.7585006713867,141.80900024414063,131.78735023498535,False,False,
2024-02-22,144.08999633789062,145.52800064086915,141.99100006103515,131.97995021820068,False,False,
2024-02-23,143.9600067138672,145.13250122070312,142.20440032958984,132.16090026855468,False,False,
2024-02-26,137.57000732421875,144.40150146484376,142.305400390625,132.31200031280517,False,False,
2024-02-27,138.8800048828125,143.67000198364258,142.43160034179687,132.44765033721924,False,False,
2024-02-28,136.3800048828125,142.91600189208984,142.520400390625,132.54670036315918,False,False,
2024-02-29,138.4600067138672,142.83400192260743,142.63760040283202,132.65145038604737,False,False,
2024-03-01,137.13999938964844,142.63300170898438,142.66440032958985,132.75460037231446,False,True,Bearish
2024-03-04,133.35000610351562,142.18150177001954,142.59840057373046,132.82380039215087,False,False,
2024-03-05,132.6699981689453,141.63100204467773,142.48500061035156,132.88295040130615,False,False,
2024-03-06,131.39999389648438,140.99600143432616,142.30460052490236,132.9258003616333,False,False,
2024-03-07,134.3800048828125,140.43800201416016,142.1624005126953,132.9839003753662,False,False,
2024-03-08,135.41000366210938,139.91300201416016,142.04020050048828,133.03570037841797,False,False,
2024-03-11,137.6699981689453,139.34650192260742,141.98620056152345,133.11125038146972,False,False,
2024-03-12,138.5,138.89500198364257,141.95160064697265,133.19925037384033,False,False,
2024-03-13,139.7899932861328,138.62750167846679,141.9536004638672,133.28080032348632,False,False,
2024-03-14,143.10000610351562,138.48550186157226,142.0522006225586,133.37325035095216,False,False,
2024-03-15,141.17999267578125,138.40600128173827,142.09740051269532,133.46080032348632,False,False,
2024-03-18,147.67999267578125,138.7640007019043,142.32320037841797,133.58485027313233,False,False,
2024-03-19,147.02999877929688,139.05950088500975,142.54920043945313,133.70140026092528,False,False,
2024-03-20,148.74000549316406,139.36900100708007,142.74720062255858,133.82175029754637,False,False,
2024-03-21,147.60000610351562,139.54450149536132,142.88020080566406,133.9297003173828,False,False,
2024-03-22,150.77000427246094,139.885001373291,143.05000091552733,134.04700035095215,False,False,
2024-03-25,150.07000732421875,140.510001373291,143.20980102539062,134.18485038757325,False,False,
2024-03-26,150.6699981689453,141.09950103759766,143.37020111083984,134.32750038146972,False,False,
2024-03-27,150.8699951171875,141.8240005493164,143.53780090332032,134.470700340271,False,False,
2024-03-28,150.92999267578125,142.4474998474121,143.72700073242189,134.60715030670167,False,False,
2024-04-01,155.49000549316406,143.3650001525879,143.96720092773438,134.7654503250122,False,False,
2024-04-02,154.55999755859375,144.4254997253418,144.13080078125,134.91990032196045,True,False,Bullish
2024-04-03,154.9199981689453,145.5379997253418,144.30940063476564,135.06905033111573,False,False,
2024-04-04,150.52999877929688,146.49449996948243,144.37920074462892,135.20405033111572,False,False,
2024-04-05,152.5,147.4004997253418,144.45520080566405,135.35105033874513,False,False,
2024-04-08,154.85000610351562,148.37249984741212,144.51480102539062,135.5225503540039,False,False,
2024-04-09,156.60000610351562,149.31900024414062,144.6030010986328,135.6898003768921,False,False,
2024-04-10,156.13999938964844,150.20100021362305,144.65560119628907,135.85880039215087,False,False,
2024-04-11,159.41000366210938,151.18200073242187,144.8146011352539,136.06415042877197,False,False,
2024-04-12,157.72999572753906,151.91350021362305,145.16720092773437,136.2611503982544,False,False,
2024-04-15,154.86000061035156,152.59750061035157,145.4412008666992,136.43455039978028,False,False,
2024-04-16,154.39999389648438,152.93350067138672,145.68160064697267,136.61105037689208,False,False,
2024-04-17,155.47000122070312,153.35550079345703,145.91740081787108,136.7899003982544,False,False,
2024-04-18,156.00999450683594,153.71900024414063,146.1556005859375,136.9704503631592,False,False,
2024-04-19,154.08999633789062,154.0434997558594,146.32660064697265,137.13215034484864,False,False,
2024-04-22,156.27999877929688,154.31899948120116,146.5340005493164,137.31300033569335,False,False,
2024-04-23,158.25999450683594,154.72849884033204,146.71920043945312,137.50690029144286,False,False,
2024-04-24,159.1300048828125,155.1514991760254,146.95120056152345,137.7203003311157,False,False,
2024-04-25,156.0,155.40799942016602,147.16840057373048,137.9146003341675,False,False,
2024-04-26,171.9499969482422,156.45899963378906,147.68860046386717,138.1797003173828,False,False,
2024-04-29,166.14999389648438,156.99199905395508,148.15620025634766,138.38775028228758,False,False,
2024-04-30,162.77999877929688,157.40299911499022,148.60140014648437,138.57455028533934,False,False,
2024-05-01,163.86000061035156,157.84999923706056,149.05620025634767,138.77060028076173,False,False,
2024-05-02,166.6199951171875,158.65449905395508,149.53760009765625,138.9849002456665,False,False,
2024-05-03,167.24000549316406,159.3914993286133,150.00060028076172,139.21095027923585,False,False,
2024-05-06,168.10000610351562,160.0539993286133,150.48340026855467,139.4554503250122,False,False,
2024-05-07,171.25,160.7864990234375,151.15700012207031,139.71160034179687,False,False,
2024-05-08,169.3800048828125,161.4484992980957,151.7670001220703,139.95085037231445,False,False,
2024-05-09,169.9600067138672,161.9759994506836,152.4386001586914,140.18960041046142,False,False,
2024-05-10,168.64999389648438,162.52199935913086,153.04239990234376,140.38650035858154,False,False,
2024-05-13,169.13999938964844,163.2359992980957,153.68239990234375,140.58520038604738,False,False,
2024-05-14,170.33999633789062,164.03299942016602,154.42219970703124,140.77400035858153,False,False,
2024-05-15,172.50999450683594,164.88499908447267,155.21899963378905,140.97295032501222,False,False,
2024-05-16,174.17999267578125,165.79349899291992,156.074599609375,141.18610027313233,False,False,
2024-05-17,176.05999755859375,166.8919990539551,156.90819946289062,141.42450023651122,False,False,
2024-05-20,176.9199981689453,167.9239990234375,157.73839935302735,141.66685024261474,False,False,
2024-05-21,177.85000610351562,168.90349960327148,158.54199951171876,141.91555027008056,False,False,
2024-05-22,176.3800048828125,169.7659996032715,159.299599609375,142.13980030059815,False,False,
2024-05-23,173.5500030517578,170.64349975585938,159.9747998046875,142.35055034637452,False,False,
2024-05-24,174.99000549316406,170.79550018310547,160.61259979248047,142.57720035552978,False,False,
2024-05-28,176.39999389648438,171.30800018310546,161.31699981689454,142.81075031280517,False,False,
2024-05-29,175.89999389648438,171.96399993896483,161.8813998413086,143.04245029449464,False,False,
2024-05-30,172.11000061035156,172.37649993896486,162.38299987792968,143.2463502883911,False,False,
2024-05-31,172.5,172.67050018310547,162.8581997680664,143.45995029449463,False,False,
2024-06-03,173.1699981689453,172.96699981689454,163.369599609375,143.68230030059814,False,False,
2024-06-04,173.7899932861328,173.2514991760254,163.82999938964844,143.90165027618409,False,False,
2024-06-05,175.41000366210938,173.45949935913086,164.33679931640626,144.14140029907227,False,False,
2024-06-06,176.72999572753906,173.82699890136718,164.85799926757812,144.383200302124,False,False,
2024-06-07,174.4600067138672,174.0519989013672,165.32979949951172,144.6101003265381,False,False,
2024-06-10,175.00999450683594,174.36999893188477,165.81139953613283,144.82330032348634,False,False,
2024-06-11,176.6199951171875,174.7439987182617,166.2339993286133,145.05750030517578,False,False,
2024-06-12,177.7899932861328,175.11649856567382,166.69859924316407,145.29705024719237,False,False,
2024-06-13,175.16000366210938,175.2489990234375,167.10339935302736,145.51780029296876,False,False,
2024-06-14,176.7899932861328,175.37949905395507,167.62859924316408,145.72890022277832,False,False,
2024-06-17,177.24000549316406,175.4384994506836,168.12339935302734,145.9357002258301,False,False,
2024-06-18,175.08999633789062,175.34699935913085,168.52819915771485,146.1303002166748,False,False,
2024-06-20,176.3000030517578,175.26949920654297,168.9221990966797,146.33350021362304,False,False,
2024-06-21,179.6300048828125,175.43199920654297,169.39199920654298,146.5528002166748,False,False,
2024-06-24,179.22000122070312,175.71549911499022,169.78819915771484,146.77660018920898,False,False,
2024-06-25,184.02999877929688,176.16749877929686,170.31419921875,147.02045021057128,False,False,
2024-06-26,183.8800048828125,176.54149932861327,170.89459930419923,147.2579502105713,False,False,
2024-06-27,185.41000366210932,177.01699981689453,171.51479949951172,147.50040023803712,False,False,
2024-06-28,182.1499938964844,177.51899948120118,172.04839935302735,147.73445022583007,False,False,
2024-07-01,182.9900054931641,178.0434997558594,172.58799957275392,147.96585021972658,False,False,
2024-07-02,185.2400054931641,178.64700012207032,173.21099975585938,148.2015502166748,False,False,
2024-07-03,185.82000732421875,179.2485008239746,173.8017999267578,148.44365028381347,False,False,
2024-07-05,190.6000061035156,180.00800094604492,174.44860015869142,148.70560028076173,False,False,
2024-07-08,189.02999877929688,180.6230010986328,175.0466000366211,148.96055030822754,False,False,
2024-07-09,188.97999572753903,181.3490005493164,175.70619995117187,149.2367502593994,False,False,
2024-07-10,191.17999267578125,182.15750045776366,176.09079986572266,149.5404502105713,False,False,
2024-07-11,185.57000732421875,182.60500106811523,176.47920013427733,149.81705024719238,False,False,
2024-07-12,185.07000732421875,182.96900177001953,176.9250003051758,150.08685028076172,False,False,
2024-07-15,186.52999877929688,183.5375015258789,177.37840026855469,150.37665023803712,False,False,
2024-07-16,183.9199981689453,183.89400177001954,177.72440032958986,150.64355026245119,False,False,
2024-07-17,181.0200042724609,184.08300170898437,178.00000030517577,150.88710029602052,False,False,
2024-07-18,177.69000244140625,184.21300201416017,178.1918002319336,151.12125030517578,False,False,
2024-07-19,177.66000366210938,184.28100204467773,178.32000030517577,151.3387003326416,False,False,
2024-07-22,181.6699981689453,184.38300170898438,178.56580017089843,151.5849003601074,False,False,
2024-07-23,181.7899932861328,184.51150131225586,178.80239990234375,151.81765029907226,False,False,
2024-07-24,172.6300048828125,183.94150161743164,178.8820001220703,152.00545028686523,False,False,
2024-07-25,167.27999877929688,183.11150131225585,178.8448001098633,152.15395027160645,False,False,
2024-07-26,167.0,182.19100112915038,178.77800018310546,152.29685028076173,False,False,
2024-07-29,169.52999877929688,181.56000137329102,178.7184002685547,152.45420028686524,False,False,
2024-07-30,170.2899932861328,180.92500076293945,178.64060028076173,152.6029002380371,False,False,
2024-07-31,171.5399932861328,180.2400001525879,178.5502001953125,152.76575019836426,False,False,
2024-08-01,170.75999450683594,179.48699951171875,178.42700012207033,152.93275016784668,False,False,
2024-08-02,166.66000366210938,178.28999938964844,178.2032000732422,153.07055015563964,False,False,
2024-08-05,159.25,176.8009994506836,177.86059997558593,153.16820014953612,False,True,Bearish
2024-08-06,158.2899932861328,175.2664993286133,177.55539978027343,153.26985008239745,False,False,
2024-08-07,158.94000244140625,173.65449981689454,177.23439971923827,153.3758000946045,False,False,
2024-08-08,162.02999877929688,172.47749938964844,176.94699981689453,153.5079500579834,False,False,
2024-08-09,163.6699981689453,171.40749893188476,176.70239990234376,153.64380004882813,False,False,
2024-08-12,162.2899932861328,170.19549865722655,176.50599975585936,153.76120002746583,False,False,
2024-08-13,164.16000366210938,169.20749893188477,176.33919982910157,153.9539500427246,False,False,
2024-08-14,160.3699951171875,168.17499847412108,176.0831997680664,154.14440002441407,False,False,
2024-08-15,161.3000030517578,167.35549850463866,175.8333999633789,154.34005004882812,False,False,
2024-08-16,162.9600067138672,166.62049865722656,175.58440002441407,154.5325500869751,False,False,
2024-08-19,166.6699981689453,165.87049865722656,175.3832000732422,154.74550006866454,False,False,
2024-08-20,167.17999267578125,165.13999862670897,175.23759979248047,154.94915004730225,False,False,
2024-08-21,165.85000610351562,164.80099868774414,175.05440002441406,155.14095008850097,False,False,
2024-08-22,163.8000030517578,164.6269989013672,174.79800018310547,155.3144500732422,False,False,
2024-08-23,165.6199951171875,164.55799865722656,174.55460021972655,155.49130004882812,False,False,
2024-08-26,166.16000366210938,164.38949890136718,174.37460021972657,155.66725006103516,False,False,
2024-08-27,164.67999267578125,164.1089988708496,174.13240020751954,155.8314500427246,False,False,
2024-08-28,162.85000610351562,163.67449951171875,173.84460021972657,155.99450004577636,False,False,
2024-08-29,161.77999877929688,163.2254997253418,173.57840026855467,156.1404500579834,False,False,
2024-08-30,163.3800048828125,163.06149978637694,173.32000030517577,156.296900100708,False,False,
2024-09-03,157.36000061035156,162.96699981689454,172.87460021972657,156.41560012817382,False,False,
2024-09-04,156.4499969482422,162.875,172.41920013427733,156.5247501373291,False,False,
2024-09-05,157.24000549316406,162.79000015258788,171.88340026855468,156.62630020141603,False,False,
2024-09-06,150.9199981689453,162.2345001220703,171.22420013427734,156.70435020446777,False,False,
2024-09-09,148.7100067138672,161.48650054931642,170.4902001953125,156.7666502380371,False,False,
2024-09-10,148.66000366210938,160.80500106811525,169.820400390625,156.82510025024413,False,False,
2024-09-11,151.16000366210938,160.15500106811524,169.1838003540039,156.88845024108886,False,False,
2024-09-12,154.69000244140625,159.87100143432616,168.57280029296874,156.97845024108886,False,False,
2024-09-13,157.4600067138672,159.67900161743165,168.0056002807617,157.08370025634767,False,False,
2024-09-16,158.05999755859375,159.43400115966796,167.35480010986328,157.18800025939942,False,False,
2024-09-17,159.32000732421875,159.06650161743164,166.7606002807617,157.3096502685547,False,False,
2024-09-18,159.80999755859375,158.69800186157227,166.1772003173828,157.44605026245117,False,False,
2024-09-19,162.13999938964844,158.51250152587892,165.59640045166014,157.59745025634766,False,False,
2024-09-20,163.58999633789062,158.50200119018555,165.1568002319336,157.7690502166748,False,False,
2024-09-23,161.85000610351562,158.31350173950196,164.69240020751954,157.92335021972656,False,False,
2024-09-24,162.2899932861328,158.12000122070313,164.20760009765624,158.08470016479492,False,False,
2024-09-25,161.49000549316406,157.96050186157225,163.75900024414062,158.20750022888183,False,False,
2024-09-26,162.72999572753906,157.95450134277343,163.39320007324218,158.3462001800537,False,False,
2024-09-27,163.9499969482422,158.0630012512207,163.11839996337892,158.49950019836425,False,False,
2024-09-30,165.85000610351562,158.18650131225587,162.88220001220702,158.66615020751954,False,False,
2024-10-01,166.99000549316406,158.6680015563965,162.5886001586914,158.83825019836425,False,False,
2024-10-02,165.86000061035156,159.13850173950195,162.27000030517578,159.007850189209,False,False,
2024-10-03,165.86000061035156,159.56950149536132,162.13460021972656,159.17415016174317,False,False,
2024-10-04,167.05999755859375,160.37650146484376,162.1302001953125,159.33045013427736,False,False,
2024-10-07,162.97999572753906,161.09000091552736,162.04980010986327,159.46210014343262,False,False,
2024-10-08,164.3800048828125,161.8760009765625,161.9468002319336,159.59230018615722,False,False,
2024-10-09,161.86000061035156,162.4110008239746,161.77820037841798,159.69950019836426,True,False,Bullish
2024-10-10,162.0800018310547,162.78050079345704,161.5890005493164,159.8024501800537,False,False,
2024-10-11,163.24000549316406,163.0695007324219,161.43860076904298,159.91105018615724,False,False,
2024-10-14,164.9600067138672,163.41450119018555,161.40460083007812,160.03400024414063,False,False,
2024-10-15,165.4600067138672,163.72150115966798,161.52880096435547,160.16015029907226,False,False,
2024-10-16,165.16000366210938,163.98900146484374,161.666201171875,160.28750030517577,False,False,
2024-10-17,162.92999267578125,164.02850112915038,161.7460009765625,160.41130027770996,False,False,
2024-10-18,163.4199981689453,164.02000122070314,161.77380096435547,160.53380027770996,False,False,
2024-10-21,164.07000732421875,164.1310012817383,161.78180114746092,160.67220031738282,False,False,
2024-10-22,165.13999938964844,164.27350158691405,161.83880126953125,160.81925033569337,False,False,
2024-10-23,162.77999877929688,164.3380012512207,161.811201171875,160.9389503479004,False,False,
2024-10-24,162.72000122070312,164.3375015258789,161.8582012939453,161.0478003692627,False,False,
2024-10-25,165.27000427246094,164.40350189208985,161.93760131835938,161.1627503967285,False,False,
2024-10-28,166.72000122070312,164.4470016479492,162.0128012084961,161.28595039367676,False,False,
2024-10-29,169.67999267578125,164.58150100708008,162.0730010986328,161.42110038757323,False,False,
2024-10-30,174.4600067138672,165.01150131225586,162.21860137939453,161.58095039367674,False,False,
2024-10-31,171.11000061035156,165.27400131225585,162.32380126953126,161.729150390625,False,False,
2024-11-01,171.2899932861328,165.48550109863282,162.47360107421875,161.86820037841798,False,False,
2024-11-04,169.24000549316406,165.79850158691406,162.54600128173828,161.98250038146972,False,False,
2024-11-05,169.74000549316406,166.06650161743164,162.61760131835936,162.10125038146973,False,False,
2024-11-06,176.50999450683594,166.79900131225585,162.85420135498046,162.24860038757325,False,False,
2024-11-07,180.75,167.7325012207031,163.21220123291016,162.40885040283203,False,False,
2024-11-08,178.35000610351562,168.4880012512207,163.54360137939454,162.54125045776368,False,False,
2024-11-11,180.3500061035156,169.2575012207031,163.8830014038086,162.6820504760742,False,False,
2024-11-12,181.6199951171875,170.06550064086915,164.3682012939453,162.82260047912598,False,False,
2024-11-13,178.8800048828125,170.7515007019043,164.81680145263672,162.9597004699707,False,False,
2024-11-14,175.5800018310547,171.38400115966797,165.18360137939453,163.1371004486084,False,False,
2024-11-15,172.49000549316406,171.8375015258789,165.6150015258789,163.29375045776368,False,False,
2024-11-18,175.3000030517578,172.39900131225585,166.1468014526367,163.4583504486084,False,False,
2024-11-19,178.1199951171875,173.04800109863282,166.73600128173828,163.63055046081544,False,False,
2024-11-20,175.97999572753906,173.70800094604493,167.23240112304688,163.78995040893554,False,False,
2024-11-21,167.6300048828125,173.9535011291504,167.491201171875,163.90040046691894,False,False,
2024-11-22,164.75999450683594,173.92800064086913,167.63720092773437,163.99465042114258,False,False,
2024-11-25,167.64999389648438,173.9745002746582,167.8290008544922,164.087900390625,False,False,
2024-11-26,169.1199951171875,173.9465003967285,168.02500061035155,164.19585037231445,False,False,
2024-11-27,169.22999572753906,173.68499984741212,168.21340057373047,164.3163003540039,False,False,
2024-11-29,168.9499969482422,173.57699966430664,168.34960052490234,164.43135032653808,False,False,
2024-12-02,171.49000549316406,173.5870002746582,168.5076007080078,164.5749503326416,False,False,
2024-12-03,171.33999633789062,173.69199981689454,168.6974005126953,164.72905029296874,False,False,
2024-12-04,174.3699951171875,173.9234992980957,168.9390005493164,164.89530029296876,False,False,
2024-12-05,172.63999938964844,173.72999954223633,169.16200042724608,165.0457502746582,False,False,
2024-12-06,174.7100067138672,173.4279998779297,169.40160064697267,165.1988503265381,False,False,
2024-12-09,175.3699951171875,173.27899932861328,169.63000061035157,165.35590026855468,False,False,
2024-12-10,185.1699981689453,173.51999893188477,170.01640045166016,165.59390022277833,False,False,
2024-12-11,195.3999938964844,174.2089988708496,170.58460021972655,165.87650016784667,False,False,
2024-12-12,191.9600067138672,174.86299896240234,171.10660034179688,166.15440017700195,False,False,
2024-12-13,189.82000732421875,175.57499923706055,171.5858004760742,166.4112001800537,False,False,
2024-12-16,196.66000366210932,176.78349914550782,172.17780059814453,166.708800201416,False,False,
2024-12-17,195.4199981689453,177.78949890136718,172.82660064697265,167.01915016174317,False,False,
2024-12-18,188.3999938964844,178.30349884033203,173.3070004272461,167.29780014038087,False,False,
2024-12-19,188.509994506836,178.9299987792969,173.84000030517578,167.58335014343263,False,False,
2024-12-20,191.41000366210932,180.1189987182617,174.42660034179687,167.8685001373291,False,False,
2024-12-23,194.6300048828125,181.61249923706055,175.05440032958984,168.1646001434326,False,False,
2024-12-24,196.1100006103516,183.0354995727539,175.67740020751953,168.45680015563966,False,False,
2024-12-26,195.6000061035156,184.3595001220703,176.2802001953125,168.74230018615722,False,False,
2024-12-27,192.759994506836,185.53600006103517,176.83220001220704,169.00715019226075,False,False,
2024-12-30,191.2400054931641,186.65050048828127,177.3984002685547,169.24785018920898,False,False,
2024-12-31,189.3000030517578,187.54100036621097,177.91600036621094,169.48845024108886,False,False,
2025-01-02,189.42999267578125,188.44550018310548,178.42320007324219,169.69720024108886,False,False,
2025-01-03,191.7899932861328,189.31650009155277,178.95619995117187,169.92100021362305,False,False,
2025-01-06,196.8699951171875,190.52799987792972,179.6379998779297,170.16165016174315,False,False,
2025-01-07,195.4900054931641,191.56699981689457,180.2933999633789,170.4011001586914,False,False,
2025-01-08,193.9499969482422,192.4959999084473,180.86699981689452,170.61700012207032,False,False,
2025-01-10,192.0399932861328,192.83949966430666,181.3733996582031,170.8268500518799,False,False,
2025-01-13,191.009994506836,192.61999969482423,181.7999996948242,171.02855003356933,False,False,
2025-01-14,189.66000366210932,192.50499954223633,182.10399963378907,171.22250007629395,False,False,
2025-01-15,195.5500030517578,192.79149932861327,182.5927996826172,171.44560012817382,False,False,
2025-01-16,192.91000366210932,192.6039993286133,183.02519989013672,171.63270011901855,False,False,
2025-01-17,196.0,192.63299942016604,183.56039978027343,171.8399001312256,False,False,
2025-01-21,198.0500030517578,193.11549987792972,184.1265997314453,172.05555015563965,False,False,
2025-01-22,198.3699951171875,193.60849990844727,184.56379974365234,172.2947501373291,False,False,
2025-01-23,197.97999572753903,193.93699951171874,184.90839965820314,172.5221501159668,False,False,
2025-01-24,200.2100067138672,194.21599960327148,185.34559967041017,172.74895011901856,False,False,
2025-01-27,191.8099975585937,194.0009994506836,185.57479949951173,172.92500007629394,False,False,
2025-01-28,195.3000030517578,193.9859992980957,185.84839965820314,173.1208000946045,False,False,
2025-01-29,195.41000366210932,194.11849975585935,186.17899963378906,173.30080009460448,False,False,
2025-01-30,200.8699951171875,194.59999923706053,186.6847994995117,173.51650009155273,False,False,
2025-01-31,204.0200042724609,195.3359992980957,187.31539947509765,173.76230010986328,False,False,
2025-02-03,201.22999572753903,195.92599945068358,187.8339993286133,173.99645011901856,False,False,
2025-02-04,206.3800048828125,196.65550003051754,188.39919952392577,174.2510001373291,False,False,
2025-02-05,191.3300018310547,196.37850036621091,188.7061996459961,174.4276001739502,False,False,
2025-02-06,191.6000061035156,196.1840003967285,189.18559967041017,174.6151502227783,False,False,
2025-02-07,185.33999633789065,195.75350036621091,189.59719970703125,174.7604502105713,False,False,
2025-02-10,186.47000122070312,195.47500076293943,189.97359985351562,174.90150024414064,False,False,
2025-02-11,185.32000732421875,195.19050140380858,190.29760009765624,175.03245025634766,False,False,
2025-02-12,183.6100006103516,194.8880012512207,190.5852001953125,175.1705002593994,False,False,
2025-02-13,186.13999938964844,194.4175010681152,190.92900024414064,175.24145027160645,False,False,
2025-02-14,185.22999572753903,194.0335006713867,191.20380004882813,175.33685028076172,False,False,
2025-02-18,183.7700042724609,193.42200088500974,191.45240020751953,175.44180030822753,False,False,
2025-02-19,185.2700042724609,192.7830009460449,191.670400390625,175.5488503265381,False,False,
2025-02-20,184.5599975585937,192.0925010681152,191.90880035400392,175.63855033874512,False,False,
2025-02-21,179.66000366210938,191.17650146484374,192.00780029296874,175.70065032958985,False,True,Bearish
2025-02-24,179.25,190.12850112915038,192.085400390625,175.75640029907225,False,False,
2025-02-25,175.4199981689453,189.30900115966796,191.890400390625,175.777250289917,False,False,
2025-02-26,172.72999572753906,188.18050079345704,191.4370004272461,175.79400024414062,False,False,
2025-02-27,168.5,186.83500061035156,190.96780029296875,175.7867002105713,False,False,
2025-02-28,170.27999877929688,185.30550079345704,190.5770001220703,175.79485023498535,False,False,
2025-03-03,167.00999450683594,183.4550003051758,189.98399993896484,175.7842002105713,False,False,
2025-03-04,170.9199981689453,181.9395004272461,189.49399993896483,175.78710021972657,False,False,
2025-03-05,173.02000427246094,180.27150039672853,189.18640014648437,175.78965026855468,False,False,
2025-03-06,172.35000610351562,179.32250061035157,188.86320037841796,175.78050033569335,False,False,
2025-03-07,173.86000061035156,178.43550033569335,188.51220031738282,175.76950035095214,False,False,
2025-03-10,165.8699951171875,177.4620002746582,187.93700012207032,175.71425033569335,False,False,
2025-03-11,164.0399932861328,176.3404998779297,187.29559997558593,175.64520027160646,False,False,
2025-03-12,167.11000061035156,175.42999954223632,186.72579986572265,175.59885025024414,False,False,
2025-03-13,162.75999450683594,174.38749923706055,186.12579986572266,175.54490020751953,False,False,
2025-03-14,165.49000549316406,173.35499954223633,185.61079986572267,175.49740020751952,False,False,
2025-03-17,164.2899932861328,172.30799942016603,185.11059967041015,175.43685020446776,False,False,
2025-03-18,160.6699981689453,171.15299911499022,184.53539978027345,175.36070022583007,False,False,
2025-03-19,163.88999938964844,170.0839988708496,183.97739990234376,175.31960021972657,False,False,
2025-03-20,162.8000030517578,168.99599914550782,183.29600006103516,175.27110023498534,False,False,
2025-03-21,163.99000549316406,168.21249923706054,182.66600006103516,175.22520027160644,False,False,
2025-03-24,167.67999267578125,167.6339988708496,182.14059997558593,175.19465026855468,False,False,
2025-03-25,170.55999755859375,167.39099884033203,181.71100006103515,175.1704002380371,False,False,
2025-03-26,165.05999755859375,167.00749893188475,181.1920001220703,175.11205024719237,False,False,
2025-03-27,162.24000549316406,166.69449920654296,180.6436001586914,175.05095024108886,False,False,
2025-03-28,154.3300018310547,165.89699935913086,179.81920013427734,174.94755027770995,False,False,
2025-03-31,154.63999938964844,165.27849960327148,179.05380004882812,174.83765029907227,False,False,
2025-04-01,157.07000732421875,164.58600006103515,178.2752001953125,174.7340503692627,False,False,
2025-04-02,157.0399932861328,163.78699951171876,177.455,174.64345031738281,False,False,
2025-04-03,150.72000122070312,162.70549926757812,176.5020001220703,174.51310035705566,False,False,
2025-04-04,145.60000610351562,161.29249954223633,175.45440032958984,174.35490036010742,False,False,
2025-04-07,146.75,160.33649978637695,174.3852001953125,174.21320037841798,False,False,
2025-04-08,144.6999969482422,159.36949996948243,173.44300018310548,174.05520034790038,False,False,
2025-04-09,158.7100067138672,158.9495002746582,172.71120025634767,173.95060035705566,False,False,
2025-04-10,152.82000732421875,158.45250091552734,171.85940032958985,173.81860038757324,False,False,
2025-04-11,157.13999938964844,158.03500061035157,170.98480041503908,173.684150390625,False,False,
2025-04-14,159.07000732421875,157.77400131225585,170.0858004760742,173.56010040283203,False,False,
2025-04-15,156.30999755859375,157.55600128173828,169.18740051269532,173.41460037231445,False,False,
2025-04-16,153.3300018310547,157.0280014038086,168.12640045166015,173.2705004119873,False,False,
2025-04-17,151.16000366210938,156.44600143432618,167.32300048828125,173.11135040283204,False,False,
2025-04-21,147.6699981689453,155.63000106811523,166.44440032958985,172.92350036621093,False,False,
2025-04-22,151.47000122070312,154.81950149536132,165.7670004272461,172.75175033569337,False,False,
2025-04-23,155.35000610351562,154.05900192260742,165.14460052490233,172.57550033569336,False,False,
2025-04-24,159.27999877929688,153.77000198364257,164.62380035400392,172.42675033569336,False,False,
2025-04-25,161.9600067138672,153.75600204467773,164.19080047607423,172.291650390625,False,False,
2025-04-28,160.61000061035156,154.07000198364258,163.68020050048827,172.13880043029786,False,False,
2025-04-29,160.16000366210938,154.34600219726562,163.1788006591797,172.0117504119873,False,False,
2025-04-30,158.8000030517578,154.43250198364257,162.6794006347656,171.880400390625,False,False,
2025-05-01,161.3000030517578,154.64550247192383,162.20000061035157,171.7542504119873,False,False,
2025-05-02,164.02999877929688,155.3110023498535,161.78940063476563,171.65480041503906,False,False,
2025-05-05,164.2100067138672,156.2415023803711,161.48040069580077,171.57075042724608,False,False,
2025-05-06,163.22999572753906,157.06550216674805,161.16000061035157,171.49845039367676,False,False,
2025-05-07,151.3800048828125,157.39950256347657,160.6792007446289,171.36705039978028,False,False,
2025-05-08,154.27999877929688,157.17800216674806,160.31020080566407,171.23010040283202,False,False,
2025-05-09,152.75,157.17450180053712,159.99520080566407,171.08490043640137,False,False,
2025-05-12,158.4600067138672,157.24050216674806,159.75880096435546,171.01405044555665,False,False,
2025-05-13,159.52999877929688,157.26350173950195,159.60920104980468,170.97530044555663,False,False,
2025-05-14,165.3699951171875,157.71650161743165,159.49820098876953,170.96715042114258,False,False,
2025-05-15,163.9600067138672,158.24800186157228,159.31700103759766,170.93930046081542,False,False,
2025-05-16,166.19000244140625,158.9995018005371,159.19380096435546,170.9188005065918,False,False,
2025-05-19,166.5399932861328,159.9430015563965,159.0474008178711,170.8938005065918,True,False,Bullish
2025-05-20,163.97999572753906,160.5685012817383,159.0096008300781,170.8599005126953,False,False,
2025-05-21,168.55999755859375,161.2290008544922,159.10000091552735,170.86940048217772,False,False,
2025-05-22,170.8699951171875,161.80850067138672,159.17520080566408,170.92750045776367,False,False,
2025-05-23,168.47000122070312,162.1340003967285,159.2894009399414,170.97840049743652,False,False,
2025-05-27,172.89999389648438,162.74850006103514,159.4376007080078,171.04820045471192,False,False,
2025-05-28,172.36000061035156,163.35849990844727,159.59900085449217,171.0998504638672,False,False,
2025-05-29,171.86000061035156,164.01149978637696,159.8228009033203,171.14080047607422,False,False,
2025-05-30,171.74000549316406,164.53349990844725,159.97980102539063,171.18805053710938,False,False,
2025-06-02,169.02999877929688,164.78349990844725,160.1044009399414,171.21240051269533,False,False,
2025-06-03,166.17999267578125,164.88199920654296,160.14820068359376,171.24145050048827,False,False,
2025-06-04,168.0500030517578,165.1229995727539,160.1556008911133,171.27520050048827,False,False,
2025-06-05,168.2100067138672,165.96449966430663,160.10860107421874,171.30145050048827,False,False,
2025-06-06,173.67999267578125,166.93449935913085,160.2810009765625,171.33650047302245,False,False,
2025-06-09,176.08999633789062,168.10149917602538,160.55800079345704,171.381050491333,False,False,
2025-06-10,178.60000610351562,169.1084991455078,161.04340087890625,171.444800491333,False,False,
2025-06-11,177.35000610351562,169.99949951171874,161.49760101318358,171.5125505065918,False,False,
2025-06-12,175.6999969482422,170.5159996032715,161.87020080566407,171.56295051574708,False,False,
2025-06-13,174.6699981689453,171.0514991760254,162.22280090332032,171.60550048828125,False,False,
2025-06-16,176.77000427246094,171.58049926757812,162.74380096435547,171.66595054626464,False,False,
2025-06-17,175.9499969482422,172.0509994506836,163.35080078125,171.73145050048828,False,False,
2025-06-18,173.32000732421875,172.51800003051758,163.88220092773437,171.78915054321288,False,False,
2025-06-20,166.63999938964844,172.4220001220703,164.3210009765625,171.80545051574708,False,False,
2025-06-23,165.19000244140625,172.13800048828125,164.45060089111328,171.84460052490235,False,False,
2025-06-24,166.77000427246094,172.05300064086913,164.7296008300781,171.89620056152344,False,False,
2025-06-25,170.67999267578125,171.94200057983397,165.00040069580078,171.9634004974365,False,False,
2025-06-26,173.5399932861328,172.00100021362306,165.28980041503905,172.07650047302246,False,False,
2025-06-27,178.52999877929688,172.33450012207032,165.73420043945313,172.2256004333496,False,False,
2025-06-30,176.22999572753906,172.55899963378906,166.1922003173828,172.36345039367677,False,False,
2025-07-01,175.83999633789062,172.89949951171874,166.68580017089843,172.48685035705566,False,False,
2025-07-02,178.63999938964844,173.52249984741212,167.3052001953125,172.60660034179688,False,False,
2025-07-03,179.52999877929688,174.09649963378905,167.86640014648438,172.71695030212402,False,False,
2025-07-07,176.7899932861328,174.52549896240234,168.29519989013673,172.81060028076172,False,False,
2025-07-08,174.36000061035156,174.55949935913085,168.59679992675783,172.88580024719238,False,False,
2025-07-09,176.6199951171875,174.58599929809571,168.8899996948242,172.96985023498536,False,False,
2025-07-10,177.6199951171875,174.5369987487793,169.23019958496093,173.04725021362304,False,False,
2025-07-11,180.19000244140625,174.67899856567382,169.63079956054688,173.13025024414063,False,False,
2025-07-14,181.5599975585937,174.9719985961914,170.0859994506836,173.22880020141602,False,False,
2025-07-15,182.0,175.33849868774413,170.49999938964845,173.32735023498535,False,False,
2025-07-16,182.97000122070312,175.64849853515625,170.87879943847656,173.43475021362303,False,False,
2025-07-17,183.5800018310547,176.02999877929688,171.26619934082032,173.53900024414062,False,False,
2025-07-18,185.0599975585937,176.61699829101562,171.7027993774414,173.64455024719237,False,False,
2025-07-21,190.1000061035156,177.78999862670898,172.47719940185547,173.76580024719237,False,False,
2025-07-22,191.33999633789065,179.0974983215332,173.21839935302734,173.88755020141602,False,False,
2025-07-23,190.22999572753903,180.2704978942871,173.96799926757814,174.00940017700196,False,False,
2025-07-24,192.1699981689453,181.34499816894532,174.6421990966797,174.14095016479493,False,False,
2025-07-25,193.17999267578125,182.32699813842774,175.3151989746094,174.27155014038087,False,False,
2025-07-28,192.5800018310547,183.0294982910156,175.85939910888672,174.41955017089845,False,False,
2025-07-29,195.75,184.00549850463867,176.49519897460937,174.5764001464844,False,False,
2025-07-30,196.52999877929688,185.03999862670898,177.10199890136718,174.7497501373291,False,False,
2025-07-31,191.8999938964844,185.70299835205077,177.60919891357423,174.89885009765624,False,False,
2025-08-01,189.1300048828125,186.18299865722656,178.1121990966797,175.0283000946045,False,False,
2025-08-04,195.0399932861328,187.09549865722656,178.64179901123046,175.17870002746582,False,False,
2025-08-05,194.6699981689453,188.11099853515626,179.11779907226563,175.3247499847412,False,False,
2025-08-06,196.08999633789065,189.0844985961914,179.67019897460938,175.47939994812012,False,False,
2025-08-07,196.5200042724609,190.02949905395508,180.14259918212892,175.64735000610352,False,False,
2025-08-08,201.4199981689453,191.09099884033202,180.7237991333008,175.83735000610352,False,False,
2025-08-11,201.0,192.06299896240233,181.30659912109374,176.0219999694824,False,False,
2025-08-12,203.33999633789065,193.12999877929687,181.93859893798827,176.21299995422362,False,False,
2025-08-13,201.9600067138672,194.0794990539551,182.59719909667967,176.40889999389648,False,False,
2025-08-14,202.94000244140625,195.04749908447266,183.33239929199217,176.61,False,False,
2025-08-15,203.8999938964844,195.9894989013672,184.04939910888672,176.8031499481201,False,False,
2025-08-18,203.5,196.6594985961914,184.75519897460939,176.9870499420166,False,False,
2025-08-19,201.57000732421875,197.1709991455078,185.31299926757814,177.1465000152588,False,False,
2025-08-20,199.32000732421875,197.6254997253418,185.77759948730468,177.27080001831055,False,False,
2025-08-21,199.75,198.00449981689454,186.20059936523438,177.41400001525878,False,False,
2025-08-22,206.08999633789065,198.65,186.77539916992188,177.58800003051758,False,False,
2025-08-25,208.4900054931641,199.44550018310548,187.4311993408203,177.78425003051757,False,False,
2025-08-26,207.13999938964844,200.0150001525879,188.08059936523438,177.97125,False,False,
2025-08-27,207.47999572753903,200.5625,188.69479919433593,178.1261000061035,False,False,
2025-08-28,211.63999938964844,201.54950027465821,189.40859924316408,178.28055000305176,False,False,
2025-08-29,212.91000366210932,202.73850021362304,190.20039916992187,178.4533499908447,False,False,
2025-09-02,211.3500061035156,203.5540008544922,191.09459930419922,178.60834999084472,False,False,
2025-09-03,230.66000366210932,205.3535011291504,192.40399932861328,178.85355003356935,False,False,
2025-09-04,232.3000030517578,207.16400146484375,193.71459930419923,179.12065002441406,False,False,
2025-09-05,235.0,209.0880012512207,195.0009994506836,179.41775001525878,False,False,
2025-09-08,234.0399932861328,210.71900100708007,196.2109994506836,179.72549995422364,False,False,
2025-09-09,239.6300048828125,212.6505012512207,197.4329995727539,180.0471499633789,False,False,
2025-09-10,239.1699981689453,214.44200134277344,198.69179962158202,180.3523999786377,False,False,
2025-09-11,240.3699951171875,216.36250076293945,199.98239959716796,180.67434997558593,False,False,
2025-09-12,240.8000030517578,218.25550079345703,201.22559967041016,181.04019996643066,False,False,
2025-09-15,251.6100006103516,220.6410011291504,202.66719970703124,181.47444999694824,False,False,
2025-09-16,251.16000366210932,223.02400131225585,204.15459991455077,181.89200004577637,False,False,
2025-09-17,249.52999877929688,225.42200088500977,205.65799987792968,182.29405006408692,False,False,
2025-09-18,252.02999877929688,228.05750045776367,207.16619995117188,182.7080500793457,False,False,
2025-09-19,254.72000122070312,230.80600051879884,208.70820007324218,183.136900100708,False,False,
2025-09-22,252.52999877929688,233.12800064086915,210.155,183.54210006713868,False,False,
2025-09-23,251.66000366210932,235.2865005493164,211.55700012207032,183.94370010375977,False,False,
2025-09-24,247.13999938964844,237.2865005493164,212.85980010986327,184.30755012512208,False,False,
2025-09-25,245.7899932861328,239.2020004272461,214.11619995117186,184.67330009460449,False,False,
2025-09-26,246.5399932861328,240.9470001220703,215.37539978027343,185.0324500274658,False,False,
2025-09-29,244.0500030517578,242.50400009155274,216.55519989013672,185.37585006713869,False,False,
2025-09-30,243.1000061035156,244.09150009155275,217.61519989013672,185.66550010681152,False,False,
2025-10-01,244.8999938964844,244.8034996032715,218.6863998413086,185.91300010681152,False,False,
2025-10-02,245.69000244140625,245.4729995727539,219.79559997558593,186.1816500854492,False,False,
2025-10-03,245.3500061035156,245.9904998779297,220.85920013427733,186.4593000793457,False,False,
2025-10-06,250.42999267578125,246.80999984741212,222.00420013427734,186.72815002441405,False,False,
2025-10-07,245.759994506836,247.1164993286133,223.06779998779297,186.9798500061035,False,False,
2025-10-08,244.6199951171875,247.38899917602538,224.04519989013673,187.26095001220702,False,False,
2025-10-09,241.52999877929688,247.44699935913087,224.9451998901367,187.52605003356933,False,False,
2025-10-10,236.57000732421875,247.2354995727539,225.8386001586914,187.75185005187987,False,False,
2025-10-13,244.1499938964844,246.86249923706055,226.93899993896486,187.99944999694824,False,False,
2025-10-14,245.4499969482422,246.57699890136718,227.94720001220702,188.2461499786377,False,False,
2025-10-15,251.02999877929688,246.6519989013672,229.07440002441408,188.5232999420166,False,False,
2025-10-16,251.4600067138672,246.6234992980957,230.1818002319336,188.81680000305175,False,False,
2025-10-17,253.3000030517578,246.55249938964843,231.31740020751954,189.12709999084473,False,False,
2025-10-20,256.54998779296875,246.75349884033204,232.42,189.46334991455078,False,False,
2025-10-21,250.4600067138672,246.69349899291993,233.40920013427734,189.7684999847412,False,False,
2025-10-22,251.69000244140625,246.9209991455078,234.37620025634766,190.06800003051757,False,False,
2025-10-23,253.0800018310547,247.2854995727539,235.3986001586914,190.34905006408692,False,False,
2025-10-24,259.9200134277344,247.954500579834,236.53820037841797,190.67120010375976,False,False,
2025-10-27,269.2699890136719,249.2154998779297,237.84560028076172,191.0478000640869,False,False,
2025-10-28,267.4700012207031,250.43399963378906,239.12500030517577,191.42495010375976,False,False,
2025-10-29,274.57000732421875,251.9175003051758,240.58500030517578,191.84275016784667,False,False,
2025-10-30,281.4800109863281,253.70700073242188,242.22820037841797,192.30185020446777,False,False,
2025-10-31,281.19000244140625,255.4990005493164,243.8570004272461,192.73005020141602,False,False,
2025-11-03,283.7200012207031,257.1635009765625,245.40960052490234,193.18410018920898,False,False,
2025-11-04,277.5400085449219,258.7525016784668,246.7906005859375,193.5918002319336,False,False,
2025-11-05,284.3099975585937,260.7370018005371,248.3340005493164,194.02310020446777,False,False,
2025-11-06,284.75,262.89800186157225,249.87940063476563,194.45500022888183,False,False,
2025-11-07,278.8299865722656,265.0110008239746,251.22320037841797,194.85925018310547,False,False,
2025-11-10,290.1000061035156,267.30850143432616,252.7670004272461,195.3087001800537,False,False,
2025-11-11,291.3099975585937,269.60150146484375,254.36620025634767,195.8062001800537,False,False,
2025-11-12,286.7099914550781,271.3855010986328,255.48720001220704,196.2632501220703,False,False,
2025-11-13,278.57000732421875,272.7410011291504,256.41260009765625,196.67905014038087,False,False,
2025-11-14,276.4100036621094,273.896501159668,257.2408001708984,197.05675018310546,False,False,
2025-11-17,285.0199890136719,275.32000122070315,258.2604000854492,197.46175010681154,False,False,
2025-11-18,284.2799987792969,277.0110008239746,259.1533999633789,197.8770001220703,False,False,
2025-11-19,292.8099975585937,279.067000579834,260.22619995117185,198.30915008544923,False,False,
2025-11-20,289.45001220703125,280.8855010986328,261.2078002929687,198.7997501373291,False,False,
2025-11-21,299.6600036621094,282.87250061035155,262.38500030517577,199.34005012512208,False,False,
2025-11-24,318.5799865722656,285.33800048828124,263.7244000244141,200.00625007629395,False,False,
2025-11-25,323.44000244140625,288.1365005493164,265.17,200.69110008239747,False,False,
2025-11-26,319.95001220703125,290.405500793457,266.5784002685547,201.3642501068115,False,False,
2025-11-28,320.17999267578125,292.3404998779297,267.9414001464844,202.04710006713867,False,False,
2025-12-01,314.8900146484375,294.02550048828124,269.1448004150391,202.6908501434326,False,False,
2025-12-02,315.8099975585937,295.63000030517577,270.410400390625,203.3437501525879,False,False,
2025-12-03,319.6300048828125,297.7345001220703,271.7698004150391,204.02305015563965,False,False,
2025-12-04,317.6199951171875,299.4,273.17940032958984,204.6848001098633,False,False,
2025-12-05,321.2699890136719,301.2259994506836,274.68900024414063,205.36835006713866,False,False,
2025-12-08,313.7200012207031,302.97050018310546,276.03260040283203,206.03865005493165,False,False,
2025-12-09,317.0799865722656,304.31949920654296,277.4932000732422,206.72779998779296,False,False,
2025-12-10,320.2099914550781,305.7644989013672,279.03539978027345,207.45174995422363,False,False,
2025-12-11,312.42999267578125,307.05049896240234,280.38599975585936,208.15024993896483,False,False,
2025-12-12,309.2900085449219,308.5864990234375,281.6579998779297,208.85419998168945,False,False,
2025-12-15,308.2200012207031,310.1769989013672,282.91539978027345,209.54389999389647,False,False,
2025-12-16,306.57000732421875,311.2544998168945,284.0382000732422,210.2417000579834,False,False,
2025-12-17,296.7200012207031,311.87649993896486,285.05740020751955,210.87070007324218,False,False,
2025-12-18,302.4599914550781,312.35899963378904,286.21420013427735,211.51790000915528,False,False,
2025-12-19,307.1600036621094,313.24449920654297,287.5268002319336,212.19194999694824,False,False,
2025-12-22,309.7799987792969,313.75049896240233,288.99100006103515,212.87154998779297,False,False,
2025-12-23,314.3500061035156,313.5389999389648,290.39500030517576,213.6139500427246,False,False,
2025-12-24,314.0899963378906,313.0714996337891,291.76780029296873,214.3642000579834,False,False,
2025-12-26,313.510009765625,312.74949951171874,293.0174005126953,215.09620010375977,False,False,
2025-12-29,313.5599975585937,312.41849975585933,294.2594003295898,215.85020011901855,False,False,
2025-12-30,313.8500061035156,312.36649932861326,295.470400390625,216.59200012207032,False,False,
2025-12-31,313.0,312.2259994506836,296.59940063476563,217.33555015563965,False,False,
2026-01-02,315.1499938964844,312.0019989013672,297.893200378418,218.10795013427733,False,False,
2026-01-05,316.5400085449219,311.94799957275393,299.1902005004883,218.8712001800537,False,False,
2026-01-06,314.3399963378906,311.6014999389648,300.415400390625,219.62890014648437,False,False,
2026-01-07,321.9800109863281,312.0145004272461,301.6566003417969,220.4188501739502,False,False,
2026-01-08,325.44000244140625,312.4325012207031,302.7800006103516,221.2076502227783,False,False,
2026-01-09,328.57000732421875,312.85050201416016,304.0020007324219,221.99770027160645,False,False,
2026-01-12,331.8599853515625,313.8220016479492,305.1478002929687,222.83170021057128,False,False,
2026-01-13,335.9700012207031,315.15600128173827,306.23760009765624,223.700350189209,False,False,
2026-01-14,335.8399963378906,316.53700103759763,307.3305999755859,224.60790016174317,False,False,
2026-01-15,332.7799987792969,317.8475006103516,308.3117999267578,225.4986001586914,False,False,
2026-01-16,330.0,319.5115005493164,309.3609997558594,226.36325012207033,False,False,
2026-01-20,322.0,320.4885009765625,310.1147998046875,227.18805015563964,False,False,
2026-01-21,328.3800048828125,321.5495010375977,310.9873999023437,228.0763501739502,False,False,
2026-01-22,330.5400085449219,322.5875015258789,312.0216003417969,229.00105018615722,False,False,
2026-01-23,327.92999267578125,323.26650085449216,312.7782000732422,229.90695014953613,False,False,
2026-01-26,333.260009765625,324.2250015258789,313.6172003173828,230.84975021362305,False,False,
2026-01-27,334.54998779296875,325.2770004272461,314.5740002441406,231.72895011901855,False,False,
2026-01-28,336.010009765625,326.39950103759764,315.72280029296877,232.6449001312256,False,False,
2026-01-29,338.25,327.6195007324219,316.95960021972655,233.55045013427736,False,False,
2026-01-30,338.0,328.8695007324219,318.01920043945313,234.44510009765625,False,False,
2026-02-02,343.69000244140625,330.29650115966797,319.2074005126953,235.3820001220703,False,False,
2026-02-03,339.7099914550781,331.45500030517576,320.145400390625,236.31390007019044,False,False,
2026-02-04,333.0400085449219,332.39000091552737,321.0172003173828,237.2233000946045,False,False,
2026-02-05,331.25,332.85350036621094,321.6490002441406,238.14120010375976,False,False,
2026-02-06,322.8599853515625,332.72449951171876,321.7346002197266,238.99815002441406,False,False,
2026-02-09,324.32000732421875,332.5119995117187,321.7522003173828,239.84300003051757,False,False,
2026-02-10,318.5799865722656,331.8479995727539,321.7247998046875,240.63949996948242,False,False,
2026-02-11,310.9599914550781,330.59749908447264,321.54039978027345,241.3844998931885,False,False,
2026-02-12,309.0,329.2554992675781,321.4225994873047,242.1264498901367,False,False,
2026-02-13,305.7200012207031,327.9024993896484,321.2207995605469,242.85424987792967,False,False,
2026-02-17,302.0199890136719,326.50349884033204,320.86859924316406,243.57034980773926,False,False,
2026-02-18,303.3299865722656,325.5699981689453,320.58279907226563,244.2804997253418,False,False,
2026-02-19,302.8500061035156,324.29349822998046,320.2143994140625,244.97459976196288,False,False,
2026-02-20,314.9800109863281,323.51549835205077,320.239599609375,245.7284497833252,False,False,
2026-02-23,311.489990234375,322.6934982299805,320.1277996826172,246.46974975585937,False,False,
2026-02-24,310.8999938964844,321.57549743652345,319.9415997314453,247.26734970092772,False,False,
2026-02-25,312.8999938964844,320.49299774169924,319.95099975585936,248.06044967651368,False,False,
2026-02-26,307.3800048828125,319.0614974975586,319.91279968261716,248.83359970092772,False,True,Bearish
2026-02-27,311.760009765625,317.7369979858398,319.9835998535156,249.60009971618652,False,False,
2026-03-02,306.5199890136719,316.1629974365234,319.9825994873047,250.3350496673584,False,False,
2026-03-03,303.5799865722656,314.1574966430664,320.11979919433594,251.0260996246338,False,False,
2026-03-04,303.1300048828125,312.3284973144531,320.1331994628906,251.7219496154785,False,False,
2026-03-05,300.8800048828125,310.72049713134766,320.0075994873047,252.39539962768555,False,False,
2026-03-06,298.5199890136719,309.08399658203126,319.7823992919922,253.05529960632325,False,False,
2026-03-09,306.3599853515625,308.2589965820313,319.62259887695313,253.76719955444335,False,False,
2026-03-10,307.0400085449219,307.3949966430664,319.4815991210937,254.459599609375,False,False,
2026-03-11,308.70001220703125,306.9009979248047,319.38539916992187,255.14874969482423,False,False,
2026-03-12,303.54998779296875,306.5304977416992,319.18519897460936,255.82414962768556,False,False,
2026-03-13,302.2799987792969,306.1944976806641,318.953798828125,256.4710496520996,False,False,
2026-03-16,305.5599975585937,306.1864974975586,318.80499877929685,257.1370496368408,False,False,
2026-03-17,310.9200134277344,306.6314987182617,318.72039916992185,257.83234970092775,False,False,
2026-03-18,307.69000244140625,306.84949951171876,318.54339904785155,258.51209968566894,False,False,
2026-03-19,307.1300048828125,307.0634994506836,318.39919921875,259.2025997161865,False,False,
2026-03-20,301.0,306.3644989013672,317.97959899902344,259.8766997528076,False,False,
2026-03-23,302.0599975585937,305.89299926757815,317.5119989013672,260.5467497253418,False,False,
2026-03-24,290.44000244140625,304.86999969482423,316.74939880371096,261.15789970397947,False,False,
2026-03-25,290.92999267578125,303.77149963378906,315.9307989501953,261.7441497039795,False,False,
2026-03-26,280.9200134277344,302.44850006103513,314.8297991943359,262.26829978942874,False,False,
2026-03-27,274.3399963378906,300.57749938964844,313.59979919433596,262.7469997406006,False,False,
2026-03-30,273.5,298.92649993896487,312.41419921875,263.227749710083,False,False,
2026-03-31,287.5599975585937,298.12550048828126,311.5653991699219,263.78704971313476,False,False,
2026-04-01,297.3900146484375,297.8385009765625,311.0731994628906,264.4006497955322,False,False,
2026-04-02,295.7699890136719,297.58300018310547,310.42099914550784,264.99564971923826,False,False,
2026-04-06,299.989990234375,297.6565002441406,309.80999877929685,265.61584968566893,False,False,
2026-04-07,305.4599914550781,297.6115005493164,309.3605987548828,266.2765496063232,False,False,
2026-04-08,317.32000732421875,298.12550048828126,309.0417987060547,267.0299496459961,False,False,
2026-04-09,318.489990234375,298.61499938964846,308.7205987548828,267.79644958496095,False,False,
2026-04-10,317.239990234375,299.29949951171875,308.34519836425784,268.5487995147705,False,False,
2026-04-13,321.3099975585937,300.2509994506836,308.00639831542964,269.3019495391846,False,False,
2026-04-14,332.9100036621094,301.6184997558594,307.90459838867184,270.09879959106445,False,False,
2026-04-15,337.1199951171875,302.92849884033205,307.77319824218745,270.8917495727539,False,False,
2026-04-16,336.0199890136719,304.3449981689453,307.69939819335934,271.69069953918455,False,False,
2026-04-17,341.67999267578125,306.07249755859374,307.87219787597655,272.51989952087405,False,False,
2026-04-20,337.4200134277344,307.8934982299805,307.9955981445312,273.3137995910645,False,False,
2026-04-21,332.2900085449219,309.4049987792969,308.1841986083984,274.0775996398926,True,False,Bullish
2026-04-22,339.32000732421875,311.8489990234375,308.4841986083984,274.890249710083,False,False,
2026-04-23,338.8900146484375,314.2470001220703,308.89039916992186,275.71289978027346,False,False,
2026-04-24,344.3999938964844,317.42099914550784,309.55919921874994,276.5517997741699,False,False,
2026-04-27,350.3399963378906,321.2209991455078,310.38599914550775,277.41539978027345,False,False,
2026-04-28,349.7799987792969,325.03499908447264,311.26719909667963,278.2633497619629,False,False,
2026-04-29,349.94000244140625,328.1539993286133,312.22559936523436,279.10524978637693,False,False,
2026-04-30,384.7999877929688,332.52449798583984,313.8549993896484,280.1192497253418,False,False,
2026-05-01,385.6900024414063,337.02049865722654,315.51179931640627,281.13284973144533,False,False,
2026-05-04,383.25,341.1834991455078,316.8771990966797,282.13119972229003,False,False,
2026-05-05,388.4299926757813,345.33199920654295,318.41599914550784,283.148049697876,False,False,
2026-05-06,398.0400085449219,349.3679992675781,320.15879943847654,284.187749710083,False,False,
2026-05-07,397.989990234375,353.34299926757814,321.86059936523435,285.2209996795654,False,False,
2026-05-08,400.7999877929688,357.5209991455078,323.7289990234375,286.2738496398926,False,False,
2026-05-11,388.6400146484375,360.8875,325.26659912109375,287.25619972229003,False,False,
2026-05-12,387.3500061035156,363.6095001220703,326.8831994628906,288.2270497894287,False,False,
2026-05-13,402.6199951171875,366.88450012207034,328.86399963378904,289.2772497558594,False,False,
2026-05-14,401.0700073242188,370.13700103759766,330.8227996826172,290.3038497924805,False,False,
2026-05-15,396.7799987792969,372.8920013427734,332.74079956054686,291.30509979248046,False,False,
2026-05-18,396.9400024414063,375.8680007934571,334.7091998291016,292.3302998352051,False,False,
2026-05-19,387.6600036621094,378.63650054931645,336.3352001953125,293.32294982910156,False,False,
2026-05-20,388.9100036621094,381.116000366211,337.97260009765625,294.29229988098143,False,False,
2026-05-21,387.6600036621094,383.5544998168946,339.55179992675784,295.25724990844725,False,False,
2026-05-22,382.9700012207031,385.4830001831055,341.1402001953125,296.1916499328613,False,False,
2026-05-26,388.8800048828125,387.41000061035163,342.8722003173828,297.1534499359131,False,False,
2026-05-27,388.8299865722656,389.36250000000007,344.53760009765625,298.0904998779297,False,False,
2026-05-28,390.1300048828125,391.37200012207035,346.12179992675783,299.03614990234377,False,False,
2026-05-29,380.3399963378906,391.14900054931644,347.5747998046875,299.92114990234376,False,False,
2026-06-01,376.3699951171875,390.6830001831055,348.959599609375,300.79319984436034,False,False,
2026-06-02,361.8500061035156,389.6130004882813,350.1765997314453,301.5877498626709,False,False,
2026-06-03,358.989990234375,388.14100036621096,351.31519958496096,302.36319984436034,False,False,
2026-06-04,372.1900024414063,386.8485000610352,352.95019958496096,303.20664985656737,False,False,
2026-06-05,368.5299987792969,385.3755004882813,354.50219970703125,304.04144981384275,False,False,
2026-06-08,363.30999755859375,383.5010009765625,356.1499993896484,304.86139976501465,False,False,
2026-06-09,364.260009765625,382.2820007324219,357.94839965820313,305.6839498138428,False,False,
2026-06-10,356.3800048828125,380.73350067138676,359.6059997558594,306.43539985656736,False,False,
2026-06-11,357.7699890136719,378.491000366211,361.01019958496096,307.1817997741699,False,False,
2026-06-12,359.67999267578125,376.42149963378904,362.2559991455078,307.9444997406006,False,False,
2026-06-15,369.3500061035156,375.05,363.7275994873047,308.7538497924805,False,False,
2026-06-16,373.25,373.86549987792966,365.1927996826172,309.5618997955322,False,False,
2026-06-17,363.7900085449219,372.6720001220703,366.3594000244141,310.31629981994627,False,False,
2026-06-18,368.0299987792969,371.6279998779297,367.3735998535156,311.0996997833252,False,False,
2026-06-22,349.67999267578125,369.72899932861327,367.9973999023438,311.69479972839355,False,False,
2026-06-23,346.1300048828125,367.8869995117187,368.5752001953125,312.26394973754884,False,True,Bearish
2026-06-24,345.2900085449219,365.7074996948242,369.05480041503904,312.8153997802734,False,False,
2026-06-25,343.7099914550781,363.45149993896484,369.27080017089844,313.36374977111814,False,False,
2026-06-26,337.3900146484375,360.8145004272461,369.2762005615234,313.85254981994626,False,False,
2026-06-29,353.6499938964844,359.4800003051758,369.62880065917966,314.424949798584,False,False,
2026-06-30,357.3699951171875,358.5300003051758,369.94260070800783,315.009949798584,False,False,
2026-07-01,361.2099914550781,358.4979995727539,370.4184002685547,315.6119997406006,False,False,
2026-07-02,359.9100036621094,358.54400024414065,370.9708001708984,316.1534997558594,False,False,
2026-07-06,366.4599914550781,358.2574996948242,371.51359985351564,316.72999969482424,False,False,
2026-07-07,367.0299987792969,358.18249969482423,372.07639953613284,317.3174996948242,False,False,
2026-07-08,361.9200134277344,358.1130004882813,372.42679992675784,317.86694976806643,False,False,
2026-07-09,358.8900146484375,357.84450073242186,372.59780029296877,318.3877998352051,False,False,
2026-07-10,357.17999267578125,357.88450012207034,372.74580017089846,318.9110498046875,False,False,
2026-07-13,352.510009765625,357.62150115966796,372.7972003173828,319.4152998352051,False,False,
2026-07-14,359.510009765625,357.61300201416014,372.2914007568359,319.977149887085,False,False,
2026-07-15,370.9200134277344,357.6915023803711,371.9960009765625,320.602799987793,False,False,
2026-07-16,354.4599914550781,356.752001953125,371.4202008056641,321.1423999786377,False,False,
2026-07-17,346.7699890136719,355.9010009765625,370.58700073242187,321.65599990844726,False,False,
2026-07-20,351.989990234375,355.09900054931643,369.66600036621094,322.20044982910156,False,False,
2026-07-21,347.1499938964844,354.9725006103516,368.6492004394531,322.7116998291016,False,False,
2026-07-22,342.0899963378906,354.77050018310547,367.4750006103516,323.19369979858396,False,False,
2026-07-23,317.69000244140625,353.3904998779297,366.0560003662109,323.55539978027343,False,False,
2026-07-24,319.739990234375,352.1919998168945,364.7038000488281,323.9019497680664,False,False,
2026-07-27,326.5599975585937,351.65049896240237,363.18260009765623,324.3059497833252,False,False,
2026-07-28,333.7099914550781,350.653498840332,361.83539978027346,324.75139976501464,False,False,
2026-07-29,336.7099914550781,349.62049865722656,360.6339996337891,325.2272997283936,False,False,
2026-07-30,333.6600036621094,348.2429992675781,359.36839965820315,325.712749710083,False,False,
2026-07-31,356.1300048828125,348.05399932861326,358.7377996826172,326.27264976501465,False,False,
2026-08-03,373.510009765625,348.4065002441406,358.4297998046875,326.91294982910154,False,False,
2026-08-04,377.6499938964844,348.9375,358.229599609375,327.5460498046875,False,False,
2026-08-05,362.4299926757813,348.96299896240237,357.81879943847656,328.1008997344971,False,False,
2026-08-06,357.75,348.90599822998047,357.1961993408203,328.62314971923826,False,False,
2026-08-07,354.29998779296875,348.76199798583986,356.5055993652344,329.1118997192383,False,False,
2026-08-10,357.5199890136719,349.0124969482422,355.85339904785155,329.6471996307373,False,False,
2026-08-11,343.79998779296875,348.22699584960935,355.12259887695313,330.10774955749514,False,False,
2026-08-12,343.5400085449219,346.8579956054688,354.4659991455078,330.56004959106446,False,False,
2026-08-13,346.3599853515625,346.45299530029297,354.15619873046876,330.9922494506836,False,False,
2026-08-14,345.8999938964844,346.4094955444336,353.89439880371094,331.37539947509765,False,False,
