Date,Close,SMA20,SMA50,SMA200,Bullish Crossover,Bearish Crossover,Crossover Type
2021-08-16,294.6000061035156,,,,False,False,
2021-08-17,293.0799865722656,,,,False,False,
2021-08-18,290.7300109863281,,,,False,False,
2021-08-19,296.7699890136719,,,,False,False,
2021-08-20,304.3599853515625,,,,False,False,
2021-08-23,304.6499938964844,,,,False,False,
2021-08-24,302.6199951171875,,,,False,False,
2021-08-25,302.010009765625,,,,False,False,
2021-08-26,299.0899963378906,,,,False,False,
2021-08-27,299.7200012207031,,,,False,False,
2021-08-30,303.5899963378906,,,,False,False,
2021-08-31,301.8800048828125,,,,False,False,
2021-09-01,301.8299865722656,,,,False,False,
2021-09-02,301.1499938964844,,,,False,False,
2021-09-03,301.1400146484375,,,,False,False,
2021-09-07,300.17999267578125,,,,False,False,
2021-09-08,300.2099914550781,,,,False,False,
2021-09-09,297.25,,,,False,False,
2021-09-10,295.7099914550781,,,,False,False,
2021-09-13,296.989990234375,299.37799682617185,,,False,False,
2021-09-14,299.7900085449219,299.6374969482422,,,False,False,
2021-09-15,304.82000732421875,300.22449798583983,,,False,False,
2021-09-16,305.2200012207031,300.9489974975586,,,False,False,
2021-09-17,299.8699951171875,301.1039978027344,,,False,False,
2021-09-20,294.29998779296875,300.6009979248047,,,False,False,
2021-09-21,294.79998779296875,300.1084976196289,,,False,False,
2021-09-22,298.5799865722656,299.9064971923828,,,False,False,
2021-09-23,299.5599975585937,299.78399658203125,,,False,False,
2021-09-24,299.3500061035156,299.7969970703125,,,False,False,
2021-09-27,294.1700134277344,299.5194976806641,,,False,False,
2021-09-28,283.5199890136719,298.5159973144531,,,False,False,
2021-09-29,284.0,297.6219970703125,,,False,False,
2021-09-30,281.9200134277344,296.6264984130859,,,False,False,
2021-10-01,289.1000061035156,296.0239990234375,,,False,False,
2021-10-04,283.1099853515625,295.12249755859375,,,False,False,
2021-10-05,288.760009765625,294.55149841308594,,,False,False,
2021-10-06,293.1099853515625,294.19649810791014,,,False,False,
2021-10-07,294.8500061035156,294.0764984130859,,,False,False,
2021-10-08,294.8500061035156,294.0334991455078,,,False,False,
2021-10-11,294.2300109863281,293.89550018310547,,,False,False,
2021-10-12,292.8800048828125,293.55,,,False,False,
2021-10-13,296.3099975585937,293.12449951171874,,,False,False,
2021-10-14,302.75,293.0009994506836,,,False,False,
2021-10-15,304.2099914550781,293.21799926757814,,,False,False,
2021-10-18,307.2900085449219,293.8675003051758,,,False,False,
2021-10-19,308.2300109863281,294.53900146484375,,,False,False,
2021-10-20,307.4100036621094,294.9805023193359,,,False,False,
2021-10-21,310.760009765625,295.5405029296875,,,False,False,
2021-10-22,309.1600036621094,296.0310028076172,,,False,False,
2021-10-25,308.1300048828125,296.72900238037107,298.25199951171874,,False,False,
2021-10-26,310.1099853515625,298.0585021972656,298.5621990966797,,False,False,
2021-10-27,323.1700134277344,300.01700286865236,299.16399963378905,,True,False,Bullish
2021-10-28,324.3500061035156,302.1385025024414,299.83639953613283,,False,False,
2021-10-29,331.6199951171875,304.264501953125,300.5333996582031,,False,False,
2021-11-01,329.3699951171875,306.57750244140624,301.0335998535156,,False,False,
2021-11-02,333.1300048828125,308.79600219726564,301.6032000732422,,False,False,
2021-11-03,334.0,310.8405029296875,302.2308001708984,,False,False,
2021-11-04,336.44000244140625,312.92000274658204,302.9194000244141,,False,False,
2021-11-05,336.0599975585937,314.9805023193359,303.65880004882814,,False,False,
2021-11-08,336.989990234375,317.1185012817383,304.4041998291016,,False,False,
2021-11-09,335.95001220703125,319.2720016479492,305.05140014648435,,False,False,
2021-11-10,330.79998779296875,320.99650115966796,305.6297998046875,,False,False,
2021-11-11,332.42999267578125,322.48050079345705,306.24179992675784,,False,False,
2021-11-12,336.7200012207031,324.10600128173826,306.9532000732422,,False,False,
2021-11-15,336.07000732421875,325.5450012207031,307.6517999267578,,False,False,
2021-11-16,339.510009765625,327.10900115966797,308.4384002685547,,False,False,
2021-11-17,339.1199951171875,328.6945007324219,309.2166003417969,,False,False,
2021-11-18,341.2699890136719,330.2199996948242,310.0970001220703,,False,False,
2021-11-19,343.1099853515625,331.91749877929686,311.045,,False,False,
2021-11-22,339.8299865722656,333.5024978637695,311.9017999267578,,False,False,
2021-11-23,337.67999267578125,334.8809982299805,312.659599609375,,False,False,
2021-11-24,337.9100036621094,335.61799774169924,313.3213995361328,,False,False,
2021-11-26,329.67999267578125,335.8844970703125,313.8105993652344,,False,False,
2021-11-29,336.6300048828125,336.13499755859374,314.54579956054687,,False,False,
2021-11-30,330.5899963378906,336.1959976196289,315.2715997314453,,False,False,
2021-12-01,330.0799865722656,336.0434967041016,315.9771997070313,,False,False,
2021-12-02,329.489990234375,335.8179962158203,316.59539978027345,,False,False,
2021-12-03,323.010009765625,335.14649658203126,317.06440002441406,,False,False,
2021-12-06,326.19000244140625,334.6529968261719,317.60119995117185,,False,False,
2021-12-07,334.9200134277344,334.5494979858398,318.41619995117185,,False,False,
2021-12-08,334.9700012207031,334.50049743652346,319.4452001953125,,False,False,
2021-12-09,333.1000061035156,334.6154983520508,320.4272003173828,,False,False,
2021-12-10,342.5400085449219,335.1209991455078,321.63960021972656,,False,False,
2021-12-13,339.3999938964844,335.2549987792969,322.6455999755859,,False,False,
2021-12-14,328.3399963378906,334.86849822998045,323.5502001953125,,False,False,
2021-12-15,334.6499938964844,334.62549743652346,324.4679998779297,,False,False,
2021-12-16,324.8999938964844,333.9144973754883,325.10380004882813,,False,False,
2021-12-17,323.79998779296875,333.04099731445314,325.6827996826172,,False,False,
2021-12-20,319.9100036621094,331.8809982299805,326.1839996337891,,False,False,
2021-12-21,327.2900085449219,331.2539993286133,326.84519958496094,,False,False,
2021-12-22,333.20001220703125,331.0300003051758,327.6515997314453,,False,False,
2021-12-23,334.69000244140625,330.86900024414064,328.41919982910156,,False,False,
2021-12-27,342.45001220703125,331.50750122070315,329.2132000732422,,False,False,
2021-12-28,341.25,331.7385009765625,329.9540002441406,,False,False,
2021-12-29,341.95001220703125,332.3065017700195,330.64720031738284,,False,False,
2021-12-30,339.32000732421875,332.7685028076172,331.2690002441406,,False,False,
2021-12-31,336.32000732421875,333.11000366210936,331.8472003173828,,False,False,
2022-01-03,334.75,333.69700317382814,332.32700012207033,,False,False,
2022-01-04,329.010009765625,333.83800354003904,332.7240002441406,,False,False,
2022-01-05,316.3800048828125,332.91100311279297,332.8890002441406,,False,False,
2022-01-06,313.8800048828125,331.85650329589845,332.96440063476564,,False,True,Bearish
2022-01-07,314.0400085449219,330.90350341796875,332.78180053710935,,False,False,
2022-01-10,314.2699890136719,329.49000244140626,332.5802001953125,,False,False,
2022-01-11,314.9800109863281,328.2690032958984,332.2474005126953,,False,False,
2022-01-12,318.2699890136719,327.7655029296875,332.025400390625,,False,False,
2022-01-13,304.79998779296875,326.2730026245117,331.45880004882815,,False,False,
2022-01-14,310.20001220703125,325.5380035400391,330.98280029296876,,False,False,
2022-01-18,302.6499938964844,324.48050384521486,330.3070001220703,,False,False,
2022-01-19,303.3299865722656,323.65150299072263,329.65239990234375,,False,False,
2022-01-20,301.6000061035156,322.3670028686523,328.94460021972657,,False,False,
2022-01-21,296.0299987792969,320.5085021972656,328.14619995117187,,False,False,
2022-01-24,296.3699951171875,318.5925018310547,327.45760009765627,,False,False,
2022-01-25,288.489990234375,315.8945007324219,326.5788000488281,,False,False,
2022-01-26,296.7099914550781,313.6675003051758,325.77859985351563,,False,False,
2022-01-27,299.8399963378906,311.56199951171874,325.0539996337891,,False,False,
2022-01-28,308.260009765625,310.0089996337891,324.4289996337891,,False,False,
2022-01-31,310.9800109863281,308.7419998168945,323.8661999511719,,False,False,
2022-02-01,308.760009765625,307.44250030517577,323.21600036621095,,False,False,
2022-02-02,313.4599914550781,306.6649993896484,322.62300048828126,,False,False,
2022-02-03,301.25,305.9084991455078,321.8514007568359,,False,False,
2022-02-04,305.94000244140625,305.5114990234375,321.21660095214844,,False,False,
2022-02-07,300.95001220703125,304.856999206543,320.4774011230469,,False,False,
2022-02-08,304.5599975585937,304.3714996337891,319.9750012207031,,False,False,
2022-02-09,311.2099914550781,304.18299865722656,319.46660095214844,,False,False,
2022-02-10,302.3800048828125,303.3884994506836,318.9024011230469,,False,False,
2022-02-11,295.0400085449219,302.90050048828124,318.2016015625,,False,False,
2022-02-14,295.0,302.1404998779297,317.5118017578125,,False,False,
2022-02-15,300.4700012207031,302.0315002441406,317.0610015869141,,False,False,
2022-02-16,299.5,301.84000091552736,316.52720153808593,,False,False,
2022-02-17,290.7300109863281,301.29650115966797,315.6434014892578,,False,False,
2022-02-18,287.92999267578125,300.89150085449216,314.70260131835937,,False,False,
2022-02-22,287.7200012207031,300.459001159668,313.7950012207031,,False,False,
2022-02-23,280.2699890136719,300.0480010986328,312.54960083007813,,False,False,
2022-02-24,294.5899963378906,299.94200134277344,311.65340087890627,,False,False,
2022-02-25,297.3099975585937,299.8155014038086,311.0328009033203,,False,False,
2022-02-28,298.7900085449219,299.3420013427734,310.31560119628904,,False,False,
2022-03-01,294.95001220703125,298.5405014038086,309.7166015625,,False,False,
2022-03-02,300.19000244140625,298.1120010375977,309.24440185546877,,False,False,
2022-03-03,295.9200134277344,297.2350021362305,308.76460205078126,,False,False,
2022-03-04,289.8599853515625,296.6655014038086,308.01600158691406,,False,False,
2022-03-07,278.9100036621094,295.3140014648437,306.9302014160156,,False,False,
2022-03-08,275.8500061035156,294.05900115966796,305.75340148925784,,False,False,
2022-03-09,288.5,293.2560012817383,304.67440124511717,,False,False,
2022-03-10,285.5899963378906,291.9750015258789,303.561201171875,,False,False,
2022-03-11,280.07000732421875,290.85950164794923,302.32360107421874,,False,False,
2022-03-14,276.44000244140625,289.92950134277345,301.0660009765625,,False,False,
2022-03-15,287.1499938964844,289.53700103759763,300.0826007080078,,False,False,
2022-03-16,294.3900146484375,289.2330017089844,299.27540100097656,,False,False,
2022-03-17,295.2200012207031,289.01900177001954,298.59960083007815,,False,False,
2022-03-18,300.42999267578125,289.5040008544922,298.2806005859375,,False,False,
2022-03-21,299.1600036621094,290.0655014038086,297.98620056152345,,False,False,
2022-03-22,304.0599975585937,290.88250122070315,297.7866003417969,,False,False,
2022-03-23,299.489990234375,291.84350128173827,297.4910003662109,,False,False,
2022-03-24,304.1000061035156,292.31900177001955,297.27340026855467,,False,False,
2022-03-25,303.67999267578125,292.6375015258789,296.9816003417969,,False,False,
2022-03-28,310.70001220703125,293.2330017089844,297.09960083007815,,False,False,
2022-03-29,315.4100036621094,294.2560012817383,297.2038006591797,,False,False,
2022-03-30,313.8599853515625,294.9395004272461,297.42800048828127,,False,False,
2022-03-31,308.3099975585937,295.5589996337891,297.5276007080078,,False,False,
2022-04-01,309.4200134277344,296.53700103759763,297.6840008544922,,False,False,
2022-04-04,314.9700012207031,298.34000091552736,298.0628009033203,,True,False,Bullish
2022-04-05,310.8800048828125,300.0915008544922,298.35300109863283,,False,False,
2022-04-06,299.5,300.64150085449216,298.5732012939453,,False,False,
2022-04-07,301.3699951171875,301.43050079345704,298.6664013671875,,False,False,
2022-04-08,296.9700012207031,302.27550048828124,298.60900146484374,,False,False,
2022-04-11,285.260009765625,302.7165008544922,298.14900146484376,,False,False,
2022-04-12,282.0599975585937,302.46200103759764,297.5706011962891,,False,False,
2022-04-13,287.6199951171875,302.12350006103514,297.14780090332033,,False,False,
2022-04-14,279.8299865722656,301.35399932861327,296.4752008056641,,False,False,
2022-04-18,280.5199890136719,300.35849914550784,296.0606005859375,,False,False,
2022-04-19,285.29998779296875,299.6654983520508,295.6478002929687,,False,False,
2022-04-20,286.3599853515625,298.7804977416992,295.3559997558594,,False,False,
2022-04-21,280.8099975585937,297.8464981079101,294.88099975585936,,False,False,
2022-04-22,274.0299987792969,296.34299774169915,294.13739990234376,,False,False,
2022-04-25,280.7200012207031,295.1949981689453,293.7041998291016,,False,False,
2022-04-26,270.2200012207031,293.17099761962885,293.2077996826172,,False,True,Bearish
2022-04-27,283.2200012207031,291.56149749755855,292.9721997070312,,False,False,
2022-04-28,289.6300048828125,290.34999847412104,292.7553997802734,,False,False,
2022-04-29,277.5199890136719,288.81049804687495,292.31579956054685,,False,False,
2022-05-02,284.4700012207031,287.5629974365234,292.1905993652344,,False,False,
2022-05-03,281.7799987792969,285.9034973144531,292.0675994873047,,False,False,
2022-05-04,289.9800109863281,284.85849761962885,292.1127996826172,,False,False,
2022-05-05,277.3500061035156,283.75099792480466,292.05440002441406,,False,False,
2022-05-06,274.7300109863281,282.41899871826166,291.65720031738283,,False,False,
2022-05-09,264.5799865722656,280.7994979858398,291.0026000976562,,False,False,
2022-05-10,269.5,280.01149749755854,290.4167999267578,,False,False,
2022-05-11,260.54998779296875,278.93599700927734,289.7287994384766,,False,False,
2022-05-12,255.3500061035156,277.32249755859374,288.8319995117188,,False,False,
2022-05-13,261.1199951171875,276.38699798583986,288.1359991455078,,False,False,
2022-05-16,261.5,275.4359985351563,287.56879943847656,,False,False,
2022-05-17,266.82000732421875,274.5119995117187,287.3269995117187,,False,False,
2022-05-18,254.0800018310547,272.8980003356934,286.8915994262695,,False,False,
2022-05-19,253.13999938964844,271.5145004272461,286.1843994140625,,False,False,
2022-05-20,252.5599975585937,270.4410003662109,285.52379943847654,,False,False,
2022-05-23,260.6499938964844,269.4375,285.13539916992187,,False,False,
2022-05-24,259.6199951171875,268.9074996948242,284.7989990234375,,False,False,
2022-05-25,262.5199890136719,267.8724990844727,284.30639892578125,,False,False,
2022-05-26,265.8999938964844,266.6859985351563,283.73659851074217,,False,False,
2022-05-27,273.239990234375,266.4719985961914,283.2969982910156,,False,False,
2022-05-31,271.8699951171875,265.8419982910156,282.7257983398438,303.03684967041016,False,False,
2022-06-01,272.4200134277344,265.3739990234375,282.19099853515627,302.92594970703124,False,False,
2022-06-02,274.5799865722656,264.6039978027344,281.60139831542966,302.83344970703126,False,False,
2022-06-03,270.0199890136719,264.2374969482422,281.01199829101563,302.72989959716796,False,False,
2022-06-06,268.75,263.9384963989258,280.3049981689453,302.5897996520996,False,False,
2022-06-07,272.5,264.3344970703125,279.6813983154297,302.4304997253418,False,False,
2022-06-08,270.4100036621094,264.37999725341797,278.87559814453124,302.2592997741699,False,False,
2022-06-09,264.7900085449219,264.5919982910156,277.8631982421875,302.0701498413086,False,False,
2022-06-10,252.9900054931641,264.47399826049804,276.6457986450195,301.8250498199463,False,False,
2022-06-13,242.259994506836,263.53099822998047,275.3247985839844,301.540899810791,False,False,
2022-06-14,244.4900054931641,262.68049850463865,274.026198425293,301.2647498321533,False,False,
2022-06-15,251.759994506836,261.92749786376953,272.76199829101563,301.005599822998,False,False,
2022-06-16,244.97000122070312,261.471997833252,271.44379821777346,300.7210498046875,False,False,
2022-06-17,247.6499938964844,261.1974975585938,270.40679809570315,300.4501498413086,False,False,
2022-06-21,253.7400054931641,261.2564979553223,269.45419830322265,300.213099899292,False,False,
2022-06-22,253.1300048828125,260.8804985046387,268.5773983764648,299.9730498504639,False,False,
2022-06-23,258.8599853515625,260.84249801635747,268.0493978881836,299.76644981384277,False,False,
2022-06-24,267.70001220703125,261.1014991760254,267.76219818115237,299.6038999176025,False,False,
2022-06-27,264.8900146484375,261.05100021362307,267.30759857177736,299.4420999908447,False,False,
2022-06-28,256.4800109863281,260.21300125122076,266.8405990600586,299.245950088501,False,False,
2022-06-29,260.260009765625,259.6325019836426,266.43539947509765,299.06230018615724,False,False,
2022-06-30,256.8299865722656,258.8530006408692,265.8659994506836,298.84750007629395,False,False,
2022-07-01,259.5799865722656,258.1030006408692,265.33039947509764,298.6212999725342,False,False,
2022-07-05,262.8500061035156,257.74450149536136,264.9711996459961,298.40944999694824,False,False,
2022-07-06,266.2099914550781,257.6175010681153,264.8147994995117,298.2411499786377,False,False,
2022-07-07,268.3999938964844,257.4125007629395,264.56839935302736,298.11165000915526,False,False,
2022-07-08,267.6600036621094,257.2750007629395,264.51719940185546,297.97595008850095,False,False,
2022-07-11,264.510009765625,257.26100082397465,264.1429995727539,297.8056002044678,False,False,
2022-07-12,253.6699981689453,257.2950004577637,263.4237994384766,297.5761502075195,False,False,
2022-07-13,252.72000122070312,257.8180007934571,262.9277996826172,297.34300018310546,False,False,
2022-07-14,254.0800018310547,258.2975006103516,262.3199996948242,297.14255012512206,False,False,
2022-07-15,256.7200012207031,258.5455009460449,261.81879974365233,297.0085501861572,False,False,
2022-07-18,254.25,259.00950088500974,261.1041995239258,296.8598001861572,False,False,
2022-07-19,259.5299987792969,259.6035011291504,260.7477993774414,296.74785011291505,False,False,
2022-07-20,262.2699890136719,260.0300003051758,260.4985989379883,296.6137000274658,False,False,
2022-07-21,264.8399963378906,260.61549987792966,260.5037991333008,296.52235008239745,True,False,Bullish
2022-07-22,260.3599853515625,260.6904998779297,260.32099884033204,296.3803499603271,False,False,
2022-07-25,258.8299865722656,260.2469985961914,260.28659881591796,296.2089499664307,False,True,Bearish
2022-07-26,251.8999938964844,259.5974975585938,260.21759857177733,295.99419990539553,False,False,
2022-07-27,268.739990234375,260.2104965209961,260.3699984741211,295.8636498260498,False,False,
2022-07-28,276.4100036621094,261.0179962158203,260.66819854736326,295.7745497894287,True,False,Bullish
2022-07-29,280.739990234375,262.21349639892577,260.94659820556643,295.71384971618653,False,False,
2022-08-01,278.010009765625,263.13499755859374,261.4251983642578,295.6223497772217,False,False,
2022-08-02,274.82000732421875,263.7334976196289,261.8587985229492,295.48269981384277,False,False,
2022-08-03,282.4700012207031,264.54649810791017,262.4569985961914,295.37399986267087,False,False,
2022-08-04,283.6499938964844,265.30899810791016,262.91699859619143,295.2557997894287,False,False,
2022-08-05,282.9100036621094,266.07149810791014,263.38279876708987,295.1291997528076,False,False,
2022-08-08,280.32000732421875,266.8619979858398,263.7387991333008,294.9937497711182,False,False,
2022-08-09,282.29998779296875,268.293497467041,264.06679901123044,294.8514496612549,False,False,
2022-08-10,289.1600036621094,270.1154975891113,264.3851992797852,294.75144966125487,False,False,
2022-08-11,287.0199890136719,271.7624969482422,264.68819915771485,294.6458995819092,False,False,
2022-08-12,291.9100036621094,273.5219970703125,265.0779989624023,294.55489967346193,False,False,
2022-08-15,293.4700012207031,275.48299713134764,265.4557992553711,294.40639961242675,False,False,
2022-08-16,292.7099914550781,277.1419967651367,265.9095993041992,294.24819953918455,False,False,
2022-08-17,291.32000732421875,278.59449768066406,266.3609994506836,294.0466996002197,False,False,
2022-08-18,290.1700134277344,279.8609985351562,266.71439971923826,293.85069969177243,False,False,
2022-08-19,286.1499938964844,281.15049896240237,267.0291995239258,293.61579963684085,False,False,
2022-08-22,277.75,282.09649963378905,267.28839935302733,293.33454963684085,False,False,
2022-08-23,276.44000244140625,283.32350006103513,267.7573992919922,293.03454963684084,False,False,
2022-08-24,275.7900085449219,283.6760009765625,268.4279995727539,292.7331996917725,False,False,
2022-08-25,278.8500061035156,283.7980010986328,269.1151995849609,292.44249977111815,False,False,
2022-08-26,268.0899963378906,283.1655014038086,269.44179962158205,292.1031996917725,False,False,
2022-08-29,265.2300109863281,282.52650146484376,269.84699981689454,291.77534980773925,False,False,
2022-08-30,262.9700012207031,281.93400115966796,270.1533999633789,291.4280498504639,False,False,
2022-08-31,261.4700012207031,280.88400115966795,270.30799987792966,291.05179985046385,False,False,
2022-09-01,260.3999938964844,279.721501159668,270.4533996582031,290.67344978332517,False,False,
2022-09-02,256.0599975585937,278.3790008544922,270.39739990234375,290.25619972229003,False,False,
2022-09-06,253.25,277.02550048828124,270.1083996582031,289.8268497467041,False,False,
2022-09-07,258.0899963378906,275.8150009155273,269.9723992919922,289.4109497833252,False,False,
2022-09-08,258.5199890136719,274.28300018310546,270.01319885253906,288.98799980163574,False,False,
2022-09-09,264.4599914550781,273.1550003051758,270.0971984863281,288.6111498260498,False,False,
2022-09-12,266.6499938964844,271.89199981689455,270.2935986328125,288.2559998321533,False,False,
2022-09-13,251.9900054931641,269.81800003051757,270.1417990112305,287.8263998413086,False,True,Bearish
2022-09-14,252.22000122070312,267.79350051879885,269.9291989135742,287.4390998840332,False,False,
2022-09-15,245.3800048828125,265.4965003967285,269.5125991821289,286.9828498840332,False,False,
2022-09-16,244.7400054931641,263.225,269.0393994140625,286.5535999298096,False,False,
2022-09-19,244.5200042724609,261.1435005187988,268.5765994262695,286.12580001831054,False,False,
2022-09-20,242.4499969482422,259.3785003662109,268.13539916992187,285.69060005187987,False,False,
2022-09-21,238.9499969482422,257.5040000915527,267.8409991455078,285.27029998779295,False,False,
2022-09-22,240.97999572753903,255.76349945068358,267.6061990356445,284.84424995422364,False,False,
2022-09-23,237.9199981689453,253.71699905395508,267.28299896240236,284.3592498779297,False,False,
2022-09-26,237.4499969482422,252.18499908447265,266.8975988769531,283.8716498565674,False,False,
2022-09-27,236.41000366210932,250.7439987182617,266.5407989501953,283.3881998443604,False,False,
2022-09-28,241.07000732421875,249.6489990234375,266.1715991210938,282.88084983825684,False,False,
2022-09-29,237.5,248.45049896240235,265.6761993408203,282.3713498687744,False,False,
2022-09-30,232.8999938964844,247.07549896240235,265.0373992919922,281.89414985656737,False,False,
2022-10-03,240.7400054931641,246.30949935913085,264.6449996948242,281.42459991455075,False,False,
2022-10-04,248.8800048828125,246.09099960327148,264.44600006103514,281.04449996948244,False,False,
2022-10-05,249.1999969482422,245.64649963378906,264.3920001220703,280.6715000152588,False,False,
2022-10-06,246.7899932861328,245.05999984741212,263.9530001831055,280.3058999633789,False,False,
2022-10-07,234.2400054931641,243.54900054931642,263.1096002197266,279.84064994812013,False,False,
2022-10-10,229.25,241.6790008544922,262.0798004150391,279.320899887085,False,False,
2022-10-11,225.41000366210932,240.35000076293946,261.0278002929688,278.7744998931885,False,False,
2022-10-12,225.75,239.0265007019043,260.04640014648436,278.1909998321533,False,False,
2022-10-13,234.2400054931641,238.46950073242186,259.0818002319336,277.6559498596191,False,False,
2022-10-14,228.5599975585937,237.66050033569337,257.9800003051758,277.088999786377,False,False,
2022-10-17,237.52999877929688,237.31100006103514,257.07240020751954,276.58004974365235,False,False,
2022-10-18,238.5,237.11350021362304,256.23600006103516,276.09094970703126,False,False,
2022-10-19,236.47999572753903,236.99000015258784,255.31960021972657,275.5995996856689,False,False,
2022-10-20,236.1499938964844,236.74850006103514,254.25940002441405,275.13529960632326,False,False,
2022-10-21,242.1199951171875,236.95849990844727,253.36140014648439,274.76399955749514,False,False,
2022-10-24,247.25,237.44850006103516,252.4682000732422,274.4308495330811,False,False,
2022-10-25,250.66000366210932,238.1610000610351,251.6120001220703,274.113949508667,False,False,
2022-10-26,231.32000732421875,237.67350006103516,250.38420043945314,273.69919960021974,False,False,
2022-10-27,226.75,237.13600006103516,249.09280029296875,273.2580495452881,False,False,
2022-10-28,235.8699951171875,237.28450012207026,248.00679992675782,272.84604957580564,False,False,
2022-10-31,232.1300048828125,236.85400009155268,246.92640014648438,272.48269966125486,False,False,
2022-11-01,228.1699981689453,235.81849975585934,245.9348001098633,272.07254959106444,False,False,
2022-11-02,220.1000061035156,234.363500213623,244.80800018310546,271.6597996520996,False,False,
2022-11-03,214.25,232.73650054931636,243.57720001220704,271.21439971923826,False,False,
2022-11-04,221.38999938964844,232.09400024414057,242.4279998779297,270.8133496856689,False,False,
2022-11-07,227.8699951171875,232.02499999999995,241.62359985351563,270.4725496673584,False,False,
2022-11-08,228.8699951171875,232.19799957275387,240.8963995361328,270.1350496673584,False,False,
2022-11-09,224.509994506836,232.13599929809567,240.12719940185548,269.8151496887207,False,False,
2022-11-10,242.97999572753903,232.5729988098144,239.7573992919922,269.546499710083,False,False,
2022-11-11,247.1100006103516,233.50049896240233,239.49159942626954,269.2828497314453,False,False,
2022-11-14,241.5500030517578,233.70149917602538,239.2013995361328,268.949299697876,False,False,
2022-11-15,241.97000122070312,233.87499923706054,238.97579956054688,268.60424964904786,False,False,
2022-11-16,241.72999572753903,234.13749923706055,238.64859954833983,268.26909957885744,False,False,
2022-11-17,241.67999267578125,234.41399917602538,238.31179962158203,267.91019958496094,False,False,
2022-11-18,241.22000122070312,234.36899948120117,237.84699981689454,267.61004959106447,False,False,
2022-11-21,242.0500030517578,234.10899963378907,237.355,267.2905995941162,False,False,
2022-11-22,245.02999877929688,233.82749938964844,237.21579986572266,267.0109995269775,False,False,
2022-11-23,247.5800018310547,234.64049911499023,237.1229998779297,266.72609954833985,False,False,
2022-11-25,247.4900054931641,235.67749938964843,237.1651998901367,266.40749961853027,False,False,
2022-11-28,241.759994506836,235.9719993591309,237.10559967041016,266.1043995666504,False,False,
2022-11-29,240.3300018310547,236.38199920654301,237.02179962158203,265.83084953308105,False,False,
2022-11-30,255.13999938964844,237.73049926757818,237.27559967041014,265.6315495300293,True,False,Bullish
2022-12-01,254.69000244140625,239.4599990844727,237.59039978027343,265.4026495361328,False,False,
2022-12-02,255.0200042724609,241.4984992980957,237.8711999511719,265.18024955749513,False,False,
2022-12-05,250.1999969482422,242.9389991760254,238.1167999267578,264.9775994873047,False,False,
2022-12-06,245.1199951171875,243.8014991760254,238.27019989013672,264.7635494995117,False,False,
2022-12-07,244.3699951171875,244.57649917602538,238.4293997192383,264.54679946899415,False,False,
2022-12-08,247.3999938964844,245.72099914550785,238.5559994506836,264.3824494934082,False,False,
2022-12-09,245.4199981689453,245.84299926757816,238.7143994140625,264.13659950256346,False,False,
2022-12-12,252.509994506836,246.1129989624024,239.10659942626953,263.9125994873047,False,False,
2022-12-13,256.9200134277344,246.88149948120122,239.43019958496095,263.70324951171875,False,False,
2022-12-14,257.2200012207031,247.6439994812012,239.59699951171876,263.5145994567871,False,False,
2022-12-15,249.009994506836,248.00799942016607,239.59319946289062,263.25869941711426,False,False,
2022-12-16,244.69000244140625,248.1584999084473,239.5511996459961,263.0025493621826,False,False,
2022-12-19,240.4499969482422,248.11999969482426,239.67539947509766,262.755499420166,False,False,
2022-12-20,241.8000030517578,248.10749969482427,239.9263995361328,262.56994941711423,False,False,
2022-12-21,244.42999267578125,248.0774993896485,240.30679931640626,262.4128493499756,False,False,
2022-12-22,238.19000244140625,247.60799942016607,240.55559936523437,262.1612993621826,False,False,
2022-12-23,238.72999572753903,247.1699989318848,240.6453991699219,261.92699935913083,False,False,
2022-12-27,236.9600067138672,246.92999954223632,240.81339935302734,261.71144935607913,False,False,
2022-12-28,234.52999877929688,246.63999938964844,240.75339935302733,261.5018993377686,False,False,
2022-12-29,241.009994506836,245.93349914550782,240.80359924316406,261.2711993408203,False,False,
2022-12-30,239.82000732421875,245.18999938964845,240.87039947509766,260.9983493041992,False,False,
2023-01-03,239.5800018310547,244.41799926757812,240.93899963378905,260.72014930725095,False,False,
2023-01-04,229.1000061035156,243.3629997253418,240.67859985351564,260.3634993743897,False,False,
2023-01-05,222.3099975585937,242.2224998474121,240.1797998046875,259.9792493438721,False,False,
2023-01-06,224.92999267578125,241.2504997253418,239.66519958496093,259.583599319458,False,False,
2023-01-09,227.1199951171875,240.23649978637695,239.58119934082032,259.2217493438721,False,False,
2023-01-10,228.8500061035156,239.40800018310546,239.62319946289062,258.84549934387206,False,True,Bearish
2023-01-11,235.7700042724609,238.5710006713867,239.6211996459961,258.50594940185545,False,False,
2023-01-12,238.509994506836,237.6504997253418,239.74879943847657,258.1449993133545,False,False,
2023-01-13,239.22999572753903,236.7509994506836,239.96999938964845,257.76409927368167,False,False,
2023-01-17,240.3500061035156,236.31800003051757,240.37499938964845,257.39654937744143,False,False,
2023-01-18,235.8099975585937,235.87399978637694,240.8061993408203,257.0340493774414,False,False,
2023-01-19,231.92999267578125,235.4479995727539,241.01699920654298,256.64659927368166,False,False,
2023-01-20,240.22000122070312,235.36899948120117,241.2639993286133,256.27284927368163,False,False,
2023-01-23,242.5800018310547,235.27649993896483,241.53819946289062,255.93134925842284,False,False,
2023-01-24,242.0399932861328,235.46899948120117,241.88879943847655,255.64404922485352,False,False,
2023-01-25,240.6100006103516,235.5629997253418,241.84139953613283,255.34024925231932,False,False,
2023-01-26,248.0,236.11499938964843,241.85919952392578,255.09539924621583,False,False,
2023-01-27,248.16000366210932,236.796499633789,241.9913995361328,254.90989921569823,False,False,
2023-01-30,242.7100067138672,236.88150024414057,242.0061996459961,254.7131492614746,False,False,
2023-01-31,247.8099975585937,237.28099975585934,242.1277996826172,254.51409927368164,False,False,
2023-02-01,252.75,237.9394996643066,242.34919982910156,254.3786993408203,False,False,
2023-02-02,264.6000061035156,239.7144996643066,242.81679992675782,254.29909942626952,False,False,
2023-02-03,258.3500061035156,241.5165000915527,243.14279998779296,254.16434951782227,False,False,
2023-02-06,256.7699890136719,243.10849990844721,243.37759979248048,254.0163995361328,False,False,
2023-02-07,267.5599975585937,245.13050003051754,243.77719970703126,253.9501495361328,True,False,Bullish
2023-02-08,266.7300109863281,247.02450027465815,244.16199981689454,253.91364959716796,False,False,
2023-02-09,263.6199951171875,248.41699981689447,244.59919982910156,253.82814956665038,False,False,
2023-02-10,263.1000061035156,249.64650039672847,245.05459991455078,253.79254959106444,False,False,
2023-02-13,271.32000732421875,251.25100097656247,245.3782000732422,253.73304962158204,False,False,
2023-02-14,272.1700134277344,252.8420013427734,245.72780029296874,253.64574966430663,False,False,
2023-02-15,269.32000732421875,254.5175018310547,246.0138003540039,253.6047497558594,False,False,
2023-02-16,262.1499938964844,256.0285018920898,246.25280029296874,253.4931497192383,False,False,
2023-02-17,258.0599975585937,256.9205017089844,246.51160034179688,253.37454971313477,False,False,
2023-02-21,252.6699981689453,257.4250015258789,246.67760040283204,253.18799964904784,False,False,
2023-02-22,251.509994506836,257.89850158691405,246.75980041503905,253.05879959106446,False,False,
2023-02-23,254.7700042724609,258.60650177001946,246.94680053710937,252.9589995574951,False,False,
2023-02-24,249.22000122070312,258.66750183105466,246.88100067138672,252.88219963073732,False,False,
2023-02-27,250.16000366210932,258.7675018310547,246.7458004760742,252.78549964904786,False,False,
2023-02-28,249.4199981689453,259.1030014038086,246.58980041503906,252.72984970092773,False,False,
2023-03-01,246.2700042724609,259.02600173950196,246.53500061035157,252.68444969177247,False,False,
2023-03-02,251.1100006103516,258.94400177001955,246.66340057373046,252.63439971923827,False,False,
2023-03-03,255.2899932861328,258.4785011291504,246.96020050048827,252.60334968566895,False,False,
2023-03-06,256.8699951171875,258.404500579834,247.26160034179688,252.5535996246338,False,False,
2023-03-07,254.1499938964844,258.2735008239746,247.45600036621093,252.55394958496095,False,False,
2023-03-08,253.6999969482422,257.580500793457,247.76620025634764,252.55674957275392,False,False,
2023-03-09,252.32000732421875,256.86000061035156,248.03800048828126,252.55554962158203,False,False,
2023-03-10,248.58999633789065,256.1085006713867,248.27060028076173,252.49524963378906,False,False,
2023-03-13,253.9199981689453,255.6495002746582,248.6584002685547,252.46674964904784,False,False,
2023-03-14,260.7900085449219,255.12300033569335,249.0540005493164,252.4580997467041,False,False,
2023-03-15,265.44000244140625,254.78649978637696,249.56640045166014,252.4557997894287,False,False,
2023-03-16,276.20001220703125,255.13050003051757,250.29880065917968,252.47059989929198,False,False,
2023-03-17,279.42999267578125,255.99449996948243,251.305400390625,252.50839988708495,False,False,
2023-03-20,272.2300109863281,256.70300064086916,252.3038006591797,252.50744987487792,False,False,
2023-03-21,273.7799987792969,257.75850067138674,253.28080078125,252.5034499359131,False,False,
2023-03-22,272.2900085449219,258.797501373291,254.1842010498047,252.51480003356934,False,False,
2023-03-23,277.6600036621094,259.94200134277344,255.16040100097655,252.55935005187987,False,False,
2023-03-24,280.57000732421875,261.5095016479492,256.05640106201173,252.59970008850098,False,False,
2023-03-27,276.3800048828125,262.82050170898435,256.81380126953127,252.6295500946045,False,False,
2023-03-28,275.2300109863281,264.1110023498535,257.533801574707,252.68175010681153,False,False,
2023-03-29,280.510009765625,265.82300262451173,258.3370016479492,252.81935012817382,False,False,
2023-03-30,284.04998779296875,267.4700019836426,259.3018014526367,253.0283000946045,False,False,
2023-03-31,288.29998779296875,269.12050170898436,260.4292013549805,253.24735000610352,False,False,
2023-04-03,287.2300109863281,270.6385025024414,261.369401550293,253.42470008850097,False,False,
2023-04-04,287.17999267578125,272.2900024414063,262.2614013671875,253.63575004577638,False,False,
2023-04-05,284.3399963378906,273.8220024108887,263.10740142822266,253.8192000579834,False,False,
2023-04-06,291.6000061035156,275.7860023498535,264.12720153808596,254.00850006103516,False,False,
2023-04-10,289.3900146484375,277.82600326538085,264.9550018310547,254.18980010986328,False,False,
2023-04-11,282.8299865722656,279.27150268554686,265.6484014892578,254.3096501159668,False,False,
2023-04-12,283.489990234375,280.40650177001953,266.464001159668,254.3886000061035,False,False,
2023-04-13,289.8399963378906,281.6265014648437,267.3046011352539,254.5133499145508,False,False,
2023-04-14,286.1400146484375,282.1235015869141,267.97240142822267,254.66164993286134,False,False,
2023-04-17,288.79998779296875,282.5920013427734,268.4564010620117,254.80434982299803,False,False,
2023-04-18,288.3699951171875,283.3990005493164,269.05680084228516,254.96204986572266,False,False,
2023-04-19,288.45001220703125,284.13250122070315,269.69040130615235,255.10639999389647,False,False,
2023-04-20,286.1099853515625,284.82350006103513,270.0614010620117,255.2226998901367,False,False,
2023-04-21,285.760009765625,285.22850036621094,270.44200103759766,255.32044998168945,False,False,
2023-04-24,281.7699890136719,285.2884994506836,270.80500091552733,255.3872999572754,False,False,
2023-04-25,275.4200134277344,285.24049987792966,271.05140106201173,255.42610000610352,False,False,
2023-04-26,295.3699951171875,286.2474990844727,271.5324008178711,255.58039993286133,False,False,
2023-04-27,304.8299865722656,287.4634979248047,272.1856002807617,255.83619987487793,False,False,
2023-04-28,307.260009765625,288.6239990234375,272.9444003295898,256.1088999176025,False,False,
2023-05-01,305.5599975585937,289.48699951171875,273.812600402832,256.3662998962402,False,False,
2023-05-02,305.4100036621094,290.3959991455078,274.75960052490234,256.60974990844727,False,False,
2023-05-03,304.3999938964844,291.25699920654296,275.7942004394531,256.86049987792967,False,False,
2023-05-04,305.4100036621094,292.3104995727539,276.8722006225586,257.08989990234375,False,False,
2023-05-05,310.6499938964844,293.2629989624023,277.98980041503904,257.3317999267578,False,False,
2023-05-08,308.6499938964844,294.2259979248047,279.1784002685547,257.5508499145508,False,False,
2023-05-09,307.0,295.4344985961914,280.3152001953125,257.78404998779297,False,False,
2023-05-10,312.3099975585937,296.87549896240233,281.5730001831055,258.0514500427246,False,False,
2023-05-11,310.1099853515625,297.8889984130859,282.8497998046875,258.3425,False,False,
2023-05-12,308.9700012207031,299.0304977416992,284.0069998168945,258.5436500549316,False,False,
2023-05-15,309.4599914550781,300.06349792480466,285.09039978027346,258.70889999389647,False,False,
2023-05-16,311.739990234375,301.23199768066405,286.1877996826172,258.8638999938965,False,False,
2023-05-17,314.0,302.5094970703125,287.3847998046875,259.04384994506836,False,False,
2023-05-18,318.5199890136719,304.12999725341797,288.6811996459961,259.2623498535156,False,False,
2023-05-19,318.3399963378906,305.7589965820313,290.00159942626954,259.44169982910154,False,False,
2023-05-22,321.17999267578125,307.72949676513673,291.45339935302735,259.62934982299805,False,False,
2023-05-23,315.260009765625,309.72149658203125,292.6801995849609,259.7910998535156,False,False,
2023-05-24,313.8500061035156,310.64549713134767,293.7413995361328,259.9587498474121,False,False,
2023-05-25,325.9200134277344,311.6999984741211,294.95099975585936,260.1768499755859,False,False,
2023-05-26,332.8900146484375,312.9814987182617,296.0847998046875,260.39550003051755,False,False,
2023-05-30,331.2099914550781,314.2639984130859,297.12039978027343,260.61645004272464,False,False,
2023-05-31,328.3900146484375,315.41299896240236,298.2435998535156,260.79885009765627,False,False,
2023-06-01,332.5799865722656,316.8219985961914,299.419599609375,260.99440002441406,False,False,
2023-06-02,335.3999938964844,318.32149810791014,300.6817993164062,261.2078500366211,False,False,
2023-06-05,335.94000244140625,319.58599853515625,301.8473992919922,261.430950012207,False,False,
2023-06-06,333.67999267578125,320.8374984741211,302.90959899902344,261.64849990844726,False,False,
2023-06-07,323.3800048828125,321.65649871826173,303.84959899902344,261.8346499633789,False,False,
2023-06-08,325.260009765625,322.30399932861326,304.8501989746094,262.072200012207,False,False,
2023-06-09,326.7900085449219,323.13800048828125,305.77579895019534,262.3239500427246,False,False,
2023-06-12,331.8500061035156,324.28200073242186,306.73179931640624,262.60425003051756,False,False,
2023-06-13,334.2900085449219,325.52350158691405,307.6515997314453,262.8814500427246,False,False,
2023-06-14,337.3399963378906,326.80350189208986,308.65379943847654,263.2277000427246,False,False,
2023-06-15,348.1000061035156,328.5085021972656,309.87219970703126,263.64205001831056,False,False,
2023-06-16,342.3299865722656,329.6990020751953,311.03199951171877,264.03884994506836,False,False,
2023-06-20,338.04998779296875,330.6845016479492,311.9609991455078,264.4217498779297,False,False,
2023-06-21,333.5599975585937,331.30350189208986,312.84439880371093,264.78754989624025,False,False,
2023-06-22,339.7099914550781,332.5260009765625,313.9819989013672,265.20579986572267,False,False,
2023-06-23,335.0199890136719,333.5845001220703,315.0125988769531,265.61464981079104,False,False,
2023-06-26,328.6000061035156,333.7184997558594,315.7877990722656,265.96719985961914,False,False,
2023-06-27,334.57000732421875,333.80249938964846,316.75639892578124,266.3474499511719,False,False,
2023-06-28,335.8500061035156,334.0345001220703,317.6973992919922,266.70440002441404,False,False,
2023-06-29,335.04998779296875,334.36749877929685,318.6309991455078,267.0463999938965,False,False,
2023-06-30,340.5400085449219,334.7654998779297,319.6727990722656,267.48915000915525,False,False,
2023-07-03,337.989990234375,334.8949996948242,320.71039916992186,267.91799995422366,False,False,
2023-07-05,338.1499938964844,335.0054992675781,321.75819885253907,268.381849899292,False,False,
2023-07-06,341.2699890136719,335.38499908447267,322.94819885253906,268.8644998168945,False,False,
2023-07-07,337.2200012207031,336.0769989013672,324.18419860839845,269.32799980163577,False,False,
2023-07-10,331.8299865722656,336.4054977416992,324.9133984375,269.77489974975583,False,False,
2023-07-11,332.4700012207031,336.68949737548826,325.46619873046876,270.24249977111816,False,False,
2023-07-12,337.20001220703125,336.9569976806641,326.0649987792969,270.7235998535156,False,False,
2023-07-13,342.6600036621094,337.37549743652346,326.8069989013672,271.2472998809815,False,False,
2023-07-14,345.239990234375,337.77049713134767,327.6035986328125,271.78624984741214,False,False,
2023-07-17,345.7300109863281,337.6519973754883,328.43019897460937,272.3328498840332,False,False,
2023-07-18,359.489990234375,338.50999755859374,329.51179870605466,272.924949798584,False,False,
2023-07-19,355.0799865722656,339.3614974975586,330.4003985595703,273.5128497314453,False,False,
2023-07-20,346.8699951171875,340.0269973754883,331.16479858398435,274.0826997375488,False,False,
2023-07-21,343.7699890136719,340.229997253418,331.9001983642578,274.5978496551514,False,False,
2023-07-24,345.1099853515625,340.7344970703125,332.5561981201172,275.07899955749514,False,False,
2023-07-25,350.9800109863281,341.85349731445314,333.3735986328125,275.58789962768554,False,False,
2023-07-26,337.7699890136719,342.0134963989258,333.94959838867186,276.04279960632323,False,False,
2023-07-27,330.7200012207031,341.75699615478516,334.3747985839844,276.52519958496094,False,False,
2023-07-28,338.3699951171875,341.9229965209961,334.90739868164064,277.0707995605469,False,False,
2023-07-31,335.9200134277344,341.6919967651367,335.34579895019533,277.623349609375,False,False,
2023-08-01,336.3399963378906,341.6094970703125,335.7021990966797,278.17629959106443,False,False,
2023-08-02,327.5,341.0769973754883,335.88539916992187,278.64259956359865,False,False,
2023-08-03,326.6600036621094,340.3464981079102,335.99499938964846,279.13309959411623,False,False,
2023-08-04,327.7799987792969,339.87449798583987,336.2453991699219,279.5843495941162,False,False,
2023-08-07,330.1099853515625,339.7884979248047,336.57059875488284,280.042399520874,False,False,
2023-08-08,326.04998779296875,339.46749725341795,336.5731982421875,280.49024948120115,False,False,
2023-08-09,322.2300109863281,338.7189971923828,336.3599981689453,280.9206495666504,False,False,
2023-08-10,322.92999267578125,337.7324966430664,336.19439819335935,281.3246995544434,False,False,
2023-08-11,321.010009765625,336.52099761962893,336.04679809570314,281.6934996032715,False,False,
2023-08-14,324.0400085449219,335.4364974975586,335.87599853515627,282.06039962768557,False,True,Bearish
2023-08-15,321.8599853515625,333.554997253418,335.60519836425783,282.51309951782224,False,False,
2023-08-16,320.3999938964844,331.8209976196289,335.29439819335937,282.98134948730467,False,False,
2023-08-17,316.8800048828125,330.32149810791014,334.9583984375,283.3863995361328,False,False,
2023-08-18,316.4800109863281,328.95699920654295,334.8203985595703,283.8081495666504,False,False,
2023-08-21,321.8800048828125,327.79550018310545,334.75279846191404,284.27669960021973,False,False,
2023-08-22,322.4599914550781,326.36949920654297,334.6661981201172,284.78849952697755,False,False,
2023-08-23,327.0,325.83099975585935,334.5691979980469,285.3522495269775,False,False,
2023-08-24,319.9700012207031,325.2934997558594,334.2827978515625,285.8451495361328,False,False,
2023-08-25,322.9800109863281,324.5240005493164,333.99559814453124,286.32069961547853,False,False,
2023-08-28,323.70001220703125,323.9130004882812,333.5075982666016,286.7948497009277,False,False,
2023-08-29,328.4100036621094,323.51650085449216,333.22919860839846,287.3143497467041,False,False,
2023-08-30,328.7900085449219,323.5810012817383,333.0439990234375,287.743399810791,False,False,
2023-08-31,327.760009765625,323.63600158691406,332.9279992675781,288.14664985656736,False,False,
2023-09-01,328.6600036621094,323.6800018310547,332.7069995117188,288.58219985961915,False,False,
2023-09-05,333.54998779296875,323.852001953125,332.6775994873047,289.0400997924805,False,False,
2023-09-06,332.8800048828125,324.19350280761716,332.7631994628906,289.49584983825685,False,False,
2023-09-07,329.9100036621094,324.57750244140624,332.6699993896484,289.9369998931885,False,False,
2023-09-08,334.2699890136719,325.1445022583008,332.6383990478516,290.4022498321533,False,False,
2023-09-11,337.94000244140625,325.99100189208986,332.6961993408203,290.88169982910154,False,False,
2023-09-12,331.7699890136719,326.3775009155273,332.5207989501953,291.3153997802734,False,False,
2023-09-13,336.0599975585937,327.0875015258789,332.48219909667966,291.7577997589111,False,False,
2023-09-14,338.70001220703125,328.00250244140625,332.49319946289063,292.21384979248046,False,False,
2023-09-15,330.2200012207031,328.6695022583008,332.27219970703123,292.6561498260498,False,False,
2023-09-18,329.0599975585937,329.2985015869141,332.10899963378904,293.0997998046875,False,False,
2023-09-19,328.6499938964844,329.63700103759766,332.04539978027344,293.46734977722167,False,False,
2023-09-20,320.7699890136719,329.55250091552733,331.8113995361328,293.797749710083,False,False,
2023-09-21,319.5299987792969,329.1790008544922,331.45799926757815,294.1202996826172,False,False,
2023-09-22,317.010009765625,329.03100128173827,330.94499938964844,294.4543497467041,False,False,
2023-09-25,317.5400085449219,328.75900115966795,330.39099975585935,294.8164498138428,False,False,
2023-09-26,312.1400146484375,328.1810012817383,329.71919982910157,295.155299911499,False,False,
2023-09-27,312.7900085449219,327.4000015258789,328.7852001953125,295.4822499847412,False,False,
2023-09-28,313.6400146484375,326.6425018310547,327.95640075683593,295.8233500671387,False,False,
2023-09-29,315.75,326.04200134277346,327.33400085449216,296.1395500946045,False,False,
2023-10-02,321.79998779296875,325.6990005493164,326.8946008300781,296.4639499664307,False,False,
2023-10-03,313.3900146484375,324.69100189208984,326.2602014160156,296.74480003356933,False,False,
2023-10-04,318.9599914550781,323.9950012207031,325.61980102539064,297.09455001831054,False,False,
2023-10-05,319.3599853515625,323.4675003051758,325.25160095214846,297.4678999328613,False,False,
2023-10-06,327.260009765625,323.11700134277345,325.1824011230469,297.90194999694825,False,False,
2023-10-09,329.82000732421875,322.71100158691405,325.0114013671875,298.34205001831054,False,False,
2023-10-10,328.3900146484375,322.54200286865233,324.86080139160157,298.7618501281738,False,False,
2023-10-11,332.4200134277344,322.36000366210936,324.78240173339844,299.23300018310545,False,False,
2023-10-12,331.1600036621094,321.9830032348633,324.8556018066406,299.6951502227783,False,False,
2023-10-13,327.7300109863281,321.8585037231445,324.877001953125,300.1490002441406,False,False,
2023-10-16,332.6400146484375,322.0375045776367,324.9742022705078,300.63955032348633,False,False,
2023-10-17,332.0599975585937,322.2080047607422,325.0132025146484,301.09480033874513,False,False,
2023-10-18,330.1099853515625,322.67500457763674,325.0944024658203,301.54625022888183,False,False,
2023-10-19,331.32000732421875,323.26450500488284,325.2762023925781,302.0049502563477,False,False,
2023-10-20,326.6700134277344,323.7475051879883,325.35100280761714,302.49280029296875,False,False,
2023-10-23,329.32000732421875,324.3365051269531,325.51720275878904,303.02785034179686,False,False,
2023-10-24,330.5299987792969,325.2560043334961,325.6470025634765,303.55585037231447,False,False,
2023-10-25,340.6700134277344,326.6500045776367,326.02320312499995,304.1236004638672,True,False,Bullish
2023-10-26,327.8900146484375,327.36250457763674,326.173003540039,304.6188005065918,False,False,
2023-10-27,329.8099975585937,328.0655044555664,326.43160339355467,305.08900047302245,False,False,
2023-10-30,337.3099975585937,328.8410049438477,326.84820312499994,305.58300048828124,False,False,
2023-10-31,338.1099853515625,330.0770034790039,327.17280273437495,306.0774004364014,False,False,
2023-11-01,346.07000732421875,331.43250427246096,327.6450030517578,306.60600044250486,False,False,
2023-11-02,348.32000732421875,332.88050537109376,328.0714031982422,307.168550491333,False,False,
2023-11-03,352.79998779296875,334.1575042724609,328.7280029296875,307.77290046691894,False,False,
2023-11-06,356.5299987792969,335.49300384521484,329.39900268554686,308.3544504547119,False,False,
2023-11-07,360.5299987792969,337.1000030517578,330.1356024169922,308.94420043945314,False,False,
2023-11-08,363.2000122070313,338.63900299072264,330.83140258789064,309.55000053405763,False,False,
2023-11-09,360.6900024414063,340.1155029296875,331.46940246582034,310.15040054321287,False,False,
2023-11-10,369.6700134277344,342.21250305175784,332.3076025390625,310.75875061035157,False,False,
2023-11-13,366.6799926757813,343.914501953125,333.06800231933596,311.3513505554199,False,False,
2023-11-14,370.2699890136719,345.8250015258789,333.80240234375,311.98915046691894,False,False,
2023-11-15,369.6700134277344,347.8030029296875,334.53820251464845,312.59845054626464,False,False,
2023-11-16,376.1700134277344,350.0455032348633,335.4634027099609,313.2155506134033,False,False,
2023-11-17,369.8500061035156,352.20450286865236,336.1750030517578,313.7418006134033,False,False,
2023-11-20,377.4400024414063,354.6105026245117,336.96500305175783,314.33725059509277,False,False,
2023-11-21,373.0700073242188,356.7375030517578,337.79100341796874,314.9187506866455,False,False,
2023-11-22,377.8500061035156,358.59650268554685,338.6268035888672,315.4702007293701,False,False,
2023-11-24,377.4299926757813,361.07350158691406,339.4014031982422,316.0237006378174,False,False,
2023-11-27,378.6099853515625,363.5135009765625,340.36920288085935,316.59865058898924,False,False,
2023-11-28,382.7000122070313,365.7830017089844,341.44200317382814,317.19665061950684,False,False,
2023-11-29,378.8500061035156,367.820002746582,342.44600341796877,317.7343006134033,False,False,
2023-11-30,378.9100036621094,369.4620025634766,343.6088037109375,318.2680005645752,False,False,
2023-12-01,374.510009765625,370.77150268554686,344.7084039306641,318.7939505767822,False,False,
2023-12-04,369.1400146484375,371.5885040283203,345.7510040283203,319.328900680542,False,False,
2023-12-05,372.5199890136719,372.38800354003905,346.8506036376953,319.9012006378174,False,False,
2023-12-06,368.7999877929688,372.80150299072267,347.98380310058593,320.4818505859375,False,False,
2023-12-07,370.9500122070313,373.18900299072266,349.1470031738281,321.07905067443846,False,False,
2023-12-08,374.2300109863281,373.8660034179687,350.35880310058593,321.6763507080078,False,False,
2023-12-11,371.2999877929688,373.94750213623047,351.4698028564453,322.2867506408691,False,False,
2023-12-12,374.3800048828125,374.332502746582,352.5214031982422,322.90785064697263,False,False,
2023-12-13,374.3699951171875,374.5375030517578,353.7410028076172,323.5326006317139,False,False,
2023-12-14,365.9299926757813,374.35050201416016,354.68040283203123,324.13090057373046,False,False,
2023-12-15,370.7300109863281,374.07850189208983,355.7078033447266,324.72900062561035,False,False,
2023-12-18,372.6499938964844,374.21850128173827,356.61560302734375,325.3158006286621,False,False,
2023-12-19,373.260009765625,374.0095016479492,357.4844030761719,325.8977507019043,False,False,
2023-12-20,370.6199951171875,373.88700103759766,358.32900268554687,326.4801007080078,False,False,
2023-12-21,373.5400085449219,373.67150115966797,359.15140258789063,327.0793007659912,False,False,
2023-12-22,374.5799865722656,373.5290008544922,360.0198022460938,327.6906006622314,False,False,
2023-12-26,374.6600036621094,373.33150177001954,360.9584020996094,328.3209506988525,False,False,
2023-12-27,374.0700073242188,372.90000152587896,361.787001953125,328.9217007446289,False,False,
2023-12-28,375.2799987792969,372.72150115966804,362.6514019775391,329.4941506958008,False,False,
2023-12-29,376.0400085449219,372.5780014038086,363.57000244140625,330.04715072631836,False,False,
2024-01-02,370.8699951171875,372.3960006713868,364.36100219726563,330.52050064086916,False,False,
2024-01-03,370.6000061035156,372.46900024414066,365.23960205078123,330.9763507080078,False,False,
2024-01-04,367.9400024414063,372.2400009155274,366.012001953125,331.4549006652832,False,False,
2024-01-05,367.75,372.18750152587893,366.75640197753904,331.92475067138673,False,False,
2024-01-08,374.6900024414063,372.3745010375977,367.4368017578125,332.43675064086915,False,False,
2024-01-09,375.7900085449219,372.45250091552737,368.39480163574217,332.9274006652832,False,False,
2024-01-10,382.7699890136719,373.02600097656256,369.45400146484377,333.43840057373046,False,False,
2024-01-11,384.6300048828125,373.53850097656255,370.4004016113281,333.97965057373045,False,False,
2024-01-12,388.4700012207031,374.2435012817383,371.40760192871096,334.54585052490233,False,False,
2024-01-16,390.2699890136719,375.4605010986328,372.2916015625,335.0946504211426,False,False,
2024-01-17,389.4700012207031,376.3975006103516,373.1146014404297,335.62175048828124,False,False,
2024-01-18,393.8699951171875,377.45850067138673,373.9360015869141,336.1496005249023,False,False,
2024-01-19,398.6700134277344,378.7290008544922,374.7788018798828,336.70680053710936,False,False,
2024-01-22,396.510009765625,380.02350158691405,375.4984020996094,337.2534506225586,False,False,
2024-01-23,398.8999938964844,381.2915008544922,376.21240173339845,337.82625061035156,False,False,
2024-01-24,402.55999755859375,382.6905014038086,377.0498016357422,338.38105056762697,False,False,
2024-01-25,404.8699951171875,384.2010009765625,377.75380126953127,338.9584504699707,False,False,
2024-01-26,403.9299926757813,385.6940002441406,378.49880126953127,339.56395050048826,False,False,
2024-01-29,409.7200012207031,387.41600036621094,379.28780151367187,340.1951005554199,False,False,
2024-01-30,408.5899963378906,389.0434997558594,380.066201171875,340.7888505554199,False,False,
2024-01-31,397.5799865722656,390.3789993286133,380.4944006347656,341.3460504150391,False,False,
2024-02-01,403.7799987792969,392.03799896240236,381.1730004882813,341.9209504699707,False,False,
2024-02-02,411.2200012207031,394.2019989013672,381.8486004638672,342.53520050048826,False,False,
2024-02-05,405.6499938964844,396.0969985961914,382.5002001953125,343.1212004089355,False,False,
2024-02-06,405.489990234375,397.63699798583986,383.05299987792966,343.7181004333496,False,False,
2024-02-07,414.0499877929688,399.5499969482422,383.78539978027345,344.3595503234863,False,False,
2024-02-08,414.1099853515625,401.1169967651367,384.49539978027343,345.0212503051758,False,False,
2024-02-09,420.5499877929688,402.91299591064455,385.25239929199216,345.746900177002,False,False,
2024-02-12,415.260009765625,404.25249633789065,385.98059936523435,346.34635025024414,False,False,
2024-02-13,406.3200073242188,405.054997253418,386.52879943847654,346.8538003540039,False,False,
2024-02-14,409.489990234375,406.0559967041016,387.22839904785155,347.36495025634764,False,False,
2024-02-15,406.55999755859375,406.69049682617185,387.9767987060547,347.86995025634764,False,False,
2024-02-16,404.05999755859375,406.95999603271486,388.60759887695315,348.3632002258301,False,False,
2024-02-20,402.7900085449219,407.2739959716797,389.2873992919922,348.85515029907225,False,False,
2024-02-21,402.1799926757813,407.43799591064453,389.9119989013672,349.3390002441406,False,False,
2024-02-22,411.6499938964844,407.8924957275391,390.6603985595703,349.8440002441406,False,False,
2024-02-23,410.3399963378906,408.1659957885742,391.4411987304687,350.35245025634765,False,False,
2024-02-26,407.5400085449219,408.34649658203125,392.1043988037109,350.85515029907225,False,False,
2024-02-27,407.4800109863281,408.2344970703125,392.76659912109375,351.33100036621096,False,False,
2024-02-28,407.7200012207031,408.1909973144531,393.6023992919922,351.8190504455566,False,False,
2024-02-29,413.6400146484375,408.9939987182617,394.4605993652344,352.3424005126953,False,False,
2024-03-01,415.5,409.5799987792969,395.3175994873047,352.8726005554199,False,False,
2024-03-04,414.9200134277344,409.76499938964844,396.1507995605469,353.38850067138674,False,False,
2024-03-05,402.6499938964844,409.61499938964846,396.7913995361328,353.83175064086913,False,False,
2024-03-06,402.0899963378906,409.4449996948242,397.3623992919922,354.2496006774902,False,False,
2024-03-07,409.1400146484375,409.19950103759766,398.0535998535156,354.70360076904296,False,False,
2024-03-08,406.2200012207031,408.8050018310547,398.6847998046875,355.1288008117676,False,False,
2024-03-11,404.5199890136719,408.00350189208984,399.2937994384766,355.5751007080078,False,False,
2024-03-12,415.2799987792969,408.00450134277344,400.09379943847654,356.0822506713867,False,False,
2024-03-13,415.1000061035156,408.4435012817383,400.87499938964845,356.5281506347656,False,False,
2024-03-14,425.2200012207031,409.23000183105466,401.9619995117188,356.98980056762696,False,False,
2024-03-15,416.4200134277344,409.7230026245117,402.87839965820314,357.41585067749025,False,False,
2024-03-18,417.3200073242188,410.386003112793,403.8659997558594,357.86050064086913,False,False,
2024-03-19,421.4100036621094,411.31700286865237,404.93919982910154,358.30465072631836,False,False,
2024-03-20,425.2300109863281,412.46950378417966,405.95,358.7538008117676,False,False,
2024-03-21,429.3699951171875,413.35550384521486,407.0215997314453,359.2209507751465,False,False,
2024-03-22,428.739990234375,414.27550354003904,407.94099975585937,359.6962507629394,False,False,
2024-03-25,422.8599853515625,415.04150238037107,408.7055993652344,360.1936506652832,False,False,
2024-03-26,421.6499938964844,415.75000152587893,409.36919921875,360.6756005859375,False,False,
2024-03-27,421.4299926757813,416.4355010986328,409.9923992919922,361.1488005065918,False,False,
2024-03-28,420.7200012207031,416.7895004272461,410.6173992919922,361.59315048217775,False,False,
2024-04-01,424.5700073242188,417.24300079345704,411.2313995361328,362.0445504760742,False,False,
2024-04-02,421.4400024414063,417.5690002441406,411.6867993164062,362.4650505065918,False,False,
2024-04-03,420.4500122070313,418.459001159668,412.16559936523436,362.82680053710936,False,False,
2024-04-04,417.8800048828125,419.2485015869141,412.5451995849609,363.2045506286621,False,False,
2024-04-05,425.5199890136719,420.06750030517577,413.0043994140625,363.64190063476565,False,False,
2024-04-08,424.5899963378906,420.98600006103516,413.39879943847654,364.0970506286621,False,False,
2024-04-09,426.2799987792969,422.0740005493164,413.8457995605469,364.5299006652832,False,False,
2024-04-10,423.260009765625,422.47300109863284,414.1165997314453,364.97110076904295,False,False,
2024-04-11,427.9299926757813,423.11450042724607,414.50339965820314,365.4677507019043,False,False,
2024-04-12,421.8999938964844,422.94850006103513,414.9897998046875,365.90440063476564,False,False,
2024-04-15,413.6400146484375,422.8095001220703,415.1870001220703,366.29335067749025,False,False,
2024-04-16,414.5799865722656,422.67249908447263,415.25419982910154,366.69100067138675,False,False,
2024-04-17,411.8399963378906,422.1939987182617,415.3779998779297,367.04750061035156,False,False,
2024-04-18,404.2699890136719,421.14599761962893,415.3535998535156,367.37890060424803,False,False,
2024-04-19,399.1199951171875,419.6334976196289,415.055,367.6837506103516,False,False,
2024-04-22,400.9599914550781,418.24449768066404,414.7920001220703,367.9822006225586,False,False,
2024-04-23,407.5700073242188,417.47999877929686,414.5324005126953,368.33395065307616,False,False,
2024-04-24,409.05999755859375,416.85049896240236,414.4084002685547,368.7201007080078,False,False,
2024-04-25,399.0400085449219,415.7309997558594,414.26280029296873,369.0529507446289,False,False,
2024-04-26,406.3200073242188,415.01100006103513,414.19940063476565,369.39855072021487,False,False,
2024-04-29,402.25,413.8949996948242,414.11320068359373,369.6965007019043,False,True,Bearish
2024-04-30,389.3299865722656,412.2894989013672,413.8186004638672,369.91695068359377,False,False,
2024-05-01,394.9400024414063,411.0139984130859,413.6616003417969,370.16300064086914,False,False,
2024-05-02,397.8399963378906,410.01199798583986,413.5748004150391,370.35475067138674,False,False,
2024-05-03,406.6600036621094,409.06899871826175,413.4750006103516,370.61265075683593,False,False,
2024-05-06,413.5400085449219,408.51649932861335,413.5390008544922,370.9460008239746,False,False,
2024-05-07,409.3399963378906,407.66949920654304,413.57500061035154,371.2738508605957,False,False,
2024-05-08,410.5400085449219,407.03349914550785,413.6362005615234,371.6010009765625,False,False,
2024-05-09,412.3200073242188,406.2529998779297,413.72820068359374,371.90770095825195,False,False,
2024-05-10,414.739990234375,405.89499969482426,413.7502001953125,372.2925509643555,False,False,
2024-05-13,413.7200012207031,405.89899902343757,413.71460021972655,372.70755096435545,False,False,
2024-05-14,416.55999755859375,405.99799957275394,413.7473999023438,373.0985009765625,False,False,
2024-05-15,423.0799865722656,406.5599990844727,414.1559997558594,373.5343008422852,False,False,
2024-05-16,420.989990234375,407.39599914550786,414.53399963378905,373.9575508117676,False,False,
2024-05-17,420.2099914550781,408.4504989624024,414.7553991699219,374.421100769043,False,False,
2024-05-20,425.3399963378906,409.669499206543,415.13779907226564,374.91450073242186,False,False,
2024-05-21,429.0400085449219,410.7429992675781,415.6281994628906,375.42080078125,False,False,
2024-05-22,430.5199890136719,411.81599884033204,415.9329992675781,375.92285079956054,False,False,
2024-05-23,427.0,413.21399841308596,416.17099914550784,376.4276008605957,False,False,
2024-05-24,430.1600036621094,414.40599822998047,416.2697991943359,376.9672508239746,False,False,
2024-05-28,430.3200073242188,415.8094985961914,416.5477990722656,377.5042008972168,False,False,
2024-05-29,429.1700134277344,417.80149993896487,416.78479919433596,378.04500091552734,True,False,Bullish
2024-05-30,414.6700134277344,418.7880004882812,416.6499993896484,378.4981509399414,False,False,
2024-05-31,415.1300048828125,419.65250091552736,416.4479992675781,378.96450103759764,False,False,
2024-06-03,413.5199890136719,419.9955001831055,416.1309991455078,379.4301010131836,False,False,
2024-06-04,416.0700073242188,420.1220001220703,415.8775994873047,379.9260510253906,False,False,
2024-06-05,424.010009765625,420.85550079345705,415.9005999755859,380.4637010192871,False,False,
2024-06-06,424.5199890136719,421.5544998168945,415.9579998779297,380.9769009399414,False,False,
2024-06-07,423.8500061035156,422.13099975585936,416.0064001464844,381.4838510131836,False,False,
2024-06-10,427.8699951171875,422.7875,416.14940002441404,381.9882009887695,False,False,
2024-06-11,432.6799926757813,423.7354995727539,416.3115997314453,382.55175094604493,False,False,
2024-06-12,441.05999755859375,424.9604995727539,416.70399963378907,383.14215087890625,False,False,
2024-06-13,441.5799865722656,425.88549957275393,417.12659912109376,383.7315507507324,False,False,
2024-06-14,442.5700073242188,426.9645004272461,417.6203991699219,384.30235076904296,False,False,
2024-06-17,448.3699951171875,428.37250061035155,418.0773992919922,384.90025070190427,False,False,
2024-06-18,446.3399963378906,429.42250061035156,418.5123992919922,385.49315063476564,False,False,
2024-06-20,445.7000122070313,430.25550079345703,418.9007995605469,386.0783506774902,False,False,
2024-06-21,449.7799987792969,431.21850128173827,419.4311993408203,386.65950073242186,False,False,
2024-06-24,447.6700134277344,432.252001953125,419.82599975585936,387.2334507751465,False,False,
2024-06-25,450.9500122070313,433.29150238037107,420.4070001220703,387.8386508178711,False,False,
2024-06-26,452.1600036621094,434.3835021972656,421.1773999023437,388.4281008911133,False,False,
2024-06-27,452.8500061035156,435.5675018310547,421.94280029296874,389.00265090942383,False,False,
2024-06-28,446.9500122070313,437.1815017700195,422.6450006103516,389.57855102539065,False,False,
2024-07-01,456.7300109863281,439.2615020751953,423.6942010498047,390.1819010925293,False,False,
2024-07-02,459.2799987792969,441.54950256347655,424.89740112304685,390.7848010253906,False,False,
2024-07-03,460.7699890136719,443.78450164794924,426.0936010742187,391.43755096435547,False,False,
2024-07-05,467.55999755859375,445.96200103759764,427.29340087890625,392.13005096435546,False,False,
2024-07-08,466.239990234375,448.0480010986328,428.4370007324219,392.81800094604495,False,False,
2024-07-09,459.5400085449219,449.83250122070314,429.6470007324219,393.5118510437012,False,False,
2024-07-10,466.25,451.7515014648437,430.8456005859375,394.2454510498047,False,False,
2024-07-11,454.7000122070313,452.8525024414063,431.8946008300781,394.9339010620117,False,False,
2024-07-12,453.5499877929688,453.477001953125,433.1790008544922,395.61395095825196,False,False,
2024-07-15,453.9599914550781,454.09600219726565,434.3594006347656,396.32305084228517,False,False,
2024-07-16,449.5199890136719,454.4435012817383,435.39300048828125,397.0067007446289,False,False,
2024-07-17,443.5199890136719,454.2010009765625,436.1302001953125,397.6561006164551,False,False,
2024-07-18,440.3699951171875,453.90250091552736,436.6667999267578,398.27920059204104,False,False,
2024-07-19,437.1099853515625,453.4729995727539,437.2221997070312,398.85575057983397,False,False,
2024-07-22,442.9400024414063,453.13099975585936,437.8701995849609,399.50350051879883,False,False,
2024-07-23,444.8500061035156,452.98999938964846,438.5207995605469,400.132950592041,False,False,
2024-07-24,428.8999938964844,451.8874984741211,438.8039996337891,400.68065063476564,False,False,
2024-07-25,418.3999938964844,450.19949798583986,438.89759948730466,401.13635055541994,False,False,
2024-07-26,425.2699890136719,448.8204971313477,439.07179931640627,401.6136004638672,False,False,
2024-07-29,426.7300109863281,447.8094970703125,439.1447998046875,402.1053004455566,False,False,
2024-07-30,422.9200134277344,446.11899719238284,439.1834002685547,402.55780044555667,False,False,
2024-07-31,418.3500061035156,444.07249755859374,439.1462005615234,402.99375045776367,False,False,
2024-08-01,417.1099853515625,441.8894973754883,438.9816003417969,403.44065032958986,False,False,
2024-08-02,408.489990234375,438.93599700927734,438.57059997558594,403.81990020751954,False,False,
2024-08-05,395.1499938964844,435.3814971923828,437.8632000732422,404.13535018920896,False,True,Bearish
2024-08-06,399.6099853515625,432.38499603271487,437.3153997802734,404.482850189209,False,False,
2024-08-07,398.4299926757813,428.9939956665039,436.68079956054686,404.8184001159668,False,False,
2024-08-08,402.6900024414063,426.3934951782227,436.1281994628906,405.19850006103513,False,False,
2024-08-09,406.0199890136719,424.0169952392578,435.6651989746094,405.5819999694824,False,False,
2024-08-12,406.80999755859375,421.6594955444336,435.50799865722655,405.9633999633789,False,False,
2024-08-13,414.010009765625,419.8839965820313,435.4855987548828,406.33009994506835,False,False,
2024-08-14,416.8599853515625,418.5509963989258,435.5523986816406,406.774949798584,False,False,
2024-08-15,421.0299987792969,417.58399658203126,435.6515985107422,407.2310498046875,False,False,
2024-08-16,418.4700012207031,416.6519973754883,435.5407983398438,407.63684982299804,False,False,
2024-08-19,421.5299987792969,415.5814971923828,435.48099853515623,408.0539498901367,False,False,
2024-08-20,424.7999877929688,414.5789962768555,435.4999981689453,408.44759979248045,False,False,
2024-08-21,424.1400146484375,414.34099731445315,435.42539855957034,408.8266998291016,False,False,
2024-08-22,415.5499877929688,414.19849700927733,435.0827984619141,409.14044982910156,False,False,
2024-08-23,416.7900085449219,413.77449798583984,434.59739868164064,409.4417498779297,False,False,
2024-08-26,413.489990234375,413.1124969482422,434.0355987548828,409.70654983520507,False,False,
2024-08-27,413.8399963378906,412.65849609375,433.46099853515625,409.9597497558594,False,False,
2024-08-28,410.6000061035156,412.27099609375,432.7055987548828,410.20929977416995,False,False,
2024-08-29,413.1199951171875,412.0714965820313,432.04119873046875,410.4265496826172,False,False,
2024-08-30,417.1400146484375,412.5039978027344,431.4699987792969,410.6788497924805,False,False,
2024-09-03,409.4400024414063,413.21849822998047,430.66319885253904,410.8746998596191,False,False,
2024-09-04,408.8999938964844,413.68299865722656,429.8877984619141,411.0708497619629,False,False,
2024-09-05,408.3900146484375,414.1809997558594,429.0365985107422,411.2319497680664,False,False,
2024-09-06,401.7000122070313,414.1315002441406,428.02739868164065,411.391199798584,False,False,
2024-09-09,405.7200012207031,414.1165008544922,427.08479858398437,411.5325997924805,False,False,
2024-09-10,414.2000122070313,414.4860015869141,426.4297985839844,411.73824981689455,False,False,
2024-09-11,423.0400085449219,414.93750152587893,425.75599853515627,411.9641998291016,False,False,
2024-09-12,427.0,415.44450225830076,425.1103985595703,412.21204986572263,False,False,
2024-09-13,430.5899963378906,415.9225021362305,424.50679870605467,412.4719499206543,False,False,
2024-09-16,431.3399963378906,416.56600189208984,423.78239868164064,412.7151498413086,False,False,
2024-09-17,435.1499938964844,417.2470016479492,423.1605987548828,412.99664978027346,False,False,
2024-09-18,430.80999755859375,417.5475021362305,422.58599853515625,413.2561497497559,False,False,
2024-09-19,438.6900024414063,418.2750015258789,422.03479858398435,413.5770497131348,False,False,
2024-09-20,435.2699890136719,419.26100158691406,421.64619812011716,413.90769958496094,False,False,
2024-09-23,433.510009765625,420.09700164794924,421.24539855957033,414.2126496887207,False,False,
2024-09-24,429.1700134277344,420.88100280761716,420.7495989990234,414.51449981689456,True,False,Bullish
2024-09-25,432.1099853515625,421.7945022583008,420.4013989257812,414.8202996826172,False,False,
2024-09-26,431.30999755859375,422.8300018310547,420.1571990966797,415.1056996154785,False,False,
2024-09-27,428.0199890136719,423.5750015258789,419.9101989746094,415.38929962158204,False,False,
2024-09-30,430.2999877929688,424.23300018310545,419.7739990234375,415.6688995361328,False,False,
2024-10-01,420.6900024414063,424.79550018310545,419.3289990234375,415.9004995727539,False,False,
2024-10-02,417.1300048828125,425.2070007324219,418.77459899902345,416.15649963378905,False,False,
2024-10-03,416.5400085449219,425.61450042724607,418.5273992919922,416.385549621582,False,False,
2024-10-04,416.05999755859375,426.3324996948242,418.48059936523435,416.60259963989256,False,False,
2024-10-07,409.5400085449219,426.5235000610352,418.1659997558594,416.78399963378905,False,False,
2024-10-08,414.7099914550781,426.5489990234375,417.92559936523435,417.0044496154785,False,False,
2024-10-09,417.4599914550781,426.26999816894534,417.81639892578124,417.2240495300293,False,False,
2024-10-10,415.8399963378906,425.71199798583984,417.7661987304688,417.43034957885743,False,False,
2024-10-11,416.3200073242188,424.9984985351563,417.7503991699219,417.63864959716796,False,False,
2024-10-14,419.1400146484375,424.3884994506836,417.9633996582031,417.86399963378904,False,False,
2024-10-15,418.739990234375,423.5679992675781,418.4351995849609,418.08129959106446,False,False,
2024-10-16,416.1199951171875,422.8334991455078,418.7653997802734,418.2816995239258,False,False,
2024-10-17,416.7200012207031,421.73499908447263,419.1311999511719,418.51094955444336,False,False,
2024-10-18,418.1600036621094,420.8794998168945,419.44059997558594,418.74874954223634,False,False,
2024-10-21,418.7799987792969,420.14299926757815,419.69580017089845,419.0029495239258,False,False,
2024-10-22,427.510009765625,420.0599990844727,420.10980041503905,419.3017495727539,False,True,Bearish
2024-10-23,424.6000061035156,419.6845001220703,420.32160034179685,419.55129959106443,False,False,
2024-10-24,424.7300109863281,419.35550079345705,420.4790008544922,419.79599960327147,False,False,
2024-10-25,428.1499938964844,419.3620010375977,420.62140075683595,420.02289962768555,False,False,
2024-10-28,426.5899963378906,419.17650146484374,420.7838006591797,420.2326995849609,False,False,
2024-10-29,431.9500122070313,419.739501953125,420.99220092773436,420.4500996398926,False,False,
2024-10-30,432.5299987792969,420.5095016479492,421.14680114746096,420.6613996887207,False,False,
2024-10-31,406.3500061035156,420.00000152587893,420.7910009765625,420.7457997131348,False,False,
2024-11-01,410.3699951171875,419.7155014038086,420.68740112304687,420.82829971313475,False,False,
2024-11-04,408.4599914550781,419.66150054931643,420.52080078125,420.8772496032715,False,False,
2024-11-05,411.4599914550781,419.4990005493164,420.4802008056641,420.9519995117187,False,False,
2024-11-06,420.1799926757813,419.63500061035154,420.60700073242197,421.0583995056152,False,False,
2024-11-07,425.4299926757813,420.11450042724607,420.90360046386724,421.17274948120115,False,False,
2024-11-08,422.5400085449219,420.4255004882813,421.0920007324219,421.26109954833987,False,False,
2024-11-11,418.010009765625,420.36900024414064,421.1094006347657,421.33149963378906,False,False,
2024-11-12,423.0299987792969,420.58350067138673,421.3812005615235,421.398049621582,False,False,
2024-11-13,425.2000122070313,421.0375015258789,421.70720092773445,421.48109970092776,False,False,
2024-11-14,426.8900146484375,421.54600219726564,422.07720092773445,421.6276498413086,False,False,
2024-11-15,415.0,421.3880020141602,422.3432006835938,421.6837498474121,False,False,
2024-11-18,415.760009765625,421.23700256347655,422.54400085449225,421.7064498901367,False,False,
2024-11-19,417.7900085449219,420.7510025024414,422.6158007812501,421.7671499633789,False,False,
2024-11-20,415.489990234375,420.2955017089844,422.4648004150391,421.8171499633789,False,False,
2024-11-21,412.8699951171875,419.70250091552737,422.18220031738286,421.81125,False,False,
2024-11-22,417.0,419.14500122070314,421.91040039062506,421.82570007324216,False,False,
2024-11-25,418.7900085449219,418.7550018310547,421.6594006347657,421.81690017700197,False,False,
2024-11-26,427.989990234375,418.5570007324219,421.51620056152353,421.8805500793457,False,False,
2024-11-27,422.989990234375,418.08000030517576,421.35980041503916,421.96389999389646,False,False,
2024-11-29,423.4599914550781,418.9354995727539,421.0552001953126,422.03375,False,False,
2024-12-02,430.9800109863281,419.96600036621095,420.9694006347657,422.15585006713866,False,False,
2024-12-03,431.2000122070313,421.1030014038086,420.92320068359385,422.2915501403809,True,False,Bullish
2024-12-04,437.4200134277344,422.40100250244143,421.0882006835938,422.4647001647949,False,False,
2024-12-05,442.6199951171875,423.5230026245117,421.2984008789063,422.66690017700193,False,False,
2024-12-06,443.5700073242188,424.4300033569336,421.5436010742188,422.8265002441406,False,False,
2024-12-09,446.0199890136719,425.60400238037107,421.90360107421884,423.00490020751954,False,False,
2024-12-10,443.3299865722656,426.8700012207031,422.1642010498048,423.18385009765626,False,False,
2024-12-11,448.989990234375,428.16800079345705,422.73020080566414,423.39139999389647,False,False,
2024-12-12,449.55999755859375,429.38600006103513,423.3788006591798,423.60059997558596,False,False,
2024-12-13,447.2699890136719,430.4049987792969,423.99340026855475,423.7687498474121,False,False,
2024-12-16,451.5899963378906,432.23449859619143,424.7040002441407,423.9491998291016,False,False,
2024-12-17,454.4599914550781,434.16949768066405,425.60239990234385,424.14689971923826,False,False,
2024-12-18,437.3900146484375,435.14949798583984,426.05600036621104,424.320599822998,False,False,
2024-12-19,437.0299987792969,436.22649841308595,426.44740051269537,424.49529983520506,False,False,
2024-12-20,436.6000061035156,437.41299896240236,426.8626007080079,424.63259979248045,False,False,
2024-12-23,435.25,438.3254989624023,427.2412005615235,424.77774978637694,False,False,
2024-12-24,439.3299865722656,439.35249786376954,427.6450000000001,424.9517997741699,False,False,
2024-12-26,438.1099853515625,439.8584976196289,428.0323999023438,425.0659497070312,False,False,
2024-12-27,430.5299987792969,440.235498046875,428.320599975586,425.14309967041015,False,False,
2024-12-30,424.8299865722656,440.3039978027344,428.48279968261727,425.14114959716795,False,False,
2024-12-31,421.5,439.82999725341796,428.5495996093751,425.1665495300293,False,False,
2025-01-02,418.5799865722656,439.19899597167966,428.54559936523447,425.1728494262695,False,False,
2025-01-03,423.3500061035156,438.49549560546876,428.46239929199226,425.18254943847654,False,False,
2025-01-06,427.8500061035156,437.75699615478516,428.52739929199225,425.1956494140625,False,False,
2025-01-07,422.3699951171875,436.6969955444336,428.48019897460944,425.1606494140625,False,False,
2025-01-08,424.55999755859375,435.6239959716797,428.4083990478516,425.1397494506836,False,False,
2025-01-10,418.9500122070313,434.40499725341795,428.25559936523445,425.1201995849609,False,False,
2025-01-13,417.1900024414063,432.8149978637695,427.96039916992186,425.09789962768554,False,False,
2025-01-14,415.6700134277344,431.12049865722656,427.6231994628906,425.0690997314453,False,False,
2025-01-15,426.30999755859375,430.07249908447267,428.0223992919922,425.09704971313477,False,False,
2025-01-16,424.5799865722656,428.7219985961914,428.30659912109377,425.097099609375,False,False,
2025-01-17,429.0299987792969,427.4504989624023,428.71799926757814,425.13504959106444,False,True,Bearish
2025-01-21,428.5,427.0059982299805,429.05879943847657,425.1752995300293,False,False,
2025-01-22,446.2000122070313,427.46449890136716,429.5791998291016,425.31689956665036,False,False,
2025-01-23,446.7099914550781,427.9699981689453,430.0047998046875,425.42284957885744,False,False,
2025-01-24,444.05999755859375,428.410498046875,430.4351995849609,425.52019958496095,False,False,
2025-01-27,434.55999755859375,428.17199859619143,430.7661993408203,425.5615995788574,False,False,
2025-01-28,447.2000122070313,428.62649993896486,431.249599609375,425.68129959106443,False,False,
2025-01-29,442.3299865722656,429.2164993286133,431.5921990966797,425.75329956054685,False,False,
2025-01-30,414.989990234375,428.72449951171876,431.35419860839846,425.7187495422363,False,False,
2025-01-31,415.05999755859375,428.4024993896484,431.3553985595703,425.7258494567871,False,False,
2025-02-03,410.9200134277344,428.0195007324219,431.2585986328125,425.70754959106443,False,False,
2025-02-04,412.3699951171875,427.47050018310546,431.1501983642578,425.71019958496095,False,False,
2025-02-05,413.2900085449219,426.7425003051758,431.10619873046875,425.7552996826172,False,False,
2025-02-06,415.8200073242188,426.41500091552734,431.1651989746094,425.8387997436523,False,False,
2025-02-07,409.75,425.6745010375977,431.0201989746094,425.88274978637696,False,False,
2025-02-10,412.2200012207031,425.33800048828124,430.888798828125,425.9059997558594,False,False,
2025-02-11,411.4400024414063,425.0505004882813,430.55779907226565,425.91789978027344,False,False,
2025-02-12,409.0400085449219,424.7190002441406,430.27879943847654,425.96789978027346,False,False,
2025-02-13,410.5400085449219,423.93050079345704,430.02039978027346,425.98899978637695,False,False,
2025-02-14,408.4299926757813,423.1230010986328,429.5693994140625,426.01989974975584,False,False,
2025-02-18,409.6400146484375,422.1535018920898,429.1381994628906,426.1214498901367,False,False,
2025-02-19,414.7699890136719,421.4670013427734,428.68519897460936,426.22059982299805,False,False,
2025-02-20,416.1300048828125,419.9635009765625,428.15539916992185,426.31204986572266,False,False,
2025-02-21,408.2099914550781,418.0385009765625,427.44819885253906,426.3197998046875,False,False,
2025-02-24,404.0,416.03550109863284,426.6077990722656,426.27209976196286,False,False,
2025-02-25,397.8999938964844,414.20250091552737,425.69919921875,426.2148997497559,False,False,
2025-02-26,399.7300109863281,411.82900085449216,424.71399963378906,426.1608497619629,False,False,
2025-02-27,392.5299987792969,409.33900146484376,423.57339965820313,426.0618997192383,False,False,
2025-02-28,396.989990234375,408.4390014648437,422.5677996826172,425.9731497192383,False,False,
2025-03-03,388.489990234375,407.1105010986328,421.30579956054686,425.8469996643066,False,False,
2025-03-04,388.6099853515625,405.99499969482423,419.9887994384766,425.70724960327146,False,False,
2025-03-05,401.0199890136719,405.42749938964846,419.26139892578124,425.59694961547854,False,False,
2025-03-06,396.8900146484375,404.60749969482424,418.4585992431641,425.4764497375488,False,False,
2025-03-07,393.30999755859375,403.481999206543,417.5927990722656,425.3419497680664,False,False,
2025-03-10,380.1600036621094,402.00249938964845,416.4909991455078,425.1160498046875,False,False,
2025-03-11,380.4500122070313,400.4139999389648,415.31339965820314,424.87309982299803,False,False,
2025-03-12,383.2699890136719,399.0054992675781,414.2165997314453,424.63684982299804,False,False,
2025-03-13,378.7699890136719,397.49199829101565,413.1813995361328,424.3956997680664,False,False,
2025-03-14,388.55999755859375,396.3929977416992,412.45599975585935,424.1876997375488,False,False,
2025-03-17,388.7000122070313,395.40649871826173,411.8,423.9795997619629,False,False,
2025-03-18,383.5199890136719,394.1004974365234,411.09880004882814,423.75134963989257,False,False,
2025-03-19,387.8200073242188,392.7529983520508,410.38820007324216,423.617099609375,False,False,
2025-03-20,386.8399963378906,391.2884979248047,409.5679998779297,423.4756495666504,False,False,
2025-03-21,391.260009765625,390.44099884033204,408.94580017089845,423.36434967041015,False,False,
2025-03-24,393.0799865722656,389.89499816894534,408.3161999511719,423.24939956665037,False,False,
2025-03-25,395.1600036621094,389.75799865722655,407.84039978027346,423.1051495361328,False,False,
2025-03-26,389.9700012207031,389.26999816894534,407.2959997558594,422.93239959716794,False,False,
2025-03-27,390.5799865722656,389.17249755859376,406.79419921875,422.7660494995117,False,False,
2025-03-28,378.7999877929688,388.26299743652345,405.8439990234375,422.5206994628906,False,False,
2025-03-31,375.3900146484375,387.6079986572266,404.8601995849609,422.2342495727539,False,False,
2025-04-01,382.1900024414063,387.28699951171876,403.92339965820315,421.939899597168,False,False,
2025-04-02,382.1400146484375,386.343000793457,402.9961999511719,421.6426997375488,False,False,
2025-04-03,373.1099853515625,385.1539993286133,401.5343994140625,421.2953996276855,False,False,
2025-04-04,359.8399963378906,383.4804992675781,399.79699951171875,420.8527496337891,False,False,
2025-04-07,357.8599853515625,382.3654983520508,398.0729992675781,420.41034957885745,False,False,
2025-04-08,354.5599975585937,381.0709976196289,396.47299926757813,419.95464950561524,False,False,
2025-04-09,390.489990234375,381.43199768066404,395.338798828125,419.65819946289065,False,False,
2025-04-10,381.3500061035156,381.5609985351563,394.11919921875,419.3265994262695,False,False,
2025-04-11,388.4500122070313,381.5554992675781,393.5883996582031,419.0140994262695,False,False,
2025-04-14,387.80999755859375,381.51099853515626,393.0433996582031,418.69234939575193,False,False,
2025-04-15,385.7300109863281,381.6214996337891,392.539599609375,418.356749420166,False,False,
2025-04-16,371.6099853515625,380.8109985351563,391.7243994140625,417.9800492858887,False,False,
2025-04-17,367.7799987792969,379.8579986572266,390.81419921875,417.53529922485353,False,False,
2025-04-21,359.1199951171875,378.25099792480466,389.68019897460937,417.034499206543,False,False,
2025-04-22,366.8200073242188,376.93799896240233,388.82159912109375,416.5647492980957,False,False,
2025-04-23,374.3900146484375,375.8994995117188,388.06499938964845,416.0988993835449,False,False,
2025-04-24,387.2999877929688,375.76599884033203,387.5821990966797,415.7041993713379,False,False,
2025-04-25,391.8500061035156,375.82949981689455,387.23839904785154,415.36574935913086,False,False,
2025-04-28,391.1600036621094,376.44750061035154,386.8507989501953,414.99029937744143,False,False,
2025-04-29,394.0400085449219,377.38000030517577,386.5629992675781,414.6869993591309,False,False,
2025-04-30,395.260009765625,378.0335006713867,386.27539916992185,414.39554946899415,False,False,
2025-05-01,425.3999938964844,380.1964996337891,386.4879992675781,414.2527494812012,False,False,
2025-05-02,435.2799987792969,383.3050003051758,386.8709991455078,414.1815495300293,False,False,
2025-05-05,436.1700134277344,387.12150115966796,387.4301995849609,414.1447996520996,False,False,
2025-05-06,433.30999755859375,390.89400177001954,388.01639953613284,414.10949966430667,True,False,Bullish
2025-05-07,433.3500061035156,394.8335021972656,388.72539978027345,414.09069976806643,False,False,
2025-05-08,438.1700134277344,397.2175033569336,389.49419982910155,414.06684982299805,False,False,
2025-05-09,438.7300109863281,400.08650360107424,390.4182000732422,414.03624984741214,False,False,
2025-05-12,449.260009765625,403.1270034790039,391.4636004638672,414.1380499267578,False,False,
2025-05-13,449.1400146484375,406.1935043334961,392.6766009521484,414.29175003051756,False,False,
2025-05-14,452.9400024414063,409.55400390625,393.9632012939453,414.43010009765624,False,False,
2025-05-15,453.1300048828125,413.6300048828125,395.0054016113281,414.56210006713866,False,False,
2025-05-16,454.2699890136719,417.9545043945312,396.1530010986328,414.71884994506837,False,False,
2025-05-19,458.8699951171875,422.94200439453124,397.4642010498047,414.9214498901367,False,False,
2025-05-20,458.1700134277344,427.509504699707,399.0244012451172,415.1267500305176,False,False,
2025-05-21,452.5700073242188,431.4185043334961,400.46680114746096,415.34715011596677,False,False,
2025-05-22,454.8599853515625,434.79650421142577,401.89860107421873,415.6457000732422,False,False,
2025-05-23,450.1799926757813,437.71300354003904,403.3268011474609,415.89855010986327,False,False,
2025-05-27,460.6900024414063,441.1895034790039,404.7694012451172,416.2098501586914,False,False,
2025-05-28,457.3599853515625,444.3555023193359,406.1426007080078,416.4832000732422,False,False,
2025-05-29,458.6799926757813,447.52650146484376,407.64580078125,416.7465000915527,False,False,
2025-05-30,460.3599853515625,449.27450103759764,409.0966003417969,417.0142500305176,False,False,
2025-06-02,461.9700012207031,450.60900115966797,410.5992004394531,417.254049987793,False,False,
2025-06-03,462.9700012207031,451.9490005493164,412.0334002685547,417.4846000671387,False,False,
2025-06-04,463.8699951171875,453.4770004272461,413.44920043945314,417.6988000488281,False,False,
2025-06-05,467.6799926757813,455.19349975585936,414.89960021972655,417.94485000610354,False,False,
2025-06-06,470.3800048828125,456.80399932861326,416.50780029296874,418.1891000366211,False,False,
2025-06-09,472.75,458.5049987792969,418.1512005615234,418.42885009765627,False,False,
2025-06-10,470.9200134277344,459.58799896240237,419.99360107421876,418.6627500915527,False,False,
2025-06-11,472.6199951171875,460.76199798583986,421.9382006835938,418.94810012817385,False,False,
2025-06-12,478.8699951171875,462.0584976196289,423.8718005371094,419.25850006103514,False,False,
2025-06-13,474.9599914550781,463.1499969482422,425.7282000732422,419.5658500671387,False,False,
2025-06-16,479.1400146484375,464.3934982299805,427.8488006591797,419.8923501586914,False,False,
2025-06-17,478.0400085449219,465.3519989013672,430.2128009033203,420.22955017089845,False,False,
2025-06-18,480.239990234375,466.4554977416992,432.66040100097655,420.56515014648437,False,False,
2025-06-20,477.3999938964844,467.6969970703125,435.11720092773436,420.86645004272464,False,False,
2025-06-23,486.0,469.2539978027344,437.0274011230469,421.2492500305176,False,False,
2025-06-24,490.1099853515625,471.25049743652346,439.2026007080078,421.65529998779294,False,False,
2025-06-25,492.2699890136719,472.8294967651367,441.2790002441406,422.07469985961916,False,False,
2025-06-26,497.4500122070313,474.83399810791013,443.4718005371094,422.55344985961915,False,False,
2025-06-27,495.9400024414063,476.6969985961914,445.6760003662109,423.00454986572265,False,False,
2025-06-30,497.4100036621094,478.54949951171875,448.1920007324219,423.42059982299804,False,False,
2025-07-01,492.0499877929688,480.05349884033205,450.6774005126953,423.7656497192383,False,False,
2025-07-02,491.0899963378906,481.4594985961914,453.3168005371094,424.0860997009277,False,False,
2025-07-03,498.8399963378906,483.20799865722654,455.9572003173828,424.4273497009277,False,False,
2025-07-07,497.7200012207031,484.70999908447266,458.4238000488281,424.7592497253418,False,False,
2025-07-08,496.6199951171875,486.0219985961914,460.6102001953125,425.0665997314453,False,False,
2025-07-09,503.510009765625,487.5599990844727,462.84340026855466,425.43009979248046,False,False,
2025-07-10,501.4800109863281,489.08799896240237,465.04980041503904,425.7440498352051,False,False,
2025-07-11,503.3200073242188,490.6229995727539,467.235400390625,426.0842999267578,False,False,
2025-07-14,503.0199890136719,491.83049926757815,469.3905999755859,426.43184982299806,False,False,
2025-07-15,505.8200073242188,493.37350006103514,470.99900024414063,426.81509979248045,False,False,
2025-07-16,505.6199951171875,494.69749908447267,472.40580017089843,427.1826498413086,False,False,
2025-07-17,511.7000122070313,496.3804992675781,473.91640014648436,427.5845999145508,False,False,
2025-07-18,510.0499877929688,497.8709991455078,475.4511999511719,427.99474990844726,False,False,
2025-07-21,510.05999755859375,499.5039993286133,476.98539978027344,428.3935499572754,False,False,
2025-07-22,505.2699890136719,500.4674987792969,478.3273992919922,428.8164498901367,False,False,
2025-07-23,505.8699951171875,501.2554992675781,479.6701989746094,429.2601498413086,False,False,
2025-07-24,510.8800048828125,502.18600006103514,480.9025988769531,429.7318498229981,False,False,
2025-07-25,513.7100219726562,502.9990005493164,482.1939990234375,430.22009994506834,False,False,
2025-07-28,512.5,503.8270004272461,483.38519897460935,430.7348999023437,False,False,
2025-07-29,512.5700073242188,504.5850006103516,484.5739990234375,431.2241999816895,False,False,
2025-07-30,513.239990234375,505.6445007324219,485.7533990478516,431.7030999755859,False,False,
2025-07-31,533.5,507.76500091552737,487.2459991455078,432.2913999938965,False,False,
2025-08-01,524.1099853515625,509.02850036621095,488.5647985839844,432.8303498840332,False,False,
2025-08-04,535.6400146484375,510.9245010375977,490.22619873046875,433.4128498840332,False,False,
2025-08-05,527.75,512.4810012817383,491.6839990234375,433.9578999328613,False,False,
2025-08-06,524.9400024414062,513.5525009155274,493.17919921875,434.5019999694824,False,False,
2025-08-07,520.8400268554688,514.5205017089844,494.38219970703125,435.02260009765627,False,False,
2025-08-08,522.0399780273438,515.4565002441407,495.67579956054686,435.54199996948245,False,False,
2025-08-11,521.77001953125,516.3940017700195,496.93760009765623,436.0569500732422,False,False,
2025-08-12,529.239990234375,517.5650009155273,498.3152001953125,436.56559997558594,False,False,
2025-08-13,520.5800170898438,518.3130020141601,499.48740051269533,437.0455000305176,False,False,
2025-08-14,522.47998046875,518.8520004272461,500.67760009765624,437.5342498779297,False,False,
2025-08-15,520.1699829101562,519.3580001831054,501.8035998535156,437.99434982299806,False,False,
2025-08-18,517.0999755859375,519.7099990844727,502.79199951171876,438.4468997192383,False,False,
2025-08-19,509.7699890136719,519.9349990844727,503.5797991943359,438.8359996032715,False,False,
2025-08-20,505.7200012207031,519.9274993896485,504.23919921875,439.2019496154785,False,False,
2025-08-21,504.239990234375,519.5954986572266,504.9055987548828,439.6913995361328,False,False,
2025-08-22,507.2300109863281,519.2714981079101,505.5977990722656,440.1756996154785,False,False,
2025-08-25,504.260009765625,518.8594985961914,506.10559936523435,440.6546997070312,False,False,
2025-08-26,502.0400085449219,518.3329986572265,506.64719970703123,441.10759979248047,False,False,
2025-08-27,506.739990234375,518.0079986572266,507.19919921875,441.54039978027345,False,False,
2025-08-28,509.6400146484375,516.8149993896484,507.8311993408203,441.9614498901367,False,False,
2025-08-29,506.6900024414063,515.9440002441407,508.3601995849609,442.38219985961916,False,False,
2025-09-02,505.1199951171875,514.4179992675781,508.914599609375,442.81774978637696,False,False,
2025-09-03,505.3500061035156,513.297999572754,509.3015997314453,443.2293498229981,False,False,
2025-09-04,507.9700012207031,512.4494995117187,509.65880004882814,443.6431997680664,False,False,
2025-09-05,495.0,511.1574981689453,509.71340026855466,443.9837496948242,False,False,
2025-09-08,498.2000122070313,509.9654998779297,509.7284002685547,444.3997497558594,False,False,
2025-09-09,498.4100036621094,508.79749908447263,509.7778002929688,444.8129997253418,False,True,Bearish
2025-09-10,500.3699951171875,507.35399932861327,509.8370001220703,445.2258996582031,False,False,
2025-09-11,501.010009765625,506.37549896240233,510.0162005615234,445.6534997558594,False,False,
2025-09-12,509.8999938964844,505.7464996337891,510.3924005126953,446.13864974975587,False,False,
2025-09-15,515.3599853515625,505.50599975585936,510.72280029296877,446.63044967651365,False,False,
2025-09-16,509.0400085449219,505.1030014038086,510.94920043945314,447.08169967651367,False,False,
2025-09-17,510.0199890136719,505.1155014038086,511.21720031738283,447.49184967041015,False,False,
2025-09-18,508.4500122070313,505.252001953125,511.3160003662109,447.9191497802734,False,False,
2025-09-19,517.9299926757812,505.93650207519534,511.645,448.3914997863769,False,False,
2025-09-22,514.4500122070312,506.2975021362305,511.86760009765624,448.8088497924805,False,False,
2025-09-23,509.2300109863281,506.54600219726564,511.9918005371094,449.19899978637693,False,False,
2025-09-24,510.1499938964844,506.9515014648438,512.0784002685547,449.5626496887207,False,False,
2025-09-25,507.0299987792969,506.9660018920898,512.1066003417968,449.88469970703125,False,False,
2025-09-26,511.4599914550781,507.0570007324219,512.1017999267578,450.22414962768556,False,False,
2025-09-29,514.5999755859375,507.45249938964844,512.1927996826172,450.5670495605469,False,False,
2025-09-30,517.9500122070312,508.0940002441406,512.350599975586,450.9401496887207,False,False,
2025-10-01,519.7100219726562,508.81200103759767,512.6394006347656,451.29374984741213,False,False,
2025-10-02,515.739990234375,509.20050048828125,512.8368005371094,451.624649810791,False,False,
2025-10-03,517.3499755859375,510.3179992675781,512.9661999511719,451.97504974365233,False,False,
2025-10-06,528.5700073242188,511.8364990234375,513.2633996582031,452.359949798584,False,False,
2025-10-07,523.97998046875,513.1149978637695,513.4929992675782,452.70754974365235,False,False,
2025-10-08,524.8499755859375,514.338996887207,513.7385986328125,453.14484954833983,True,False,Bullish
2025-10-09,522.4000244140625,515.4084976196289,513.9217993164062,453.5716996765137,False,False,
2025-10-10,510.9599914550781,515.4614974975586,513.4709991455078,453.9434996032715,False,False,
2025-10-13,514.0499877929688,515.3959976196289,513.269799194336,454.33749954223634,False,False,
2025-10-14,513.5700073242188,515.6224975585938,512.8283990478516,454.7086996459961,False,False,
2025-10-15,513.4299926757812,515.7929977416992,512.5419989013672,455.0852996826172,False,False,
2025-10-16,511.6099853515625,515.9509963989258,512.2753985595704,455.4906996154785,False,False,
2025-10-17,513.5800170898438,515.7334976196289,512.1301983642578,455.93444976806643,False,False,
2025-10-20,516.7899780273438,515.8504959106446,512.0251983642578,456.4108996582031,False,False,
2025-10-21,517.6599731445312,516.2719940185547,511.94299743652346,456.90629959106445,False,False,
2025-10-22,520.5399780273438,516.7914932250976,511.7689971923828,457.3922494506836,False,False,
2025-10-23,520.5599975585938,517.4679931640625,511.76859680175784,457.855799407959,False,False,
2025-10-24,523.6099853515625,518.0754928588867,511.79119689941405,458.36199935913083,False,False,
2025-10-27,531.52001953125,518.9214950561524,512.018197631836,458.8967994689941,False,False,
2025-10-28,542.0700073242188,520.1274948120117,512.5175982666016,459.51239944458007,False,False,
2025-10-29,541.5499877929688,521.2194931030274,513.1531982421875,460.1341993713379,False,False,
2025-10-30,525.760009765625,521.7204940795898,513.553998413086,460.68464935302734,False,False,
2025-10-31,517.8099975585938,521.7434951782227,513.8253985595703,461.1421493530273,False,False,
2025-11-03,517.030029296875,521.1664962768555,514.0213989257812,461.6043995666504,False,False,
2025-11-04,514.3300170898438,520.6839981079102,514.2227990722656,462.0308996582031,False,False,
2025-11-05,507.1600036621094,519.7994995117188,514.3251989746094,462.4241996765137,False,False,
2025-11-06,497.1000061035156,518.5344985961914,514.1323992919922,462.6786996459961,False,False,
2025-11-07,496.8200073242188,517.8274993896484,513.8759991455078,462.9292497253418,False,False,
2025-11-10,506.0,517.425,513.8621990966797,463.2389497375488,False,False,
2025-11-11,508.6799926757813,517.1804992675782,513.9333990478516,463.60954971313475,False,False,
2025-11-12,511.1400146484375,517.0660003662109,514.04919921875,463.9292497253418,False,False,
2025-11-13,503.2900085449219,516.6500015258789,513.9555993652343,464.2340498352051,False,False,
2025-11-14,510.1799926757813,516.4800003051757,514.25919921875,464.7099998474121,False,False,
2025-11-17,507.489990234375,516.0150009155274,514.4449987792968,465.17214981079104,False,False,
2025-11-18,493.7900085449219,514.8215026855469,514.3525988769532,465.586499786377,False,False,
2025-11-19,487.1199951171875,513.150503540039,514.0875988769532,465.96024978637695,False,True,Bearish
2025-11-20,478.4299926757813,511.04400329589845,513.6359985351562,466.28594970703125,False,False,
2025-11-21,472.1199951171875,508.46950378417966,512.8803985595703,466.5674496459961,False,False,
2025-11-24,474.0,505.5935028076172,512.053198852539,466.8886996459961,False,False,
2025-11-25,476.989990234375,502.339501953125,511.4121984863281,467.21254959106443,False,False,
2025-11-26,485.5,499.53700256347656,510.9217987060547,467.5828495788574,False,False,
2025-11-28,492.010009765625,497.84950256347656,510.5929986572266,467.9976995849609,False,False,
2025-12-01,486.739990234375,496.29600219726564,509.9691986083984,468.3786994934082,False,False,
2025-12-02,490.0,494.9445007324219,509.48019836425783,468.7865495300293,False,False,
2025-12-03,477.7300109863281,493.11450042724607,508.85019836425784,469.12699951171874,False,False,
2025-12-04,480.8399963378906,491.79850006103516,508.2639984130859,469.45734954833983,False,False,
2025-12-05,483.1600036621094,491.1014999389648,507.7865985107422,469.7924995422363,False,False,
2025-12-08,491.0199890136719,490.8114990234375,507.37779846191404,470.2065495300293,False,False,
2025-12-09,492.0199890136719,490.1124984741211,506.92619873046874,470.64664947509766,False,False,
2025-12-10,478.55999755859375,488.6064987182617,506.1383984375,471.0499494934082,False,False,
2025-12-11,483.4700012207031,487.222998046875,505.4135980224609,471.4686494445801,False,False,
2025-12-12,478.5299987792969,485.98499755859376,504.66939819335937,471.8986494445801,False,False,
2025-12-15,474.8200073242188,484.2169982910156,503.818798828125,472.2877995300293,False,False,
2025-12-16,476.3900146484375,482.66199951171876,502.7751989746094,472.7272996520996,False,False,
2025-12-17,476.1199951171875,481.778498840332,501.8179992675781,473.16484970092773,False,False,
2025-12-18,483.9800109863281,481.6214996337891,501.00059997558594,473.579649810791,False,False,
2025-12-19,485.9200134277344,481.9960006713867,500.27099975585935,474.0247998046875,False,False,
2025-12-22,484.9200134277344,482.63600158691406,499.7502001953125,474.4828498840332,False,False,
2025-12-23,486.8500061035156,483.2785018920898,499.2062005615234,475.01629989624024,False,False,
2025-12-24,488.0199890136719,483.8300018310547,498.6952001953125,475.55414978027346,False,False,
2025-12-26,487.7099914550781,483.9405014038086,498.18080017089846,476.07634979248047,False,False,
2025-12-29,487.1000061035156,483.69500122070315,497.6906005859375,476.61799987792966,False,False,
2025-12-30,487.4800109863281,483.7320022583008,497.16860046386716,477.1125999450684,False,False,
2025-12-31,483.6199951171875,483.41300201416016,496.50520080566406,477.58719985961915,False,False,
2026-01-02,472.9400024414063,483.1735015869141,495.61080139160157,478.0342999267578,False,False,
2026-01-05,472.8500061035156,482.7740020751953,494.657001953125,478.4594499206543,False,False,
2026-01-06,478.510009765625,482.54150238037107,493.8160021972656,478.917799987793,False,False,
2026-01-07,483.4700012207031,482.1640029907227,493.0132025146484,479.37884994506834,False,False,
2026-01-08,478.1099853515625,481.4685028076172,491.9450018310547,479.80399993896486,False,False,
2026-01-09,479.2799987792969,481.50450286865237,490.68920166015624,480.22459991455077,False,False,
2026-01-12,477.1799926757813,481.19000244140625,489.4018017578125,480.6606498718262,False,False,
2026-01-13,470.6700134277344,480.7970031738281,488.3000018310547,481.0611000061035,False,False,
2026-01-14,459.3800048828125,480.02500305175784,487.13140197753904,481.46400009155275,False,False,
2026-01-15,456.6600036621094,479.0385025024414,485.92400146484374,481.8703500366211,False,False,
2026-01-16,459.8599853515625,478.22550201416016,484.8346008300781,482.2586999511719,False,False,
2026-01-20,454.5199890136719,476.7525009155273,483.78180053710935,482.62059982299803,False,False,
2026-01-21,444.1099853515625,474.66199951171876,482.7220001220703,482.97559982299805,False,False,
2026-01-22,451.1400146484375,472.9729995727539,481.8084002685547,483.4320999145508,False,False,
2026-01-23,465.9500122070313,471.92799987792966,481.0074005126953,483.9725500488281,False,False,
2026-01-26,470.2799987792969,471.04100036621094,480.2394006347656,484.55115005493167,False,False,
2026-01-27,480.5799865722656,470.6845001220703,479.62820007324217,485.0016000366211,False,False,
2026-01-28,481.6300048828125,470.41100006103517,479.195,485.50300003051757,False,False,
2026-01-29,433.5,467.7119995117188,477.66140014648437,485.7282499694824,False,False,
2026-01-30,430.2900085449219,465.04550018310545,476.1174005126953,485.9406500244141,False,False,
2026-02-02,423.3699951171875,462.5669998168945,474.7090002441406,486.12884994506834,False,False,
2026-02-03,411.2099914550781,459.48499908447263,473.19080017089846,486.32684997558596,False,False,
2026-02-04,414.1900024414063,456.26899871826174,471.90600036621095,486.5588999938965,False,False,
2026-02-05,393.6700134277344,451.7789993286133,470.33700073242187,486.73165008544925,False,False,
2026-02-06,401.1400146484375,447.93050079345704,468.87980102539063,486.9032501220703,False,False,
2026-02-09,413.6000061035156,444.646501159668,467.61200134277345,487.0993000793457,False,False,
2026-02-10,413.2699890136719,441.4510009765625,466.1674011230469,487.2291500854492,False,False,
2026-02-11,404.3699951171875,438.13600006103513,464.41460083007814,487.29175003051756,False,False,
2026-02-12,401.8399963378906,435.2589996337891,462.71660095214844,487.3451499938965,False,False,
2026-02-13,401.3200073242188,432.4919998168945,460.9430010986328,487.381549987793,False,False,
2026-02-17,396.8599853515625,429.34199981689454,459.3256005859375,487.38954986572264,False,False,
2026-02-18,399.6000061035156,426.5960006713867,457.70080078125,487.2605499267578,False,False,
2026-02-19,398.4599914550781,424.3135009765625,456.00680053710937,487.0764498901367,False,False,
2026-02-20,397.2300109863281,421.61800079345704,454.1310009765625,486.8817498779297,False,False,
2026-02-23,384.4700012207031,417.54400024414065,451.9800012207031,486.6375498962402,False,False,
2026-02-24,389.0,413.4800003051758,450.18880126953127,486.41579986572265,False,False,
2026-02-25,400.6000061035156,409.48100128173826,448.5314013671875,486.2279498291016,False,False,
2026-02-26,401.7200012207031,405.4855010986328,446.9952014160156,486.04289978027344,False,False,
2026-02-27,392.739990234375,403.44750061035154,445.3536010742188,485.7602996826172,False,False,
2026-03-02,398.5499877929688,401.8604995727539,443.7968005371094,485.50734954833985,False,False,
2026-03-03,403.9299926757813,400.8884994506836,442.3530004882812,485.2622994995117,False,False,
2026-03-04,405.2000122070313,400.58800048828124,440.7774005126953,485.0226495361328,False,False,
2026-03-05,410.6799926757813,400.4125,439.27260009765627,484.80469955444335,False,False,
2026-03-06,408.9599914550781,401.1769989013672,437.75339965820314,484.55514953613283,False,False,
2026-03-09,409.4100036621094,401.59049835205076,436.204599609375,484.3113494873047,False,False,
2026-03-10,405.760009765625,401.19849853515626,434.55940002441406,484.0772994995117,False,False,
2026-03-11,404.8800048828125,400.7789993286133,432.9028002929688,483.827399597168,False,False,
2026-03-12,401.8599853515625,400.653498840332,431.1979998779297,483.5857995605469,False,False,
2026-03-13,395.5499877929688,400.33899841308596,429.3593994140625,483.2600994873047,False,False,
2026-03-16,399.9500122070313,400.27049865722654,427.68599975585937,482.97304962158205,False,False,
2026-03-17,399.4100036621094,400.3979995727539,426.21539978027346,482.6766996765137,False,False,
2026-03-18,391.7900085449219,400.0074996948242,424.59419982910157,482.33384979248046,False,False,
2026-03-19,389.0199890136719,399.5354995727539,422.8043994140625,481.96909973144534,False,False,
2026-03-20,381.8699951171875,398.7674987792969,420.7723992919922,481.56359970092774,False,False,
2026-03-23,383.0,398.6939987182617,418.8701995849609,481.1592497253418,False,False,
2026-03-24,372.739990234375,397.8809982299805,416.7393994140625,480.68454971313474,False,False,
2026-03-25,371.0400085449219,396.40299835205076,414.6165997314453,480.18784973144534,False,False,
2026-03-26,365.9700012207031,394.6154983520508,412.52259948730466,479.6539497375488,False,False,
2026-03-27,356.7699890136719,392.81699829101564,410.47039916992185,479.0831996154785,False,False,
2026-03-30,358.9599914550781,390.8374984741211,408.51639892578123,478.514899597168,False,False,
2026-03-31,370.1700134277344,389.1494995117188,406.7225994873047,477.9713996887207,False,False,
2026-04-01,369.3699951171875,387.3579986572266,405.019599609375,477.4434497070313,False,False,
2026-04-02,373.4599914550781,385.4969985961914,403.6065997314453,476.9150495910645,False,False,
2026-04-06,372.8800048828125,383.6929992675781,402.0413995361328,476.3892495727539,False,False,
2026-04-07,372.2900085449219,381.8369995117188,400.16819946289064,475.8494996643066,False,False,
2026-04-08,374.3299865722656,380.26549835205077,398.24919921875,475.3341496276855,False,False,
2026-04-09,373.0700073242188,378.6749984741211,396.09899963378905,474.76949966430664,False,False,
2026-04-10,370.8699951171875,377.12549896240233,393.88379943847656,474.1732997131348,False,False,
2026-04-13,384.3699951171875,376.5664993286133,392.9011993408203,473.63379974365233,False,False,
2026-04-14,393.1099853515625,376.22449798583983,392.1575988769531,473.112099609375,False,False,
2026-04-15,411.2200012207031,376.8149978637695,391.91459899902344,472.6884996032715,False,False,
2026-04-16,420.260009765625,378.2384979248047,392.09559936523436,472.30274963378906,False,False,
2026-04-17,422.7900085449219,379.9269989013672,392.26759948730466,471.95644973754884,False,False,
2026-04-20,418.0700073242188,381.73699951171875,392.7555993652344,471.59134979248046,False,False,
2026-04-21,424.1600036621094,383.79499969482424,393.2159991455078,471.21794982910154,False,False,
2026-04-22,432.9200134277344,386.8040008544922,393.6023992919922,470.8939498901367,False,False,
2026-04-23,415.75,389.0395004272461,393.65199951171877,470.4895999145508,False,False,
2026-04-24,424.6199951171875,391.9720001220703,394.05699951171874,470.09514984130857,False,False,
2026-04-27,424.8200073242188,395.37450103759767,394.5165997314453,469.71184982299803,True,False,Bullish
2026-04-28,429.25,398.8890014648438,395.07519958496096,469.34149978637697,False,False,
2026-04-29,424.4599914550781,401.60350036621094,395.62719970703125,468.94869979858396,False,False,
2026-04-30,407.7799987792969,403.5240005493164,395.7907995605469,468.45849975585935,False,False,
2026-05-01,414.4400024414063,405.5730010986328,396.11039978027344,468.00259979248045,False,False,
2026-05-04,413.6199951171875,407.61000061035156,396.4381994628906,467.51219970703124,False,False,
2026-05-05,411.3800048828125,409.5645004272461,396.9763995361328,467.01884979248047,False,False,
2026-05-06,413.9599914550781,411.5460006713867,397.47559936523436,466.5383497619629,False,False,
2026-05-07,420.7699890136719,413.9309997558594,397.8789990234375,466.11584976196286,False,False,
2026-05-08,415.1199951171875,416.14349975585935,398.14699890136717,465.6620997619629,False,False,
2026-05-11,412.6600036621094,417.5580001831055,398.5453991699219,465.1709997558594,False,False,
2026-05-12,407.7699890136719,418.29100036621094,398.72979919433595,464.64129959106447,False,False,
2026-05-13,405.2099914550781,417.99049987792966,398.7553991699219,464.10484954833987,False,False,
2026-05-14,409.4299926757813,417.4489990234375,398.8399987792969,463.58914947509766,False,False,
2026-05-15,421.9200134277344,417.40549926757814,399.06479919433593,463.13254959106445,False,False,
2026-05-18,423.5400085449219,417.67899932861326,399.3563995361328,462.58274963378904,False,False,
2026-05-19,417.4200134277344,417.34199981689454,399.5165997314453,462.0492997741699,False,False,
2026-05-20,421.05999755859375,416.7489990234375,399.8225994873047,461.4763996887207,False,False,
2026-05-21,419.0899963378906,416.915998840332,400.10679931640624,460.9330996704102,False,False,
2026-05-22,418.5700073242188,416.6134994506836,400.44099975585937,460.40124969482423,False,False,
2026-05-26,416.0299987792969,416.1739990234375,400.85059997558596,459.87719955444334,False,False,
2026-05-27,412.6700134277344,415.3449996948242,401.105,459.3303497314453,False,False,
2026-05-28,426.989990234375,415.47149963378905,401.65659973144534,458.85644958496096,False,False,
2026-05-29,450.239990234375,417.594499206543,402.8255993652344,458.4614495849609,False,False,
2026-06-01,460.5199890136719,419.89849853515625,404.2555993652344,458.1611494445801,False,False,
2026-06-02,441.30999755859375,421.2829986572266,405.4443994140625,457.7552995300293,False,False,
2026-06-03,427.3399963378906,422.0809982299805,406.3311993408203,457.291149597168,False,False,
2026-06-04,428.0499877929688,422.785498046875,407.43739929199216,456.8458996582031,False,False,
2026-06-05,416.6700134277344,422.58049926757815,408.3499993896484,456.3803997802734,False,False,
2026-06-08,411.739990234375,422.4114990234375,409.26539916992186,455.9104997253418,False,False,
2026-06-09,403.4100036621094,421.9489990234375,410.1981994628906,455.40634979248046,False,False,
2026-06-10,397.3599853515625,421.42849884033205,410.9661993408203,454.8569996643066,False,False,
2026-06-11,390.3399963378906,420.6849990844727,411.3695989990234,454.28739959716796,False,False,
2026-06-12,390.739990234375,419.75049896240233,411.7969989013672,453.73089950561524,False,False,
2026-06-15,399.760009765625,418.6424987792969,412.3229992675781,453.1959996032715,False,False,
2026-06-16,393.8299865722656,417.15699768066406,412.7419989013672,452.6169494628906,False,False,
2026-06-17,378.9100036621094,415.2314971923828,412.87439880371096,451.97804946899413,False,False,
2026-06-18,379.3999938964844,413.1484970092773,412.9757989501953,451.3494494628906,False,False,
2026-06-22,367.3399963378906,410.56099700927734,412.86119873046874,450.6593994140625,False,True,Bearish
2026-06-23,373.9400024414063,408.3294967651367,412.92259887695315,449.989249420166,False,False,
2026-06-24,365.4599914550781,405.8009963989258,412.5443988037109,449.3415493774414,False,False,
2026-06-25,352.8299865722656,402.80899505615236,411.738798828125,448.6146992492676,False,False,
2026-06-26,372.9700012207031,400.1079956054688,410.973798828125,447.98749923706055,False,False,
2026-06-29,368.5700073242188,396.0244964599609,409.9399987792969,447.3284992980957,False,False,
2026-06-30,373.0199890136719,391.6494964599609,408.94459838867186,446.68854919433596,False,False,
2026-07-01,384.2799987792969,388.7979965209961,408.26879821777345,446.06044921875,False,False,
2026-07-02,390.489990234375,386.9554962158203,407.59539794921875,445.43609924316405,False,False,
2026-07-06,386.739990234375,384.88999633789064,406.6717974853516,444.8245991516113,False,False,
2026-07-07,388.8399963378906,383.4984954833984,406.1335974121094,444.21869918823245,False,False,
2026-07-08,383.3399963378906,382.07849578857423,405.30799743652346,443.59314910888673,False,False,
2026-07-09,384.3599853515625,381.12599487304686,404.4987969970703,442.9252990722656,False,False,
2026-07-10,385.1000061035156,380.5129959106445,403.6157971191406,442.278549041748,False,False,
2026-07-13,390.989990234375,380.5454956054688,402.94639709472654,441.6873489379883,False,False,
2026-07-14,384.9299926757813,380.25499572753904,402.48939697265627,441.0612489318848,False,False,
2026-07-15,395.6300048828125,380.0484954833984,402.1131970214844,440.50424896240236,False,False,
2026-07-16,401.1000061035156,380.41199645996096,401.86279724121096,439.9524490356445,False,False,
2026-07-17,393.8200073242188,381.1574966430664,401.51159729003905,439.34854919433593,False,False,
2026-07-20,402.2900085449219,382.30199737548827,401.27819763183595,438.7702491760254,False,False,
2026-07-21,397.75,383.82249755859374,400.8177978515625,438.16044906616213,False,False,
2026-07-22,390.3399963378906,384.64249725341796,400.32219787597654,437.5334490966797,False,False,
2026-07-23,381.5799865722656,385.44849700927733,399.7005975341797,436.85459915161135,False,False,
2026-07-24,381.7000122070313,386.8919982910156,399.1791979980469,436.12024917602537,False,False,
2026-07-27,389.1000061035156,387.69849853515626,398.8569982910156,435.4458493041992,False,False,
2026-07-28,393.3500061035156,388.93749847412107,398.5353985595703,434.7883494567871,False,False,
2026-07-29,390.5400085449219,389.8134994506836,397.90779846191407,434.1290493774414,False,False,
2026-07-30,451.1000061035156,393.15449981689454,398.45899841308596,433.8297494506836,False,False,
2026-07-31,464.7200012207031,396.8660003662109,399.4049981689453,433.5830995178223,False,False,
2026-08-03,487.6499938964844,401.91150054931643,400.73679809570314,433.4534994506836,True,False,Bullish
2026-08-04,492.80999755859375,407.11000061035156,402.21119812011716,433.3503994750977,False,False,
2026-08-05,487.4599914550781,412.3160003662109,403.58899780273435,433.2296495056152,False,False,
2026-08-06,499.8599853515625,418.09100036621095,405.2655975341797,433.16104934692385,False,False,
2026-08-07,499.989990234375,423.8354995727539,407.0119970703125,433.077049407959,False,False,
2026-08-10,506.05999755859375,429.58899993896483,408.59339721679686,433.0190495300293,False,False,
2026-08-11,503.80999755859375,435.53300018310546,409.66479736328125,432.93539962768557,False,False,
2026-08-12,492.4299926757813,440.3729995727539,410.3029974365235,432.7947496032715,False,False,
2026-08-13,496.8800048828125,445.16199951171876,411.4143975830079,432.6610997009277,False,False,
2026-08-14,495.3999938964844,450.24099884033205,412.7755975341798,432.4804995727539,False,False,
