Date,Close,Daily Return,Cumulative Growth,Cumulative Return
2021-08-16,294.6000061035156,,1.0,0.0
2021-08-17,293.0799865722656,-0.005159604547719909,0.9948403954522801,-0.005159604547719909
2021-08-18,290.7300109863281,-0.00801820558756594,0.9868635606347284,-0.013136439365271646
2021-08-19,296.7699890136719,0.020775213425172634,1.0073658617284407,0.00736586172844067
2021-08-20,304.3599853515625,0.025575349997876584,1.033129596218058,0.033129596218058
2021-08-23,304.6499938964844,0.000952847151004077,1.0341140108104323,0.034114010810432305
2021-08-24,302.6199951171875,-0.006663380337984304,1.027223315843564,0.027223315843563967
2021-08-25,302.010009765625,-0.002015680924607355,1.0251527614005063,0.025152761400506263
2021-08-26,299.0899963378906,-0.009668598169976117,1.0152409712876833,0.015240971287683314
2021-08-27,299.7200012207031,0.0021064057324764462,1.0173794806894487,0.017379480689448723
2021-08-30,303.5899963378906,0.012912034903996172,1.0305159200547205,0.03051592005472048
2021-08-31,301.8800048828125,-0.0056325685157785355,1.0247114685284118,0.024711468528411773
2021-09-01,301.8299865722656,-0.0001656893790176195,1.024541684721519,0.024541684721518964
2021-09-02,301.1499938964844,-0.0022528996654824773,1.022233495102737,0.022233495102736978
2021-09-03,301.1400146484375,-3.3137135145744345e-05,1.0221996212132594,0.022199621213259357
2021-09-07,300.17999267578125,-0.0031879588429223338,1.0189408908915807,0.018940890891580686
2021-09-08,300.2099914550781,9.993597184632108e-05,1.0190427197397658,0.01904271973976579
2021-09-09,297.25,-0.009859736648775153,1.0089952268892801,0.008995226889280117
2021-09-10,295.7099914550781,-0.005180852968618588,1.0037677709727288,0.0037677709727288455
2021-09-13,296.989990234375,0.004328561145325205,1.0081126411450911,0.008112641145091137
2021-09-14,299.7900085449219,0.009427988829984413,1.0176171158651732,0.017617115865173227
2021-09-15,304.82000732421875,0.016778407004658824,1.0346911100100662,0.034691110010066195
2021-09-16,305.2200012207031,0.0013122297974978991,1.0360488625158275,0.03604886251582751
2021-09-17,299.8699951171875,-0.01752836014061565,1.017888624930375,0.017888624930374908
2021-09-20,294.29998779296875,-0.018574740437241832,0.9989816079282722,-0.001018392071727825
2021-09-21,294.79998779296875,0.0016989467235444256,1.000678824457943,0.0006788244579429836
2021-09-22,298.5799865722656,0.01282224876464877,1.013509777278659,0.013509777278658985
2021-09-23,299.5599975585937,0.003282239367677464,1.0168363589691691,0.01683635896916913
2021-09-24,299.3500061035156,-0.0007009996554596665,1.016123557031873,0.01612355703187296
2021-09-27,294.1700134277344,-0.017304134191298504,0.9985404186460539,-0.0014595813539460822
2021-09-28,283.5199890136719,-0.03620363710755581,0.9623896236921653,-0.0376103763078347
2021-09-29,284.0,0.00169304107268764,0.9640189888530045,-0.03598101114699548
2021-09-30,281.9200134277344,-0.007323896381216999,0.9569586136691195,-0.043041386330880504
2021-10-01,289.1000061035156,0.025468190741349206,0.9813306181736218,-0.01866938182637823
2021-10-04,283.1099853515625,-0.020719545574164888,0.96099789370705,-0.03900210629294998
2021-10-05,288.760009765625,0.019956994477063006,0.9801765233642308,-0.01982347663576922
2021-10-06,293.1099853515625,0.015064328296249263,0.9949422243004657,-0.0050577756995342504
2021-10-07,294.8500061035156,0.005936408989499542,1.0008486082648358,0.0008486082648357929
2021-10-08,294.8500061035156,0.0,1.0008486082648358,0.0008486082648357929
2021-10-11,294.2300109863281,-0.0021027475134928197,0.9987440763424241,-0.0012559236575758748
2021-10-12,292.8800048828125,-0.004588267862241868,0.9941615709943378,-0.005838429005662227
2021-10-13,296.3099975585937,0.011711255867923098,1.005804451526309,0.005804451526308929
2021-10-14,302.75,0.02173400322117991,1.027664608715659,0.0276646087156589
2021-10-15,304.2099914550781,0.004822432551868205,1.0326204519771323,0.03262045197713226
2021-10-18,307.2900085449219,0.010124641452805783,1.043075363810235,0.04307536381023502
2021-10-19,308.2300109863281,0.0030590075019274465,1.0462661391732062,0.04626613917320621
2021-10-20,307.4100036621094,-0.002660374703925661,1.0434826792029759,0.04348267920297588
2021-10-21,310.760009765625,0.010897518179654897,1.0548540506697452,0.05485405066974525
2021-10-22,309.1600036621094,-0.005148687261022911,1.0494229370568235,0.049422937056823546
2021-10-25,308.1300048828125,-0.0033316042408337854,1.0459266751492968,0.045926675149296825
2021-10-26,310.1099853515625,0.006425795727043937,1.0526475863092724,0.052647586309272354
2021-10-27,323.1700134277344,0.042114181074711654,1.0969789773669592,0.09697897736695915
2021-10-28,324.3500061035156,0.0036513062064933433,1.1009843835154118,0.10098438351541184
2021-10-29,331.6199951171875,0.022414024593394588,1.1256618745644698,0.12566187456446976
2021-11-01,329.3699951171875,-0.006784874353565118,1.1180244001809512,0.11802440018095117
2021-11-02,333.1300048828125,0.011415762884798397,1.130787501632836,0.13078750163283592
2021-11-03,334.0,0.0026115783761164746,1.133740641820083,0.13374064182008305
2021-11-04,336.44000244140625,0.007305396531156472,1.1420230667720666,0.14202306677206655
2021-11-05,336.0599975585937,-0.0011294878137410036,1.1407331656351363,0.14073316563513627
2021-11-08,336.989990234375,0.002767341196624251,1.143889963518754,0.14388996351875405
2021-11-09,335.95001220703125,-0.003086079876201797,1.1403598277217497,0.1403598277217497
2021-11-10,330.79998779296875,-0.015329734266801509,1.1228784145942396,0.12287841459423965
2021-11-11,332.42999267578125,0.004927463551881006,1.1284113570553467,0.12841135705534668
2021-11-12,336.7200012207031,0.012904998464160489,1.1429735038850872,0.14297350388508723
2021-11-15,336.07000732421875,-0.0019303691320027294,1.1407671431144903,0.14076714311449035
2021-11-16,339.510009765625,0.010235969787353083,1.1524440011258155,0.15244400112581546
2021-11-17,339.1199951171875,-0.0011487574363616693,1.1511201225095318,0.15112012250953177
2021-11-18,341.2699890136719,0.0063399207579648564,1.158418132869141,0.15841813286914097
2021-11-19,343.1099853515625,0.0053916148419863585,1.1646638772675444,0.1646638772675444
2021-11-22,339.8299865722656,-0.009559613299904623,1.153530140976499,0.15353014097649909
2021-11-23,337.67999267578125,-0.006326675047633512,1.1462321306168899,0.1462321306168899
2021-11-24,337.9100036621094,0.0006811507679371775,1.1470128875128938,0.14701288751289376
2021-11-26,329.67999267578125,-0.024355629892974906,1.1190766661421572,0.11907666614215717
2021-11-29,336.6300048828125,0.02108108578449941,1.1426680173405317,0.1426680173405317
2021-11-30,330.5899963378906,-0.017942573321782507,1.1221656126569433,0.12216561265694326
2021-12-01,330.0799865722656,-0.001542725948379009,1.1204344186479187,0.1204344186479187
2021-12-02,329.489990234375,-0.0017874344458671532,1.1184317155736923,0.11843171557369225
2021-12-03,323.010009765625,-0.019666699022148237,1.0964358556466796,0.09643585564667956
2021-12-06,326.19000244140625,0.009844873470294724,1.1072301279138155,0.10723012791381548
2021-12-07,334.9200134277344,0.02676357620094838,1.1368635658142228,0.13686356581422277
2021-12-08,334.9700012207031,0.00014925292895195952,1.1370332460312393,0.13703324603123934
2021-12-09,333.1000061035156,-0.005582574888416403,1.1306856727846508,0.13068567278465082
2021-12-10,342.5400085449219,0.028339844696588345,1.1627291291520254,0.16272912915202542
2021-12-13,339.3999938964844,-0.009166855170512744,1.1520705596225524,0.15207055962255245
2021-12-14,328.3399963378906,-0.032586911483466374,1.1145281382734247,0.11452813827342467
2021-12-15,334.6499938964844,0.019217876679575197,1.13594700259068,0.13594700259067993
2021-12-16,324.8999938964844,-0.029134917608921063,1.1028512802620996,0.10285128026209955
2021-12-17,323.79998779296875,-0.0033856759747004084,1.0991173831788486,0.09911738317884855
2021-12-20,319.9100036621094,-0.012013540078780194,1.0859130924447455,0.08591309244474554
2021-12-21,327.2900085449219,0.02306900315192184,1.1109640249970665,0.11096402499706648
2021-12-22,333.20001220703125,0.01805739102267223,1.1310251368085602,0.1310251368085602
2021-12-23,334.69000244140625,0.004471759243061424,1.1360828089182187,0.13608280891821867
2021-12-27,342.45001220703125,0.02318566347670803,1.1624236426074697,0.16242364260746966
2021-12-28,341.25,-0.0035041967126745455,1.1583502815003095,0.1583502815003095
2021-12-29,341.95001220703125,0.002051317822802101,1.160726426077799,0.16072642607779897
2021-12-30,339.32000732421875,-0.007691196926234323,1.1517990505573505,0.15179905055735055
2021-12-31,336.32000732421875,-0.008841211644598168,1.1416157513793257,0.1416157513793257
2022-01-03,334.75,-0.004668194844278828,1.1362864666145893,0.13628646661458932
2022-01-04,329.010009765625,-0.017147095547050073,1.116802454002729,0.11680245400272904
2022-01-05,316.3800048828125,-0.03838790464706432,1.073930747888865,0.07393074788886489
2022-01-06,313.8800048828125,-0.007901890010166723,1.065444665240511,0.06544466524051096
2022-01-07,314.0400085449219,0.0005097606079402794,1.0659877869607908,0.06598778696079077
2022-01-10,314.2699890136719,0.0007323285648079825,1.0667684402669186,0.06676844026691864
2022-01-11,314.9800109863281,0.0022592738647575494,1.069178562323762,0.06917856232376196
2022-01-12,318.2699890136719,0.010445037502670562,1.080346172504285,0.08034617250428511
2022-01-13,304.79998779296875,-0.04232256161646608,1.0346231550513592,0.034623155051359156
2022-01-14,310.20001220703125,0.017716616241239436,1.0529531764437043,0.05295317644370434
2022-01-18,302.6499938964844,-0.024339194111662077,1.02732514469175,0.02732514469174996
2022-01-19,303.3299865722656,0.0022467956038150216,1.029633334310532,0.029633334310531945
2022-01-20,301.6000061035156,-0.005703295240603756,1.0237610314153918,0.023761031415391765
2022-01-21,296.0299987792969,-0.018468193672075084,1.004854014413289,0.004854014413288921
2022-01-24,296.3699951171875,0.0011485198773524274,1.00600810922268,0.006008109222680025
2022-01-25,288.489990234375,-0.026588403052396292,0.9792599601406883,-0.02074003985931172
2022-01-26,296.7099914550781,0.028493193867922484,1.007162204032071,0.007162204032070907
2022-01-27,299.8399963378906,0.010549037689842722,1.0177867960821902,0.017786796082190248
2022-01-28,308.260009765625,0.0280816886691988,1.0463679680213915,0.04636796802139154
2022-01-31,310.9800109863281,0.008823723916609127,1.0556008300863955,0.05560083008639549
2022-02-01,308.760009765625,-0.007138726420588881,1.0480651845510622,0.048065184551062234
2022-02-02,313.4599914550781,0.015222119253788025,1.064018957776042,0.06401895777604194
2022-02-03,301.25,-0.03895231221821793,1.0225729591266468,0.022572959126646808
2022-02-04,305.94000244140625,0.015568472834543545,1.038492858462149,0.03849285846214889
2022-02-07,300.95001220703125,-0.016310355607487725,1.0215546706447949,0.021554670644794882
2022-02-08,304.5599975585937,0.01199529890392248,1.0338085242658772,0.033808524265877216
2022-02-09,311.2099914550781,0.021834758175045765,1.0563814833925236,0.05638148339252358
2022-02-10,302.3800048828125,-0.028373081889114693,1.0264086850580831,0.026408685058083137
2022-02-11,295.0400085449219,-0.02427407969893791,1.0014935588333012,0.0014935588333011562
2022-02-14,295.0,-0.0001356037952926492,1.0013577525057622,0.0013577525057621997
2022-02-15,300.4700012207031,0.0185423770193327,1.0199253054839557,0.019925305483955658
2022-02-16,299.5,-0.0032282797509314287,1.0166327012727991,0.016632701272799144
2022-02-17,290.7300109863281,-0.02928210021259392,0.986863560634729,-0.01313643936527098
2022-02-18,287.92999267578125,-0.009630991658025057,0.977359085914647,-0.02264091408535296
2022-02-22,287.7200012207031,-0.0007293142792337282,0.9766462839773506,-0.02335371602264935
2022-02-23,280.2699890136719,-0.025893271845625065,0.9513577162493055,-0.04864228375069446
2022-02-24,294.5899963378906,0.05109361646109112,0.9999660225206471,-3.397747935285356e-05
2022-02-25,297.3099975585937,0.009233175785043457,1.009198884585651,0.00919888458565099
2022-02-28,298.7900085449219,0.004978006116449274,1.014222682805832,0.014222682805832054
2022-03-01,294.95001220703125,-0.012851823113466998,1.0011880722887456,0.001188072288745623
2022-03-02,300.19000244140625,0.01776568915920884,1.018974868370935,0.018974868370934983
2022-03-03,295.9200134277344,-0.014224287880824193,1.004480676499902,0.004480676499901914
2022-03-04,289.8599853515625,-0.02047860165311788,0.9839103168576061,-0.016089683142393896
2022-03-07,278.9100036621094,-0.03777679653220234,0.9467413370117416,-0.05325866298825843
2022-03-08,275.8500061035156,-0.010971272160968604,0.9363543801373464,-0.0636456198626536
2022-03-09,288.5,0.045858233157831885,0.979293937620042,-0.02070606237995798
2022-03-10,285.5899963378906,-0.010086667806271654,0.9694161249865729,-0.030583875013427075
2022-03-11,280.07000732421875,-0.019328369636382514,0.9506788917913629,-0.04932110820863711
2022-03-14,276.44000244140625,-0.012961062548230262,0.9383570832115729,-0.06164291678842715
2022-03-15,287.1499938964844,0.03874255303317842,0.9747114322719558,-0.02528856772804422
2022-03-16,294.3900146484375,0.0252133759562716,0.9992871980627046,-0.0007128019372953931
2022-03-17,295.2200012207031,0.002819343493211779,1.0021045319224124,0.002104531922412445
2022-03-18,300.42999267578125,0.017647826819102264,1.0197894991564167,0.0197894991564167
2022-03-21,299.1600036621094,-0.004227237774633297,1.0154786064634083,0.015478606463408262
2022-03-22,304.0599975585937,0.016379174476875313,1.0321113077362067,0.03211130773620674
2022-03-23,299.489990234375,-0.0150299525123756,1.0165987237934457,0.016598723793445735
2022-03-24,304.1000061035156,0.01539288797442917,1.032247114063746,0.03224711406374592
2022-03-25,303.67999267578125,-0.001381168757988771,1.030821406599277,0.0308214065992769
2022-03-28,310.70001220703125,0.023116503228926222,1.0546503929733753,0.05465039297337526
2022-03-29,315.4100036621094,0.01515928957202517,1.0706381436777088,0.07063814367770882
2022-03-30,313.8599853515625,-0.004914296606163937,1.0653767102818037,0.0653767102818037
2022-03-31,308.3099975585937,-0.017683005327207013,1.0465376482384083,0.046537648238408336
2022-04-01,309.4200134277344,0.0036003239529387443,1.0503055228010132,0.05030552280101319
2022-04-04,314.9700012207031,0.017936744722768072,1.0691445848444083,0.06914458484440833
2022-04-05,310.8800048828125,-0.012985352008252793,1.0552613660624863,0.05526136606248633
2022-04-06,299.5,-0.036605779413514394,1.0166327012727991,0.016632701272799144
2022-04-07,301.3699951171875,0.006243723262729484,1.0229802745193877,0.022980274519387667
2022-04-08,296.9700012207031,-0.01459997334762353,1.00804478977626,0.008044789776260108
2022-04-11,285.260009765625,-0.039431563480970766,0.9682960076565357,-0.03170399234346433
2022-04-12,282.0599975585937,-0.011217878768427836,0.9574337804306919,-0.04256621956930806
2022-04-13,287.6199951171875,0.01971210950407376,0.976306819953441,-0.02369318004655896
2022-04-14,279.8299865722656,-0.02708437757169113,0.9498641574160049,-0.05013584258399506
2022-04-18,280.5199890136719,0.0024657916396249036,0.9522063245141407,-0.04779367548585933
2022-04-19,285.29998779296875,0.017039779575436675,0.9684317103941984,-0.0315682896058016
2022-04-20,286.3599853515625,0.0037153789132404746,0.9720298011499104,-0.027970198850089556
2022-04-21,280.8099975585937,-0.01938115685456232,0.953190739106515,-0.04680926089348503
2022-04-22,274.0299987792969,-0.024144435163431455,0.9301764871077745,-0.06982351289222555
2022-04-25,280.7200012207031,0.024413394413778544,0.9528852525619596,-0.04711474743804045
2022-04-26,270.2200012207031,-0.037403818589131665,0.9172437054388731,-0.08275629456112688
2022-04-27,283.2200012207031,0.048108948047047795,0.9613713352103135,-0.03862866478968652
2022-04-28,289.6300048828125,0.0226325952774582,0.9831296635514781,-0.016870336448521872
2022-04-29,277.5199890136719,-0.041812021078549755,0.9420230253361161,-0.05797697466388385
2022-05-02,284.4700012207031,0.025043285104370927,0.9656143765344906,-0.03438562346550944
2022-05-03,281.7799987792969,-0.009456190212897897,0.9564833433176716,-0.0435166566823284
2022-05-04,289.9800109863281,0.029100760318527374,0.9843177358402229,-0.015682264159777137
2022-05-05,277.3500061035156,-0.04355474310057872,0.9414460297263586,-0.0585539702736414
2022-05-06,274.7300109863281,-0.009446529870309917,0.9325526316852639,-0.06744736831473608
2022-05-09,264.5799865722656,-0.03694545192795706,0.8980990532610461,-0.10190094673895389
2022-05-10,269.5,0.01859556155956854,0.9147997094925521,-0.08520029050744793
2022-05-11,260.54998779296875,-0.03320969279046848,0.8844194921754946,-0.11558050782450535
2022-05-12,255.3500061035156,-0.019957712274333406,0.866768502420844,-0.13323149757915598
2022-05-13,261.1199951171875,0.022596392699253842,0.8863543438808895,-0.11364565611911048
2022-05-16,261.5,0.0014552883345526624,0.8876442450178195,-0.11235575498218053
2022-05-17,266.82000732421875,0.020344196268522907,0.9057026537550869,-0.09429734624491315
2022-05-18,254.0800018310547,-0.047747564438387124,0.8624575579328976,-0.13754244206710242
2022-05-19,253.13999938964844,-0.003699631748394272,0.8592667825699264,-0.1407332174300736
2022-05-20,252.5599975585937,-0.002291229487450419,0.8572980051801156,-0.14270199481988444
2022-05-23,260.6499938964844,0.03203197820753001,0.8847589561994039,-0.11524104380059608
2022-05-24,259.6199951171875,-0.003951654722485598,0.8812626942918771,-0.11873730570812291
2022-05-25,262.5199890136719,0.011170148490201592,0.8911065294459924,-0.10889347055400755
2022-05-26,265.8999938964844,0.012875228646442194,0.9025797297609471,-0.09742027023905286
2022-05-27,273.239990234375,0.027604349403438144,0.9274948559857291,-0.07250514401427088
2022-05-31,271.8699951171875,-0.005013889496967017,0.9228444992688113,-0.07715550073118871
2022-06-01,272.4200134277344,0.0020230930975291272,0.9247114996053748,-0.0752885003946252
2022-06-02,274.5799865722656,0.007928834292874942,0.9320433838544617,-0.06795661614553827
2022-06-03,270.0199890136719,-0.016607173798493968,0.9165647773910542,-0.08343522260894576
2022-06-06,268.75,-0.004703314811288162,0.9122538846980459,-0.08774611530195409
2022-06-07,272.5,0.013953488372093092,0.9249830086705768,-0.07501699132942319
2022-06-08,270.4100036621094,-0.007669711331708684,0.917888656007338,-0.08211134399266196
2022-06-09,264.7900085449219,-0.020783236718601383,0.8988119587882186,-0.10118804121178138
2022-06-10,252.9900054931641,-0.044563626537879375,0.8587576383290006,-0.14124236167099935
2022-06-13,242.259994506836,-0.04241278609173371,0.8223353343099103,-0.17766466569008965
2022-06-14,244.4900054931641,0.00920503193631994,0.8299049573245975,-0.17009504267540254
2022-06-15,251.759994506836,0.02973532189590955,0.8545824483736555,-0.1454175516263445
2022-06-16,244.97000122070312,-0.0269701042035434,0.8315342706904988,-0.1684657293095012
2022-06-17,247.6499938964844,0.010940085163190005,0.8406313264279639,-0.1593686735720361
2022-06-21,253.7400054931641,0.024591204307581105,0.8613034631235068,-0.1386965368764932
2022-06-22,253.1300048828125,-0.0024040379803965672,0.8592328568855108,-0.14076714311448923
2022-06-23,258.8599853515625,0.022636512298898515,0.8786828920180173,-0.1213171079819827
2022-06-24,267.70001220703125,0.034149839124277825,0.9086897714216878,-0.09131022857831217
2022-06-27,264.8900146484375,-0.010496815205299992,0.8991514228121281,-0.10084857718787188
2022-06-28,256.4800109863281,-0.03174903996766787,0.8706042283522805,-0.12939577164771954
2022-06-29,260.260009765625,0.014737985875625803,0.8834351811729965,-0.11656481882700354
2022-06-30,256.8299865722656,-0.013179217185338099,0.8717921970511491,-0.12820780294885092
2022-07-01,259.5799865722656,0.010707472428365339,0.8811268879643382,-0.11887311203566175
2022-07-05,262.8500061035156,0.012597348410524178,0.8922267503659059,-0.10777324963409407
2022-07-06,266.2099914550781,0.012782900032497047,0.903631995722153,-0.09636800427784697
2022-07-07,268.3999938964844,0.00822659746704435,0.9110658124093011,-0.08893418759069893
2022-07-08,267.6600036621094,-0.0027570426646894575,0.9085539650941487,-0.09144603490585135
2022-07-11,264.510009765625,-0.011768638770777606,0.897861521675198,-0.10213847832480205
2022-07-12,253.6699981689453,-0.04098147970386723,0.8610658279477825,-0.13893417205221748
2022-07-13,252.72000122070312,-0.0037450110580655727,0.8578411269003957,-0.1421588730996043
2022-07-14,254.0800018310547,0.005381452215030169,0.8624575579328978,-0.1375424420671022
2022-07-15,256.7200012207031,0.010390425734504882,0.8714188591377621,-0.12858114086223793
2022-07-18,254.25,-0.009621382085378105,0.8630346053375934,-0.13696539466240665
2022-07-19,259.5299987792969,0.02076695685072516,0.8809572077473218,-0.11904279225267822
2022-07-20,262.2699890136719,0.010557508755298262,0.8902579211811572,-0.10974207881884279
2022-07-21,264.8399963378906,0.009799090372039299,0.8989816390052352,-0.1010183609947648
2022-07-22,260.3599853515625,-0.016915915451880648,0.8837745416070295,-0.1162254583929705
2022-07-25,258.8299865722656,-0.005876474363873285,0.878581063169832,-0.12141893683016802
2022-07-26,251.8999938964844,-0.026774303733336446,0.8550576669301653,-0.14494233306983473
2022-07-27,268.739990234375,0.06685191244907607,0.912219907218692,-0.08778009278130805
2022-07-28,276.4100036621094,0.028540647862066004,0.9382552543633872,-0.06174474563661281
2022-07-29,280.739990234375,0.015665086338766177,0.9529531039307907,-0.04704689606920931
2022-08-01,278.010009765625,-0.009724230831777425,0.9436863679763089,-0.05631363202369111
2022-08-02,274.82000732421875,-0.011474415774077928,0.9328581182298192,-0.06714188177018077
2022-08-03,282.4700012207031,0.02783637905758196,0.9588255104158071,-0.0411744895841929
2022-08-04,283.6499938964844,0.004177408824589834,0.9628309165642599,-0.0371690834357401
2022-08-05,282.9100036621094,-0.002608814561247841,0.9603190692491075,-0.03968093075089252
2022-08-08,280.32000732421875,-0.009154841837915262,0.9515275000561979,-0.048472499943802094
2022-08-09,282.29998779296875,0.007063286304997751,0.9582484112161735,-0.041751588783826454
2022-08-10,289.1600036621094,0.024300446920924257,0.9815342758699922,-0.0184657241300078
2022-08-11,287.0199890136719,-0.007400797556145311,0.9742701393998607,-0.025729860600139265
2022-08-12,291.9100036621094,0.01703719195740261,0.9908689667831816,-0.009131033216818407
2022-08-15,293.4700012207031,0.00534410448091216,0.9961642740685644,-0.003835725931435552
2022-08-16,292.7099914550781,-0.0025897357905874108,0.9935844717947045,-0.006415528205295451
2022-08-17,291.32000732421875,-0.0047486733334577425,0.9888662637089554,-0.011133736291044638
2022-08-18,290.1700134277344,-0.003947528036426617,0.9849626864086878,-0.015037313591312218
2022-08-19,286.1499938964844,-0.013854014354419686,0.971316999212614,-0.02868300078738595
2022-08-22,277.75,-0.029355212565627675,0.9428037822321201,-0.057196217767879864
2022-08-23,276.44000244140625,-0.004716462857223269,0.9383570832115727,-0.06164291678842726
2022-08-24,275.7900085449219,-0.0023513018765153326,0.936150722440976,-0.06384927755902403
2022-08-25,278.8500061035156,0.01109538947671962,0.946537679315371,-0.05346232068462897
2022-08-26,268.0899963378906,-0.03858708814813738,0.9100135464480954,-0.0899864535519046
2022-08-29,265.2300109863281,-0.010668004739564751,0.900305517621519,-0.099694482378481
2022-08-30,262.9700012207031,-0.00852094284964422,0.8926340657586467,-0.10736593424135332
2022-08-31,261.4700012207031,-0.005704072681435246,0.8875424161696344,-0.11245758383036564
2022-09-01,260.3999938964844,-0.004092275669190681,0.8839103479345687,-0.11608965206543131
2022-09-02,256.0599975585937,-0.016666652993916453,0.8691785208878112,-0.13082147911218878
2022-09-06,253.25,-0.01097398104110614,0.8596401722782517,-0.14035982772174826
2022-09-07,258.0899963378906,0.019111535391473256,0.8760692158546797,-0.12393078414532033
2022-09-08,258.5199890136719,0.0016660571191542406,0.8775287972086262,-0.1224712027913738
2022-09-09,264.4599914550781,0.02297695611108863,0.8976917378683053,-0.10230826213169475
2022-09-12,266.6499938964844,0.008281034985128333,0.9051255545554533,-0.0948744454445467
2022-09-13,251.9900054931641,-0.054978393920426694,0.8553632052696589,-0.14463679473034108
2022-09-14,252.22000122070312,0.0009127176575471907,0.8561439103707247,-0.14385608962927532
2022-09-15,245.3800048828125,-0.027119167016042223,0.8329260006756135,-0.1670739993243865
2022-09-16,244.7400054931641,-0.0026081969879903077,0.8307535655894326,-0.16924643441056741
2022-09-19,244.5200042724609,-0.0008989180998826285,0.8300067861727822,-0.16999321382721777
2022-09-20,242.4499969482422,-0.008465594994478187,0.822980284878375,-0.17701971512162495
2022-09-21,238.9499969482422,-0.014435966360301422,0.8110997691706795,-0.1889002308293205
2022-09-22,240.97999572753903,0.00849549615075551,0.8179904641375477,-0.18200953586245228
2022-09-23,237.9199981689453,-0.012698139317976698,0.8076035072631528,-0.19239649273684722
2022-09-26,237.4499969482422,-0.0019754590800281635,0.8060081195816672,-0.19399188041833282
2022-09-27,236.41000366210932,-0.004379841227623027,0.8024779319897245,-0.1975220680102755
2022-09-28,241.07000732421875,0.019711533310450724,0.8182960024770416,-0.1817039975229584
2022-09-29,237.5,-0.014809006577982897,0.806177851593622,-0.19382214840637801
2022-09-30,232.8999938964844,-0.01936844675164462,0.7905634388026757,-0.20943656119732434
2022-10-03,240.7400054931641,0.03366256677603996,0.8171758333520664,-0.18282416664793355
2022-10-04,248.8800048828125,0.033812408423657514,0.8448065163833092,-0.15519348361669083
2022-10-05,249.1999969482422,0.0012857282993881114,0.8458927080289307,-0.15410729197106932
2022-10-06,246.7899932861328,-0.009670961844393311,0.8377121119251324,-0.1622878880748676
2022-10-07,234.2400054931641,-0.050852903822636075,0.7951120184663463,-0.20488798153365373
2022-10-10,229.25,-0.02130296010990196,0.778173778854054,-0.22182622114594597
2022-10-11,225.41000366210932,-0.016750256653830675,0.7651391683369674,-0.23486083166303262
2022-10-12,225.75,0.0015083462684306603,0.7662932631463586,-0.2337067368536414
2022-10-13,234.2400054931641,0.037607997754879774,0.7951120184663464,-0.20488798153365362
2022-10-14,228.5599975585937,-0.024248667184804007,0.7758316117559182,-0.2241683882440818
2022-10-17,237.52999877929688,0.03924571804566823,0.8062796804418073,-0.1937203195581927
2022-10-18,238.5,0.004083699851337164,0.8095722846529637,-0.19042771534703629
2022-10-19,236.47999572753903,-0.008469619591031319,0.802715515370511,-0.197284484629489
2022-10-20,236.1499938964844,-0.0013954746152602393,0.801595346245536,-0.19840465375446403
2022-10-21,242.1199951171875,0.025280547850956125,0.8218601157534,-0.1781398842466
2022-10-24,247.25,0.021187861334333702,0.8392735739222025,-0.16072642607779752
2022-10-25,250.66000366210932,0.013791723608126638,0.8508486030853422,-0.14915139691465784
2022-10-26,231.32000732421875,-0.07715629161148885,0.7852002801484615,-0.21479971985153845
2022-10-27,226.75,-0.019756212949679774,0.7696876962057003,-0.23031230379429968
2022-10-28,235.8699951171875,0.04022048563257985,0.8006449091325152,-0.19935509086748482
2022-10-31,232.1300048828125,-0.015856150895822374,0.787949762639338,-0.21205023736066198
2022-11-01,228.1699981689453,-0.017059434931155693,0.7745077849345726,-0.22549221506542738
2022-11-02,220.1000061035156,-0.03536833120125815,0.7471147370790538,-0.25288526292094615
2022-11-03,214.25,-0.026578854799141904,0.7272572829639306,-0.27274271703606945
2022-11-04,221.38999938964844,0.033325551410261056,0.7514935329358318,-0.24850646706416823
2022-11-07,227.8699951171875,0.029269595489425093,0.7734894446577825,-0.22651055534221753
2022-11-08,228.8699951171875,0.004388467202475432,0.7768838777171241,-0.22311612228287592
2022-11-09,224.509994506836,-0.019050118859482046,0.7620841475065976,-0.2379158524934024
2022-11-10,242.97999572753903,0.08226805787098557,0.8247793302562311,-0.17522066974376893
2022-11-11,247.1100006103516,0.016997304121462165,0.8387983553656921,-0.16120164463430786
2022-11-14,241.5500030517578,-0.022500091234109565,0.819925315842943,-0.18007468415705696
2022-11-15,241.97000122070312,0.0017387628384972764,0.8213509715124739,-0.17864902848752606
2022-11-16,241.72999572753903,-0.000991881191690247,0.8205362889320542,-0.17946371106794579
2022-11-17,241.67999267578125,-0.00020685497307559864,0.8203665569200996,-0.17963344307990037
2022-11-18,241.22000122070312,-0.001903307965153811,0.8188051467179678,-0.18119485328203222
2022-11-21,242.0500030517578,0.003440849957940584,0.8216225323726138,-0.17837746762738615
2022-11-22,245.02999877929688,0.01231148808084015,0.831737928386869,-0.168262071613131
2022-11-23,247.5800018310547,0.01040690145884815,0.8403937430471776,-0.15960625695282238
2022-11-25,247.4900054931641,-0.00036350406828100645,0.8400882565026221,-0.1599117434973779
2022-11-28,241.759994506836,-0.023152494481181618,0.8206381177802397,-0.17936188221976035
2022-11-29,240.3300018310547,-0.005914926821115829,0.8157841033669513,-0.18421589663304871
2022-11-30,255.13999938964844,0.06162359025405717,0.8660556486886097,-0.13394435131139026
2022-12-01,254.69000244140625,-0.0017637255989600975,0.8645281641708936,-0.13547183582910638
2022-12-02,255.0200042724609,0.0012956999799416113,0.8656483332958688,-0.13435166670413123
2022-12-05,250.1999969482422,-0.01890050679737687,0.8492871410882722,-0.1507128589117278
2022-12-06,245.1199951171875,-0.020303764560419157,0.8320434149314244,-0.16795658506857558
2022-12-07,244.3699951171875,-0.0030597259095139773,0.8294975901369183,-0.17050240986308174
2022-12-08,247.3999938964844,0.012399225927241408,0.8397827181631282,-0.16021728183687178
2022-12-09,245.4199981689453,-0.008003216557747939,0.8330617552082145,-0.16693824479178554
2022-12-12,252.509994506836,0.028889236373516702,0.8571282731681613,-0.14287172683183869
2022-12-13,256.9200134277344,0.017464730176369292,0.8720977871855806,-0.12790221281441938
2022-12-14,257.2200012207031,0.0011676310808426127,0.8731160756674325,-0.12688392433256745
2022-12-15,249.009994506836,-0.03191822826725932,0.8452477574604658,-0.15475224253953423
2022-12-16,244.69000244140625,-0.017348669373634884,0.8305838335774778,-0.16941616642252222
2022-12-19,240.4499969482422,-0.017328070010458996,0.8161914187596918,-0.1838085812403082
2022-12-20,241.8000030517578,0.005614498318360139,0.820773924107778,-0.17922607589222195
2022-12-21,244.42999267578125,0.010876714602275905,0.8297012478332885,-0.17029875216671153
2022-12-22,238.19000244140625,-0.025528742058475218,0.8085200186917574,-0.19147998130824262
2022-12-23,238.72999572753903,0.002267069484856332,0.8103529897540289,-0.18964701024597108
2022-12-27,236.9600067138672,-0.007414187765880542,0.8043448805313499,-0.1956551194686501
2022-12-28,234.52999877929688,-0.010254928535280539,0.7960963812637821,-0.20390361873621787
2022-12-29,241.009994506836,0.027629709466877594,0.818092292985733,-0.18190770701426695
2022-12-30,239.82000732421875,-0.004937501388904031,0.8140529611528643,-0.1859470388471357
2023-01-03,239.5800018310547,-0.0010007734377206479,0.8132382785724447,-0.18676172142755532
2023-01-04,229.1000061035156,-0.04374319912948865,0.7776646346131276,-0.22233536538687237
2023-01-05,222.3099975585937,-0.029637749297369842,0.754616405135033,-0.24538359486496697
2023-01-06,224.92999267578125,0.011785322954254607,0.763509803176128,-0.23649019682387196
2023-01-09,227.1199951171875,0.009736373594974257,0.7709436198632761,-0.2290563801367239
2023-01-10,228.8500061035156,0.007617167239878819,0.7768160263482923,-0.22318397365170772
2023-01-11,235.7700042724609,0.030238138450453755,0.8003054969035432,-0.19969450309645675
2023-01-12,238.509994506836,0.011621453894570477,0.8096062103373791,-0.19039378966262088
2023-01-13,239.22999572753903,0.003018746540126349,0.8120502062836998,-0.18794979371630016
2023-01-17,240.3500061035156,0.004681730535380568,0.8158520065307203,-0.18414799346927968
2023-01-18,235.8099975585937,-0.01888915510560285,0.8004412514361442,-0.1995587485638558
2023-01-19,231.92999267578125,-0.01645394564684788,0.787270834591519,-0.21272916540848097
2023-01-20,240.22000122070312,0.03574358128192001,0.8154107136586259,-0.18458928634137406
2023-01-23,242.5800018310547,0.009824330190487673,0.8234215777504694,-0.17657842224953058
2023-01-24,242.0399932861328,-0.0022261049585529102,0.8215885548932597,-0.17841144510674034
2023-01-25,240.6100006103516,-0.005908084264779845,0.8167345404799716,-0.18326545952002837
2023-01-26,248.0,0.03071360031130177,0.8418193987167082,-0.1581806012832918
2023-01-27,248.16000366210932,0.0006451760568924048,0.8423625204369878,-0.15763747956301222
2023-01-30,242.7100067138672,-0.0219616250314969,0.823862870622564,-0.17613712937743597
2023-01-31,247.8099975585937,0.021012692940752586,0.8411744481482429,-0.15882555185175706
2023-02-01,252.75,0.01993463738378143,0.8579429557485806,-0.1420570442514194
2023-02-02,264.6000061035156,0.046884297145462384,0.8981670082197534,-0.10183299178024663
2023-02-03,258.3500061035156,-0.023620558789990698,0.8769518015988687,-0.12304819840113135
2023-02-06,256.7699890136719,-0.006115800474224331,0.8715885393547784,-0.12841146064522158
2023-02-07,267.5599975585937,0.042022078150057096,0.908214501070239,-0.09178549892976096
2023-02-08,266.7300109863281,-0.0031020577808302807,0.9053971672105312,-0.0946028327894688
2023-02-09,263.6199951171875,-0.01165978982882443,0.8948404265292434,-0.10515957347075655
2023-02-10,263.1000061035156,-0.0019724945880554845,0.8930753586307413,-0.10692464136925872
2023-02-13,271.32000732421875,0.031242877347060993,0.920977602522124,-0.07902239747787598
2023-02-14,272.1700134277344,0.0031328544912645473,0.9238628913405396,-0.07613710865946044
2023-02-15,269.32000732421875,-0.010471418462388193,0.9141887364034409,-0.0858112635965591
2023-02-16,262.1499938964844,-0.026622654213367847,0.8898506057884163,-0.11014939421158365
2023-02-17,258.0599975585937,-0.015601741114309231,0.8759673870064942,-0.12403261299350576
2023-02-21,252.6699981689453,-0.020886613348217842,0.8576713948884409,-0.1423286051115591
2023-02-22,251.509994506836,-0.004590982983795677,0.8537338401088198,-0.1462661598911802
2023-02-23,254.7700042724609,0.01296175037503855,0.8647997250310334,-0.13520027496896658
2023-02-24,249.22000122070312,-0.021784366128998478,0.8459606111927002,-0.15403938880729984
2023-02-27,250.16000366210932,0.003771777693611922,0.8491513865556711,-0.15084861344432887
2023-02-28,249.4199981689453,-0.0029581287269387913,0.8466394874455809,-0.15336051255441907
2023-03-01,246.2700042724609,-0.012629275597824119,0.8359470440266301,-0.16405295597336989
2023-03-02,251.1100006103516,0.019653210922658593,0.8523760876030585,-0.1476239123969415
2023-03-03,255.2899932861328,0.016646062146554286,0.8665647929295358,-0.1334352070704642
2023-03-06,256.8699951171875,0.00618904725060565,0.871928003378688,-0.12807199662131197
2023-03-07,254.1499938964844,-0.010589018851587584,0.862695141313684,-0.13730485868631603
2023-03-08,253.6999969482422,-0.0017705959435336815,0.8611676567959677,-0.13883234320403226
2023-03-09,252.32000732421875,-0.005439454633911489,0.8564833743946342,-0.14351662560536582
2023-03-10,248.58999633789065,-0.014782858584556191,0.8438221017909348,-0.15617789820906525
2023-03-13,253.9199981689453,0.021440934508925258,0.8619144362126179,-0.13808556378738213
2023-03-14,260.7900085449219,0.0270558066537383,0.8852342265508523,-0.11476577344914773
2023-03-15,265.44000244140625,0.01783041429550547,0.9010183195588153,-0.09898168044118472
2023-03-16,276.20001220703125,0.040536504169149,0.9375424524260908,-0.0624575475739092
2023-03-17,279.42999267578125,0.011694353099191312,0.9485064049102433,-0.051493595089756705
2023-03-20,272.2300109863281,-0.025766674581018112,0.9240665490369097,-0.07593345096309034
2023-03-21,273.7799987792969,0.005693669802799839,0.9293278788429385,-0.07067212115706145
2023-03-22,272.2900085449219,-0.005442290309805031,0.92427020673328,-0.07572979326672002
2023-03-23,277.6600036621094,0.019721601779969733,0.942498295687564,-0.05750170431243595
2023-03-24,280.57000732421875,0.010480456759089485,0.9523761083210331,-0.047623891678966856
2023-03-27,276.3800048828125,-0.014933892903828516,0.9381534255152019,-0.061846574484798134
2023-03-28,275.2300109863281,-0.0041609156819140125,0.9342498482149343,-0.06575015178506571
2023-03-29,280.510009765625,0.019183950036463004,0.9521724506246627,-0.047827549375337286
2023-03-30,284.04998779296875,0.012619792178901301,0.9641886690700211,-0.0358113309299789
2023-03-31,288.29998779296875,0.014962155193252835,0.9786150095722227,-0.021384990427777306
2023-04-03,287.2300109863281,-0.0037113314323447,0.974983044927033,-0.025016955072966973
2023-04-04,287.17999267578125,-0.00017414026610629296,0.9748132611201403,-0.02518673887985967
2023-04-05,284.3399963378906,-0.009889255555128096,0.9651730836623954,-0.034826916337604596
2023-04-06,291.6000061035156,0.025532847503443312,0.9898167008219755,-0.010183299178024519
2023-04-10,289.3900146484375,-0.0075788457092610395,0.982315032765996,-0.017684967234004034
2023-04-11,282.8299865722656,-0.02266846727293359,0.9600474565940293,-0.03995254340597065
2023-04-12,283.489990234375,0.0023335703194284907,0.96228779484398,-0.03771220515602003
2023-04-13,289.8399963378906,0.022399401468340185,0.9838424654887741,-0.016157534511225924
2023-04-14,286.1400146484375,-0.012765600801139088,0.9712831253231359,-0.028716874676864124
2023-04-17,288.79998779296875,0.009296054408186816,0.9803122261018935,-0.019687773898106498
2023-04-18,288.3699951171875,-0.001488894369654492,0.978852644747947,-0.021147355252053024
2023-04-19,288.45001220703125,0.00027748063667720757,0.9791242574030248,-0.020875742596975222
2023-04-20,286.1099853515625,-0.008112417252349569,0.9711811928850745,-0.02881880711492546
2023-04-21,285.760009765625,-0.0012232204531675839,0.9699932241862058,-0.030006775813794184
2023-04-24,281.7699890136719,-0.013962838100494368,0.9564493658383173,-0.0435506341616827
2023-04-25,275.4200134277344,-0.02253602524585896,0.9348947987833992,-0.0651052012166008
2023-04-26,295.3699951171875,0.0724347567962329,1.0026136761633377,0.0026136761633377414
2023-04-27,304.8299865722656,0.03202759796683097,1.0347249838995436,0.03472498389954359
2023-04-28,307.260009765625,0.007971732770402085,1.0429735349620493,0.042973534962049253
2023-05-01,305.5599975585937,-0.00553281309965481,1.037202957325218,0.037202957325217945
2023-05-02,305.4100036621094,-0.0004908819795874653,1.0366938130842922,0.036693813084292204
2023-05-03,304.3999938964844,-0.003307061830045477,1.0332654025455967,0.033265402545596734
2023-05-04,305.4100036621094,0.003318034776204515,1.036693813084292,0.03669381308429198
2023-05-05,310.6499938964844,0.017157231824574737,1.0544806091664816,0.054480609166481564
2023-05-08,308.6499938964844,-0.0064381137591988935,1.0476917430477983,0.04769174304779833
2023-05-09,307.0,-0.00534584133845073,1.0420909492178598,0.04209094921785983
2023-05-10,312.3099975585937,0.017296408985647105,1.0601153804757733,0.06011538047577325
2023-05-11,310.1099853515625,-0.007044322065349329,1.0526475863092715,0.052647586309271466
2023-05-12,308.9700012207031,-0.0036760639279866947,1.0487779864883577,0.04877798648835774
2023-05-15,309.4599914550781,0.0015858828767811861,1.0504412255386746,0.05044122553867458
2023-05-16,311.739990234375,0.007367668979037845,1.0581805287703783,0.05818052877037827
2023-05-17,314.0,0.0072496626561315836,1.0658519806332505,0.06585198063325048
2023-05-18,318.5199890136719,0.01439486947029267,1.0811947807691191,0.08119478076911912
2023-05-19,318.3399963378906,-0.0005650906755918506,1.0805838076800078,0.08058380768000784
2023-05-22,321.17999267578125,0.008921267734376181,1.0902239851377529,0.09022398513775287
2023-05-23,315.260009765625,-0.018431979093206596,1.0701289994367815,0.07012899943678153
2023-05-24,313.8500061035156,-0.004472510367419025,1.0653428363923247,0.06534283639232474
2023-05-25,325.9200134277344,0.03845788462479027,1.1063136682801475,0.10631366828014754
2023-05-26,332.8900146484375,0.021385618966441866,1.1299728708473533,0.12997287084735332
2023-05-30,331.2099914550781,-0.005046781577794146,1.1242701445793537,0.1242701445793537
2023-05-31,328.3900146484375,-0.008514165874803026,1.1146979220803164,0.11469792208031637
2023-06-01,332.5799865722656,0.012759133155475944,1.1289205012962715,0.12892050129627153
2023-06-02,335.3999938964844,0.00847918527294178,1.1384928273851849,0.13849282738518487
2023-06-05,335.94000244140625,0.0016100433951962145,1.1403258502423947,0.14032585024239475
2023-06-06,333.67999267578125,-0.006727420816814433,1.1326543983795225,0.13265439837952253
2023-06-07,323.3800048828125,-0.030867861481214676,1.0976917793042549,0.09769177930425488
2023-06-08,325.260009765625,0.005813608925801628,1.1040733300301973,0.10407333003019725
2023-06-09,326.7900085449219,0.004703925270122644,1.1092668084673947,0.10926680846739467
2023-06-12,331.8500061035156,0.015483942061521594,1.1264426314604727,0.12644263146047274
2023-06-13,334.2900085449219,0.0073527268239528265,1.1347250564124562,0.13472505641245625
2023-06-14,337.3399963378906,0.009123777902440233,1.1450780358074975,0.14507803580749745
2023-06-15,348.1000061035156,0.03189663212910987,1.1816021686747729,0.18160216867477286
2023-06-16,342.3299865722656,-0.016575752456419512,1.1620162236248515,0.16201622362485146
2023-06-20,338.04998779296875,-0.012502552937743827,1.1474880542744645,0.14748805427446454
2023-06-21,333.5599975585937,-0.013282030458539373,1.132247082986781,0.132247082986781
2023-06-22,339.7099914550781,0.01843744436232675,1.1531228255837565,0.15312282558375645
2023-06-23,335.0199890136719,-0.013805900795904158,1.1372029262482544,0.13720292624825436
2023-06-26,328.6000061035156,-0.019162984659683246,1.115410724017612,0.1154107240176121
2023-06-27,334.57000732421875,0.018167988769977272,1.1356754935254763,0.13567549352547625
2023-06-28,335.8500061035156,0.0038258025264543694,1.1400203636978383,0.14002036369783832
2023-06-29,335.04998779296875,-0.002382070257578861,1.1373047550964395,0.13730475509643947
2023-06-30,340.5400085449219,0.016385676621321066,1.1559402630333404,0.1559402630333404
2023-07-03,337.989990234375,-0.007488160705236169,1.147284396578094,0.1472843965780939
2023-07-05,338.1499938964844,0.00047339763523290834,1.1478275182983735,0.14782751829837348
2023-07-06,341.2699890136719,0.009226660279469279,1.158418132869139,0.15841813286913897
2023-07-07,337.2200012207031,-0.011867400953344598,1.1446707204147561,0.14467072041475615
2023-07-10,331.8299865722656,-0.015983674245080848,1.1263746765017646,0.1263746765017646
2023-07-11,332.4700012207031,0.0019287426523706408,1.1285471633828836,0.12854716338288363
2023-07-12,337.20001220703125,0.014226880527450136,1.1446028690459247,0.14460286904592468
2023-07-13,342.6600036621094,0.016192144891518767,1.1631364445447643,0.16313644454476428
2023-07-14,345.239990234375,0.00752929009715908,1.17189403625832,0.1718940362583199
2023-07-17,345.7300109863281,0.0014193626631158196,1.173557378898513,0.17355737889851297
2023-07-18,359.489990234375,0.039799782520444804,1.220264707353937,0.220264707353937
2023-07-19,355.0799865722656,-0.012267389306818255,1.2052952451314556,0.20529524513145558
2023-07-20,346.8699951171875,-0.023121526882809107,1.1774269787194267,0.1774269787194267
2023-07-21,343.7699890136719,-0.00893708348128619,1.1669042155174927,0.16690421551749268
2023-07-24,345.1099853515625,0.0038979444998537005,1.1714527433862252,0.17145274338622518
2023-07-25,350.9800109863281,0.017009144573970625,1.191378152460056,0.19137815246005596
2023-07-26,337.7699890136719,-0.03763753364624178,1.1465376171614432,0.1465376171614432
2023-07-27,330.7200012207031,-0.02087215567479972,1.1226069055290355,0.12260690552903553
2023-07-28,338.3699951171875,0.02313133124167832,1.148574297715023,0.14857429771502306
2023-07-31,335.9200134277344,-0.007240540605867318,1.140257998873562,0.14025799887356194
2023-08-01,336.3399963378906,0.0012502467652069083,1.141683602748155,0.14168360274815495
2023-08-02,327.5,-0.02628291738758859,1.1116768269343607,0.11167682693436065
2023-08-03,326.6600036621094,-0.0025648743141698516,1.1088255155952988,0.10882551559529885
2023-08-04,327.7799987792969,0.003428626414717195,1.1126272640473813,0.11262726404738133
2023-08-07,330.1099853515625,0.007108385444331011,1.1205362474961016,0.12053624749610159
2023-08-08,326.04998779296875,-0.012298923809499152,1.106754857562365,0.10675485756236491
2023-08-09,322.2300109863281,-0.0117159237836445,1.093788202003986,0.09378820200398597
2023-08-10,322.92999267578125,0.0021723044582673268,1.0961642429915994,0.09616424299159942
2023-08-11,321.010009765625,-0.0059455081711282665,1.0896469895279943,0.08964698952799433
2023-08-14,324.0400085449219,0.009438954198061067,1.0999321175542043,0.09993211755420428
2023-08-15,321.8599853515625,-0.006727635896408679,1.0925321747565337,0.09253217475653375
2023-08-16,320.3999938964844,-0.004536107380615828,1.0875763314950604,0.08757633149506039
2023-08-17,316.8800048828125,-0.010986233085912955,1.0756279644185336,0.07562796441853359
2023-08-18,316.4800109863281,-0.001262288217372065,1.0742702119127723,0.07427021191277228
2023-08-21,321.8800048828125,0.017062669707495814,1.0926001297152415,0.09260012971524145
2023-08-22,322.4599914550781,0.00180187201276083,1.0945688553101143,0.09456885531011427
2023-08-23,327.0,0.01407929251760942,1.1099796104046902,0.10997961040469018
2023-08-24,319.9700012207031,-0.02149846721497517,1.086116750141114,0.08611675014111397
2023-08-25,322.9800109863281,0.009407162403167968,1.0963340267984925,0.09633402679849246
2023-08-28,323.70001220703125,0.0022292439043034573,1.0987780227448134,0.0987780227448134
2023-08-29,328.4100036621094,0.014550482784862373,1.114765773449147,0.11476577344914696
2023-08-30,328.7900085449219,0.0011571050777230418,1.1160556745860768,0.1160556745860768
2023-08-31,327.760009765625,-0.0031326948889207618,1.11255941267855,0.11255941267855007
2023-09-01,328.6600036621094,0.002745892938946115,1.115614381713982,0.11561438171398208
2023-09-05,333.54998779296875,0.014878549493009485,1.1322131055074267,0.1322131055074267
2023-09-06,332.8800048828125,-0.0020086431859566156,1.1299388933679984,0.12993889336799835
2023-09-07,329.9100036621094,-0.0089221376386025,1.1198574230381588,0.11985742303815883
2023-09-08,334.2699890136719,0.013215680952881836,1.1346571014537477,0.13465710145374765
2023-09-11,337.94000244140625,0.010979189123628608,1.1471147163610766,0.14711471636107665
2023-09-12,331.7699890136719,-0.01825771848008484,1.1261710188053937,0.12617101880539372
2023-09-13,336.0599975585937,0.012930670907503439,1.140733165635134,0.14073316563513405
2023-09-14,338.70001220703125,0.007855783692247487,1.1496945186349363,0.14969451863493632
2023-09-15,330.2200012207031,-0.025036937350757182,1.1209096889993644,0.12090968899936438
2023-09-18,329.0599975585937,-0.0035128207189791816,1.116972134219743,0.11697213421974295
2023-09-19,328.6499938964844,-0.0012459845169612294,1.115580404234628,0.11558040423462801
2023-09-20,320.7699890136719,-0.02397689039755313,1.0888322551526364,0.08883225515263637
2023-09-21,319.5299987792969,-0.00386566785187048,1.0846231913078133,0.08462319130781326
2023-09-22,317.010009765625,-0.007886549066751236,1.0760692572906279,0.07606925729062786
2023-09-25,317.5400085449219,0.001671867647613734,1.0778683026684839,0.07786830266848388
2023-09-26,312.1400146484375,-0.01700571188250899,1.0595383848660147,0.059538384866014704
2023-09-27,312.7900085449219,0.0020823792720598977,1.0617447456366116,0.06174474563661159
2023-09-28,313.6400146484375,0.0027174976191528533,1.0646300344550272,0.06463003445502724
2023-09-29,315.75,0.006727411213545587,1.0717922384870975,0.07179223848709748
2023-10-02,321.79998779296875,0.019160689763954908,1.0923285170601635,0.09232851706016354
2023-10-03,313.3900146484375,-0.02613416241004285,1.063781426190192,0.06378142619019189
2023-10-04,318.9599914550781,0.01777330657101195,1.0826883396024185,0.0826883396024185
2023-10-05,319.3599853515625,0.0012540566440939482,1.08404609210818,0.08404609210818004
2023-10-06,327.260009765625,0.02473705152937633,1.1108621961488792,0.11086219614887916
2023-10-09,329.82000732421875,0.00782251873801254,1.1195519364936035,0.11955193649360352
2023-10-10,328.3900146484375,-0.004335675956660623,1.1146979220803153,0.11469792208031526
2023-10-11,332.4200134277344,0.01227198940141716,1.1283774831658666,0.1283774831658666
2023-10-12,331.1600036621094,-0.00379041488095877,1.124100464362336,0.12410046436233602
2023-10-13,327.7300109863281,-0.010357508871394194,1.1124575838303647,0.11245758383036475
2023-10-16,332.6400146484375,0.01498185548321418,1.1291242625825169,0.12912426258251686
2023-10-17,332.0599975585937,-0.0017436780432348309,1.127155433397768,0.12715543339776803
2023-10-18,330.1099853515625,-0.005872469497585575,1.1205362474961018,0.12053624749610181
2023-10-19,331.32000732421875,0.0036655115759907098,1.124643586082616,0.12464358608261605
2023-10-20,326.6700134277344,-0.014034751278796276,1.108859493074653,0.10885949307465292
2023-10-23,329.32000732421875,0.008112143103305103,1.1178547199639328,0.11785471996393282
2023-10-24,330.5299987792969,0.0036742117945081088,1.1219619549605708,0.12196195496057083
2023-10-25,340.6700134277344,0.030678046428119332,1.1563815559054347,0.15638155590543468
2023-10-26,327.8900146484375,-0.03751430497421182,1.1130007055506446,0.11300070555064456
2023-10-27,329.8099975585937,0.005855569930102389,1.1195179590142497,0.11951795901424966
2023-10-30,337.3099975585937,0.022740365833414655,1.1449762069593115,0.14497620695931146
2023-10-31,338.1099853515625,0.0023716693805668765,1.1476917119708345,0.14769171197083453
2023-11-01,346.07000732421875,0.023542700060690258,1.174711473707904,0.17471147370790407
2023-11-02,348.32000732421875,0.006501574688303036,1.1823489480914224,0.18234894809142244
2023-11-03,352.79998779296875,0.012861679991238661,1.197555941899752,0.1975559418997519
2023-11-06,356.5299987792969,0.01057259386447873,1.2102172145034513,0.21021721450345132
2023-11-07,360.5299987792969,0.011219252275251446,1.2237949467408176,0.22379494674081757
2023-11-08,363.2000122070313,0.00740580100622612,1.2328581285888052,0.23285812858880517
2023-11-09,360.6900024414063,-0.006910819607005569,1.2243380684610974,0.22433806846109738
2023-11-10,369.6700134277344,0.024896756010826415,1.2548201146263398,0.2548201146263398
2023-11-13,366.6799926757813,-0.00808835080840975,1.244670689337793,0.244670689337793
2023-11-14,370.2699890136719,0.009790543279149855,1.2568566915900439,0.2568566915900439
2023-11-15,369.6700134277344,-0.001620373251247642,1.2548201146263398,0.2548201146263398
2023-11-16,376.1700134277344,0.01758324928692301,1.27688392951206,0.27688392951206
2023-11-17,369.8500061035156,-0.016800933350932468,1.255431087715451,0.2554310877154511
2023-11-20,377.4400024414063,0.020521822935339662,1.2811948222050684,0.2811948222050684
2023-11-21,373.0700073242188,-0.0115779861406341,1.266361166310126,0.26636116631012596
2023-11-22,377.8500061035156,0.012812605370183805,1.2825865521901834,0.28258655219018336
2023-11-24,377.4299926757813,-0.0011115877225081894,1.2811608447257146,0.28116084472571456
2023-11-27,378.6099853515625,0.0031263882009366917,1.285166250874167,0.285166250874167
2023-11-28,382.7000122070313,0.010802744284916121,1.299049573245965,0.29904957324596504
2023-11-29,378.8500061035156,-0.010060114922162411,1.2859809852495245,0.28598098524952453
2023-11-30,378.9100036621094,0.00015836757985265848,1.286184642945895,0.28618464294589496
2023-12-01,374.510009765625,-0.01161223998827976,1.2712491582027674,0.2712491582027674
2023-12-04,369.1400146484375,-0.014338722536543558,1.2530210692484833,0.25302106924848333
2023-12-05,372.5199890136719,0.009156347811421606,1.2644941659735618,0.2644941659735618
2023-12-06,368.7999877929688,-0.009986044589318732,1.2518668708492164,0.25186687084921644
2023-12-07,370.9500122070313,0.005829784395951387,1.2591649847987016,0.25916498479870165
2023-12-08,374.2300109863281,0.008842158434722469,1.2702987210897467,0.27029872108974673
2023-12-11,371.2999877929688,-0.007829471467659443,1.2603529534975704,0.26035295349757037
2023-12-12,374.3800048828125,0.008295225400225537,1.2708078653306727,0.2708078653306727
2023-12-13,374.3699951171875,-2.6736913014691055e-05,1.270773887851319,0.27077388785131906
2023-12-14,365.9299926757813,-0.022544548311795753,1.2421248645432865,0.24212486454328652
2023-12-15,370.7300109863281,0.013117313165416533,1.2584182053820514,0.2584182053820514
2023-12-18,372.6499938964844,0.005178924967655485,1.2649354588456567,0.2649354588456567
2023-12-19,373.260009765625,0.0016369673396803286,1.2670061168785907,0.26700611687859066
2023-12-20,370.6199951171875,-0.007072856934487004,1.2580447638787884,0.2580447638787884
2023-12-21,373.5400085449219,0.007878726097363176,1.2679565539916113,0.26795655399161133
2023-12-22,374.5799865722656,0.0027841141606086417,1.271486689788616,0.2714866897886159
2023-12-26,374.6600036621094,0.00021361816624532182,1.2717583024436938,0.2717583024436938
2023-12-27,374.0700073242188,-0.0015747513268661306,1.2697555993694676,0.2697555993694676
2023-12-28,375.2799987792969,0.0032346657881858754,1.2738628343661054,0.27386283436610537
2023-12-29,376.0400085449219,0.0020251805800926004,1.2764426366399653,0.27644263663996527
2024-01-02,370.8699951171875,-0.013748572785485358,1.258893372143624,0.25889337214362396
2024-01-03,370.6000061035156,-0.0007279882903079571,1.2579769125099571,0.25797691250995713
2024-01-04,367.9400024414063,-0.007177559682409518,1.2489477081413236,0.2489477081413236
2024-01-05,367.75,-0.0005163951735217553,1.2483027575728585,0.24830275757285847
2024-01-08,374.6900024414063,0.018871522614293257,1.2718601312918794,0.27186013129187936
2024-01-09,375.7900085449219,0.0029357764988340307,1.27559402837513,0.2755940283751299
2024-01-10,382.7699890136719,0.018574151281394835,1.2992871048318135,0.29928710483181353
2024-01-11,384.6300048828125,0.0048593565914965,1.3056008041889244,0.30560080418892444
2024-01-12,388.4700012207031,0.00998361097455347,1.3186354147060109,0.31863541470601087
2024-01-16,390.2699890136719,0.004633530999337276,1.324745352776875,0.3247453527768751
2024-01-17,389.4700012207031,-0.0020498316946956363,1.3220298477653523,0.32202984776535226
2024-01-18,393.8699951171875,0.011297388457887969,1.33696533250848,0.33696533250848004
2024-01-19,398.6700134277344,0.012186808769524937,1.3532586733472451,0.35325867334724514
2024-01-22,396.510009765625,-0.00541802390287105,1.345926685508282,0.3459266855082821
2024-01-23,398.8999938964844,0.006027550558615369,1.3540393266533728,0.3540393266533728
2024-01-24,402.55999755859375,0.009175241208600138,1.366462964081348,0.36646296408134793
2024-01-25,404.8699951171875,0.005738269009845087,1.374304096161237,0.37430409616123694
2024-01-26,403.9299926757813,-0.002321738960018749,1.371113320798266,0.371113320798266
2024-01-29,409.7200012207031,0.01433418822545618,1.3907671172170186,0.3907671172170186
2024-01-30,408.5899963378906,-0.0027579929694567795,1.3869313912855825,0.3869313912855825
2024-01-31,397.5799865722656,-0.026946351756786724,1.3495586501534715,0.34955865015347154
2024-02-01,403.7799987792969,0.015594377022054351,1.3706041765573396,0.37060417655733957
2024-02-02,411.2200012207031,0.018425881578826964,1.3958587668060307,0.3958587668060307
2024-02-05,405.6499938964844,-0.013545078808628541,1.3769517498039279,0.37695174980392787
2024-02-06,405.489990234375,-0.00039443772837877145,1.376408628083648,0.37640862808364806
2024-02-07,414.0499877929688,0.02111025614626416,1.405464966784422,0.4054649667844219
2024-02-08,414.1099853515625,0.00014490414288736986,1.405668624480792,0.4056686244807921
2024-02-09,420.5499877929688,0.015551429980465326,1.427528781670142,0.4275287816701421
2024-02-12,415.260009765625,-0.01257871401948063,1.4095723053709357,0.4095723053709357
2024-02-13,406.3200073242188,-0.02152868619940551,1.3792260655332322,0.37922606553323224
2024-02-14,409.489990234375,0.0078016904238404905,1.389986360321014,0.3899863603210141
2024-02-15,406.55999755859375,-0.0071552241706915876,1.3800406963187135,0.3800406963187135
2024-02-16,404.05999755859375,-0.0061491539133524675,1.3715546136703596,0.3715546136703596
2024-02-20,402.7900085449219,-0.003143070388915925,1.3672437209773511,0.36724372097735114
2024-02-21,402.1799926757813,-0.0015144761692184039,1.3651730629444174,0.3651730629444174
2024-02-22,411.6499938964844,0.023546674109016008,1.397318348159977,0.3973183481599769
2024-02-23,410.3399963378906,-0.003182309189887045,1.3928716491394297,0.39287164913942973
2024-02-26,407.5400085449219,-0.006823580001845908,1.3833672780092239,0.3833672780092239
2024-02-27,407.4800109863281,-0.00014721881860868535,1.3831636203128534,0.38316362031285345
2024-02-28,407.7200012207031,0.0005889619807217805,1.3839782510983352,0.38397825109833517
2024-02-29,413.6400146484375,0.014519801358800155,1.4040733403891827,0.40407334038918274
2024-03-01,415.5,0.004496628192858232,1.4103869361564174,0.4103869361564174
2024-03-04,414.9200134277344,-0.001395876226872761,1.4084182105615448,0.4084182105615448
2024-03-05,402.6499938964844,-0.02957201179544222,1.3667684506259032,0.36676845062590324
2024-03-06,402.0899963378906,-0.00139078000020465,1.3648675763998621,0.3648675763998621
2024-03-07,409.1400146484375,0.017533433745569926,1.3887983916221458,0.3887983916221458
2024-03-08,406.2200012207031,-0.007136953911104138,1.378886601509323,0.3788866015093231
2024-03-11,404.5199890136719,-0.004184954462908452,1.373116023872492,0.373116023872492
2024-03-12,415.2799987792969,0.02659945134444608,1.4096401567397676,0.4096401567397676
2024-03-13,415.1000061035156,-0.00043342486108244316,1.4090291836506565,0.40902918365065655
2024-03-14,425.2200012207031,0.024379655428537372,1.443380829636813,0.4433808296368129
2024-03-15,416.4200134277344,-0.020695140792310163,1.4135098601505576,0.4135098601505576
2024-03-18,417.3200073242188,0.00216126475064482,1.4165648291859898,0.4165648291859898
2024-03-19,421.4100036621094,0.009800623660760621,1.4304480479679114,0.43044804796791136
2024-03-20,425.2300109863281,0.009064823547192402,1.4434148071161663,0.4434148071161663
2024-03-21,429.3699951171875,0.00973587005596488,1.457467706115105,0.4574677061151049
2024-03-22,428.739990234375,-0.0014672773830890495,1.4553291967133395,0.4553291967133395
2024-03-25,422.8599853515625,-0.01371461728960277,1.435369913750031,0.4353699137500311
2024-03-26,421.6499938964844,-0.0028614470439243256,1.431262678753393,0.4312626787533931
2024-03-27,421.4299926757813,-0.0005217626559650412,1.430515899336743,0.43051589933674306
2024-03-28,420.7200012207031,-0.001684719804991186,1.4281058808697757,0.42810588086977575
2024-04-01,424.5700073242188,0.00915099375438544,1.4411744688662163,0.44117446886621625
2024-04-02,421.4400024414063,-0.007372176151911547,1.430549876816097,0.4305498768160969
2024-04-03,420.4500122070313,-0.0023490656526194975,1.4271894212361091,0.42718942123610915
2024-04-04,417.8800048828125,-0.00611251575598315,1.418465703412031,0.41846570341203093
2024-04-05,425.5199890136719,0.018282722412147567,1.4443991181186648,0.44439911811866484
2024-04-08,424.5899963378906,-0.0021855440397451353,1.4412423202350475,0.4412423202350475
2024-04-09,426.2799987792969,0.003980316201471101,1.446978920392525,0.44697892039252496
2024-04-10,423.260009765625,-0.0070845196169653235,1.4367277698456689,0.43672776984566886
2024-04-11,427.9299926757813,0.011033366730635041,1.4525797142224635,0.45257971422246346
2024-04-12,421.8999938964844,-0.01409108705279638,1.4321112870182287,0.43211128701822865
2024-04-15,413.6400146484375,-0.01957805017194081,1.404073340389183,0.40407334038918297
2024-04-16,414.5799865722656,0.002272439538101745,1.407264012162278,0.4072640121622779
2024-04-17,411.8399963378906,-0.0066090750232039586,1.3979632987284425,0.3979632987284425
2024-04-18,404.2699890136719,-0.018380942578505644,1.3722674156076566,0.37226741560765664
2024-04-19,399.1199951171875,-0.012738996305536321,1.3547861060700228,0.3547861060700228
2024-04-22,400.9599914550781,0.004610133194029364,1.361031850468426,0.361031850468426
2024-04-23,407.5700073242188,0.016485474885294726,1.3834691068574094,0.3834691068574094
2024-04-24,409.05999755859375,0.003655789698945311,1.3885267789670679,0.3885267789670679
2024-04-25,399.0400085449219,-0.024495157369272214,1.354514597004821,0.3545145970048209
2024-04-26,406.3200073242188,0.01824378163443585,1.3792260655332327,0.3792260655332327
2024-04-29,402.25,-0.010016753423050528,1.3654106981201422,0.36541069812014215
2024-04-30,389.3299865722656,-0.03211936215720168,1.3215545774139037,0.3215545774139037
2024-05-01,394.9400024414063,0.01440941120033501,1.3405974007435455,0.3405974007435455
2024-05-02,397.8399963378906,0.0073428720275419135,1.3504412358976607,0.35044123589766074
2024-05-03,406.6600036621094,0.022169735082964825,1.3803801603426236,0.38038016034262356
2024-05-06,413.5400085449219,0.016918321990989416,1.4037338763652736,0.4037338763652736
2024-05-07,409.3399963378906,-0.010156241524996279,1.3894772160800886,0.38947721608008856
2024-05-08,410.5400085449219,0.0029315781935970175,1.393550577187249,0.39355057718724895
2024-05-09,412.3200073242188,0.004335749847148351,1.3995926638892822,0.39959266388928216
2024-05-10,414.739990234375,0.005869186231977519,1.407807133882558,0.40780713388255796
2024-05-13,413.7200012207031,-0.0024593457049932876,1.404344849454385,0.4043448494543851
2024-05-14,416.55999755859375,0.0068645371978899306,1.41398502691213,0.4139850269121299
2024-05-15,423.0799865722656,0.01565198063156492,1.4361166931666813,0.43611669316668134
2024-05-16,420.989990234375,-0.004939955573941224,1.4290223405034426,0.42902234050344257
2024-05-17,420.2099914550781,-0.0018527727437477326,1.4263746868607512,0.4263746868607512
2024-05-20,425.3399963378906,0.012208193491660246,1.4437881450295535,0.44378814502955355
2024-05-21,429.0400085449219,0.008698951988733272,1.4563475887850679,0.45634758878506787
2024-05-22,430.5199890136719,0.00344951622057188,1.4613712834153727,0.4613712834153727
2024-05-23,427.0,-0.008176133753362347,1.449422916338846,0.4494229163388459
2024-05-24,430.1600036621094,0.007400476960443436,1.4601493372371503,0.46014933723715035
2024-05-28,430.3200073242188,0.00037196313173537554,1.4606924589574304,0.4606924589574304
2024-05-29,429.1700134277344,-0.0026724155905165636,1.4567888816571626,0.4567888816571626
2024-05-30,414.6700134277344,-0.03378614429323723,1.40756960229671,0.4075696022967099
2024-05-31,415.1300048828125,0.0011092951990325783,1.4091310124988419,0.4091310124988419
2024-06-03,413.5199890136719,-0.003878341363436566,1.4036659214065663,0.4036659214065663
2024-06-04,416.0700073242188,0.006166614379704338,1.412321787861813,0.41232178786181306
2024-06-05,424.010009765625,0.019083332856576263,1.439273594640175,0.4392735946401749
2024-06-06,424.5199890136719,0.0012027528508791185,1.4410046850593234,0.44100468505932344
2024-06-07,423.8500061035156,-0.0015782128698177411,1.438730472919895,0.4387304729198951
2024-06-10,427.8699951171875,0.009484461379694054,1.4523760565260928,0.4523760565260928
2024-06-11,432.6799926757813,0.01124172672420376,1.4687032712543358,0.46870327125433575
2024-06-12,441.05999755859375,0.019367673626387916,1.497148636865998,0.4971486368659981
2024-06-13,441.5799865722656,0.0011789530144428184,1.4989137047645003,0.49891370476450025
2024-06-14,442.5700073242188,0.002241996426600279,1.5022742639343645,0.5022742639343645
2024-06-17,448.3699951171875,0.013105243683446677,1.5219619342425947,0.5219619342425947
2024-06-18,446.3399963378906,-0.004527508087971643,1.5150712392757264,0.5150712392757264
2024-06-20,445.7000122070313,-0.0014338489405166799,1.5128988559844836,0.5128988559844836
2024-06-21,449.7799987792969,0.009154109177745173,1.5267480972870513,0.5267480972870513
2024-06-24,447.6700134277344,-0.004691149800544747,1.519585893254981,0.5195858932549811
2024-06-25,450.9500122070313,0.007326822616914974,1.5307196295460266,0.5307196295460266
2024-06-26,452.1600036621094,0.002683205282900669,1.5348268645426641,0.5348268645426641
2024-06-27,452.8500061035156,0.0015260138796395761,1.5371690316408,0.5371690316408
2024-06-28,446.9500122070313,-0.013028583011955752,1.5171418973086601,0.5171418973086601
2024-07-01,456.7300109863281,0.021881638913048285,1.5503394484854252,0.5503394484854252
2024-07-02,459.2799987792969,0.005583140436648648,1.5589952113507957,0.5589952113507957
2024-07-03,460.7699890136719,0.003244187071797633,1.5640528834604543,0.5640528834604543
2024-07-05,467.55999755859375,0.014736221339971767,1.5871011129385486,0.5871011129385486
2024-07-08,466.239990234375,-0.0028231827596699732,1.5826204364386474,0.5826204364386474
2024-07-09,459.5400085449219,-0.014370242428336288,1.5598777970949846,0.5598777970949846
2024-07-10,466.25,0.014601539213798809,1.5826544139180012,0.5826544139180012
2024-07-11,454.7000122070313,-0.024772091781166128,1.5434487535185568,0.5434487535185568
2024-07-12,453.5499877929688,-0.0025291937171509904,1.5395450726284132,0.5395450726284132
2024-07-15,453.9599914550781,0.0009039878142307334,1.5409368026135284,0.5409368026135284
2024-07-16,449.5199890136719,-0.009780602971585006,1.5258655115428619,0.5258655115428619
2024-07-17,443.5199890136719,-0.01334757106834128,1.5054989131868126,0.5054989131868126
2024-07-18,440.3699951171875,-0.007102259141666956,1.4948064697678618,0.4948064697678618
2024-07-19,437.1099853515625,-0.007402888030001886,1.483740584845648,0.48374058484564797
2024-07-22,442.9400024414063,0.013337643351146067,1.50353018759194,0.50353018759194
2024-07-23,444.8500061035156,0.0043121046904359694,1.5100135671660673,0.5100135671660673
2024-07-24,428.8999938964844,-0.035854809459797354,1.455872318433619,0.4558723184336191
2024-07-25,418.3999938964844,-0.024481231404573478,1.4202307713105329,0.4202307713105329
2024-07-26,425.2699890136719,0.016419682641982014,1.4435505098538293,0.44355050985382927
2024-07-29,426.7300109863281,0.0034331648373364665,1.4485064567051786,0.44850645670517864
2024-07-30,422.9200134277344,-0.00892835624517585,1.4355736750362773,0.4355736750362773
2024-07-31,418.3500061035156,-0.010805843136103221,1.420061091093516,0.4200610910935161
2024-08-01,417.1099853515625,-0.002964074898677782,1.4158519236588167,0.41585192365881674
2024-08-02,408.489990234375,-0.020666000383381178,1.3865919272616727,0.3865919272616727
2024-08-05,395.1499938964844,-0.03265685000074703,1.3413102026808414,0.34131020268084145
2024-08-06,399.6099853515625,0.011286831643597228,1.3564493451203394,0.35644934512033943
2024-08-07,398.4299926757813,-0.002952860836905935,1.352443938971887,0.35244393897188697
2024-08-08,402.6900024414063,0.010691990673231233,1.3669042569534424,0.3669042569534424
2024-08-09,406.0199890136719,0.008269354968031717,1.378207673461504,0.3782076734615041
2024-08-12,406.80999755859375,0.0019457380579734895,1.3808893045835493,0.3808893045835493
2024-08-13,414.010009765625,0.017698710086381908,1.4053292640467592,0.4053292640467592
2024-08-14,416.8599853515625,0.00688383256132119,1.4150033153939818,0.41500331539398183
2024-08-15,421.0299987792969,0.010003391004818063,1.4291581468309817,0.42915814683098175
2024-08-16,418.4700012207031,-0.006080321036543768,1.4204684064862574,0.4204684064862574
2024-08-19,421.5299987792969,0.007312346284482851,1.4308553633606524,0.43085536336065244
2024-08-20,424.7999877929688,0.007757428944894729,1.4419551221723443,0.44195512217234434
2024-08-21,424.1400146484375,-0.0015536091419403597,1.4397148875122696,0.4397148875122696
2024-08-22,415.5499877929688,-0.02025280935256446,1.4105566163734349,0.4105566163734349
2024-08-23,416.7900085449219,0.0029840471384416922,1.414765783808134,0.414765783808134
2024-08-26,413.489990234375,-0.007917700143695305,1.4035640925583812,0.4035640925583812
2024-08-27,413.8399963378906,0.0008464681413864472,1.404752164847126,0.40475216484712595
2024-08-28,410.6000061035156,-0.007829089172254888,1.3937542348836196,0.3937542348836196
2024-08-29,413.1199951171875,0.006137333113035881,1.4023081689008048,0.4023081689008048
2024-08-30,417.1400146484375,0.00973087620731028,1.4159538560968785,0.4159538560968785
2024-09-03,409.4400024414063,-0.018459059156721525,1.3898166801039982,0.38981668010399817
2024-09-04,408.8999938964844,-0.0013188954222889127,1.3879836572467883,0.3879836572467883
2024-09-05,408.3900146484375,-0.001247197984003856,1.3862525668276398,0.38625256682763975
2024-09-06,401.7000122070313,-0.016381405522770343,1.3635438013734549,0.3635438013734549
2024-09-09,405.7200012207031,0.01000744060620029,1.3771893849796524,0.3771893849796524
2024-09-10,414.2000122070313,0.020901141084526564,1.4059742146152245,0.40597421461522454
2024-09-11,423.0400085449219,0.02134233722202805,1.4359809904290186,0.4359809904290186
2024-09-12,427.0,0.009360796556096007,1.449422916338846,0.4494229163388459
2024-09-13,430.5899963378906,0.00840748556883053,1.461608918591097,0.461608918591097
2024-09-16,431.3399963378906,0.0017417961549934802,1.464154743385603,0.46415474338560303
2024-09-17,435.1499938964844,0.008832933627627604,1.4770875250545041,0.47708752505450414
2024-09-18,430.80999755859375,-0.009973564055531292,1.4623556980077468,0.4623556980077468
2024-09-19,438.6900024414063,0.018291137456114326,1.4891038470897384,0.4891038470897384
2024-09-20,435.2699890136719,-0.007795968471360881,1.4774948404472446,0.47749484044724455
2024-09-23,433.510009765625,-0.0040434196991964155,1.471520708703919,0.47152070870391904
2024-09-24,429.1700134277344,-0.010011294411026439,1.456788881657162,0.4567888816571619
2024-09-25,432.1099853515625,0.006850366595622326,1.46676841954894,0.4667684195489401
2024-09-26,431.30999755859375,-0.001851352248474103,1.4640529145374173,0.46405291453741726
2024-09-27,428.0199890136719,-0.007627944085564442,1.452885200767018,0.4528852007670181
2024-09-30,430.2999877929688,0.005326851170084357,1.4606245039987222,0.46062450399872223
2024-10-01,420.6900024414063,-0.022333222459179236,1.4280040520215904,0.4280040520215904
2024-10-02,417.1300048828125,-0.008462282293218104,1.4159198786175244,0.41591987861752444
2024-10-03,416.5400085449219,-0.0014144183611446426,1.4139171755432982,0.4139171755432982
2024-10-04,416.05999755859375,-0.0011523766660612722,1.4122878103824588,0.41228781038245876
2024-10-07,409.5400085449219,-0.015670790395449274,1.3901561441279073,0.39015614412790733
2024-10-08,414.7099914550781,0.012623877526703575,1.4077053050343724,0.4077053050343724
2024-10-09,417.4599914550781,0.006631139969285993,1.4170399959475617,0.4170399959475617
2024-10-10,415.8399963378906,-0.0038805996990056713,1.4115410309658085,0.4115410309658085
2024-10-11,416.3200073242188,0.0011543165413510081,1.413170396126648,0.41317039612664797
2024-10-14,419.1400146484375,0.006773653138467894,1.422742722215561,0.4227427222155611
2024-10-15,418.739990234375,-0.0009543932816771239,1.4213848661199235,0.42138486611992354
2024-10-16,416.1199951171875,-0.0062568543207947025,1.412491468078829,0.41249146807882897
2024-10-17,416.7200012207031,0.0014419064465927,1.414528148632409,0.41452814863240905
2024-10-18,418.1600036621094,0.003455563537118511,1.419416140525051,0.41941614052505094
2024-10-21,418.7799987792969,0.001482674363300518,1.4215206724474625,0.4215206724474625
2024-10-22,427.510009765625,0.020846294024966072,1.4511541103478698,0.4511541103478698
2024-10-23,424.6000061035156,-0.006806866729751504,1.4412762977144007,0.4412762977144007
2024-10-24,424.7300109863281,0.0003061820088170464,1.4417175905864952,0.4417175905864952
2024-10-25,428.1499938964844,0.008052133877269885,1.4533264936391126,0.4533264936391126
2024-10-28,426.5899963378906,-0.0036435772061950145,1.4480311863537298,0.44803118635372985
2024-10-29,431.9500122070313,0.01256479503775143,1.4662254014185365,0.4662254014185365
2024-10-30,432.5299987792969,0.0013427168789790223,1.468194127013409,0.4681941270134089
2024-10-31,406.3500061035156,-0.06052757669911324,1.3793278943814171,0.3793278943814171
2024-11-01,410.3699951171875,0.009892922242624058,1.3929734779876148,0.39297347798761484
2024-11-04,408.4599914550781,-0.004654345309929253,1.3864900984134874,0.38649009841348736
2024-11-05,411.4599914550781,0.007344660585515195,1.396673397591512,0.396673397591512
2024-11-06,420.1799926757813,0.021192828954927023,1.4262728580125656,0.42627285801256565
2024-11-07,425.4299926757813,0.01249464536987377,1.444093631574109,0.4440936315741091
2024-11-08,422.5400085449219,-0.006793089769441485,1.4342837738993475,0.43428377389934747
2024-11-11,418.010009765625,-0.010720875390940132,1.4189069962841252,0.4189069962841252
2024-11-12,423.0299987792969,0.012009255511576278,1.4359470129496645,0.43594701294966454
2024-11-13,425.2000122070313,0.005129691591604146,1.4433129782679814,0.44331297826798144
2024-11-14,426.8900146484375,0.003974605815823207,1.4490495784254585,0.44904957842545845
2024-11-15,415.0,-0.027852641758860153,1.4086897196267467,0.4086897196267467
2024-11-18,415.760009765625,0.0018313488328314254,1.4112695219006068,0.41126952190060684
2024-11-19,417.7900085449219,0.004882621540347909,1.4181602168674752,0.4181602168674752
2024-11-20,415.489990234375,-0.005505201808337579,1.410352958677064,0.410352958677064
2024-11-21,412.8699951171875,-0.00630579599693748,1.4014595606359692,0.4014595606359692
2024-11-22,417.0,0.010003160635686958,1.4154785857454302,0.4154785857454302
2024-11-25,418.7900085449219,0.004292586438661594,1.4215546499268168,0.4215546499268168
2024-11-26,427.989990234375,0.021968006642322457,1.4527833719188334,0.45278337191883344
2024-11-27,422.989990234375,-0.011682516213199046,1.4358112066221258,0.4358112066221258
2024-11-29,423.4599914550781,0.0011111402906784917,1.4374065943036114,0.4374065943036114
2024-12-02,430.9800109863281,0.017758512452168196,1.4629327972073807,0.4629327972073807
2024-12-03,431.2000122070313,0.0005104673420925909,1.4636795766240311,0.46367957662403114
2024-12-04,437.4200134277344,0.014424863276016442,1.4847929543967304,0.4847929543967304
2024-12-05,442.6199951171875,0.011887845845700351,1.5024439441513808,0.5024439441513808
2024-12-06,443.5700073242188,0.00214633820774357,1.5056686969937059,0.5056686969937059
2024-12-09,446.0199890136719,0.005523325853865169,1.5139849958351668,0.5139849958351668
2024-12-10,443.3299865722656,-0.0060311253030496115,1.504853962618348,0.5048539626183479
2024-12-11,448.989990234375,0.012767021932965417,1.5240664661650063,0.5240664661650063
2024-12-12,449.55999755859375,0.0012695323651228385,1.526001317870401,0.526001317870401
2024-12-13,447.2699890136719,-0.005093888596312213,1.5182280371593435,0.5182280371593435
2024-12-16,451.5899963378906,0.009658612091871577,1.5328920128372692,0.5328920128372692
2024-12-17,454.4599914550781,0.006355311544678388,1.542634019143199,0.5426340191431991
2024-12-18,437.3900146484375,-0.037561011150808676,1.4846911255485447,0.48469112554854465
2024-12-19,437.0299987792969,-0.0008231003385616997,1.483469075780446,0.48346907578044607
2024-12-20,436.6000061035156,-0.0009838973914428895,1.4820094944264994,0.48200949442649943
2024-12-23,435.25,-0.0030920890623981068,1.477426989078413,0.4774269890784131
2024-12-24,439.3299865722656,0.009373892182115151,1.4912762303809812,0.4912762303809812
2024-12-26,438.1099853515625,-0.0027769586825197035,1.4871350179049896,0.4871350179049896
2024-12-27,430.5299987792969,-0.01730156085390988,1.461405260894726,0.4614052608947261
2024-12-30,424.8299865722656,-0.013239523896575789,1.4420569510205288,0.4420569510205288
2024-12-31,421.5,-0.007838398129881519,1.430753534512467,0.4307535345124669
2025-01-02,418.5799865722656,-0.006927671240176458,1.4208417443996442,0.42084174439964417
2025-01-03,423.3500061035156,0.011395718104707964,1.437033256390224,0.43703325639022395
2025-01-06,427.8500061035156,0.010629502622233833,1.4523082051572611,0.4523082051572611
2025-01-07,422.3699951171875,-0.012808252677697252,1.433706674699714,0.433706674699714
2025-01-08,424.55999755859375,0.005185033185888699,1.4411404913868622,0.4411404913868622
2025-01-10,418.9500122070313,-0.013213645618575298,1.4220977716470966,0.4220977716470966
2025-01-13,417.1900024414063,-0.004201001824425954,1.416123536313895,0.4161235363138951
2025-01-14,415.6700134277344,-0.003643397504199286,1.410964035356051,0.4109640353560511
2025-01-15,426.30999755859375,0.02559718956659629,1.4470807492407096,0.4470807492407096
2025-01-16,424.5799865722656,-0.004058105595073136,1.4412083427556932,0.4412083427556932
2025-01-17,429.0299987792969,0.010480974958233968,1.4563136113057136,0.4563136113057136
2025-01-21,428.5,-0.0012353420059316722,1.4545145659278576,0.45451456592785755
2025-01-22,446.2000122070313,0.04130691296856792,1.5145960725141538,0.5145960725141538
2025-01-23,446.7099914550781,0.001142938668971194,1.5163271629333022,0.5163271629333022
2025-01-24,444.05999755859375,-0.005932246753318604,1.5073319360440223,0.5073319360440223
2025-01-27,434.55999755859375,-0.021393505499775367,1.4750848219802775,0.47508482198027746
2025-01-28,447.2000122070313,0.02908692636103316,1.5179905055734955,0.5179905055734955
2025-01-29,442.3299865722656,-0.010890039136472796,1.501459529559006,0.5014595295590061
2025-01-30,414.989990234375,-0.0618090501839037,1.408655742147393,0.4086557421473931
2025-01-31,415.05999755859375,0.00016869641645866906,1.4088933773231174,0.40889337732311737
2025-02-03,410.9200134277344,-0.009974423348939943,1.3948404783241788,0.3948404783241788
2025-02-04,412.3699951171875,0.003528622705323947,1.3997623441062983,0.3997623441062983
2025-02-05,413.2900085449219,0.0022310387240296325,1.402885268100438,0.402885268100438
2025-02-06,415.8200073242188,0.006121606443389105,1.4114731795969773,0.41147317959697727
2025-02-07,409.75,-0.01459767980689286,1.3908689460652035,0.3908689460652035
2025-02-10,412.2200012207031,0.00602806887297902,1.3992531998653723,0.39925319986537233
2025-02-11,411.4400024414063,-0.001892190522019832,1.3966055462226812,0.3966055462226812
2025-02-12,409.0400085449219,-0.005833156431662712,1.3884589275982366,0.38845892759823664
2025-02-13,410.5400085449219,0.003667122943146639,1.393550577187249,0.39355057718724895
2025-02-14,408.4299926757813,-0.005139610818003071,1.386388269565303,0.3863882695653029
2025-02-18,409.6400146484375,0.002962617815427393,1.3904956081518167,0.3904956081518167
2025-02-19,414.7699890136719,0.012523128068035572,1.4079089627307428,0.40790896273074284
2025-02-20,416.1300048828125,0.003278964016598218,1.412525445558183,0.41252544555818305
2025-02-21,408.2099914550781,-0.019032545922673227,1.3856414901486525,0.38564149014865245
2025-02-24,404.0,-0.01031329840818318,1.3713509559739898,0.3713509559739898
2025-02-25,397.8999938964844,-0.015099025008702083,1.350644893594031,0.35064489359403095
2025-02-26,399.7300109863281,0.0045991885345939565,1.3568567641029565,0.3568567641029565
2025-02-27,392.5299987792969,-0.01801218824992734,1.3324168046397469,0.3324168046397469
2025-02-28,396.989990234375,0.011362167143780022,1.3475559470792449,0.34755594707924486
2025-03-03,388.489990234375,-0.021411119194672312,1.3187032660748417,0.3187032660748417
2025-03-04,388.6099853515625,0.0003088756987408292,1.3191105814675823,0.3191105814675823
2025-03-05,401.0199890136719,0.03193434067547818,1.3612355081647962,0.3612355081647962
2025-03-06,396.8900146484375,-0.010298674575779265,1.3472165866452115,0.3472165866452115
2025-03-07,393.30999755859375,-0.009020174249067203,1.335064458282438,0.335064458282438
2025-03-10,380.1600036621094,-0.03343417146299554,1.2904276842700717,0.2904276842700717
2025-03-11,380.4500122070313,0.0007628591701605014,1.291412098862446,0.291412098862446
2025-03-12,383.2699890136719,0.0074122137367840235,1.3009843213614833,0.30098432136148334
2025-03-13,378.7699890136719,-0.011741070600337244,1.2857093725944464,0.2857093725944464
2025-03-14,388.55999755859375,0.025846843279256015,1.3189409012505657,0.31894090125056573
2025-03-17,388.7000122070313,0.0003603424164022595,1.319416171602014,0.3194161716020141
2025-03-18,383.5199890136719,-0.0133265321087781,1.3018329296263187,0.3018329296263187
2025-03-19,387.8200073242188,0.011211979645717074,1.316429053935413,0.3164290539354131
2025-03-20,386.8399963378906,-0.0025269737708732976,1.3131024722449027,0.31310247224490273
2025-03-21,391.260009765625,0.011425947341478171,1.3281059119467378,0.32810591194673777
2025-03-24,393.0799865722656,0.004651578902047371,1.3342837013864337,0.3342837013864337
2025-03-25,395.1600036621094,0.005291587363635442,1.3413441801601949,0.34134418016019485
2025-03-26,389.9700012207031,-0.013133926493846482,1.323727064295022,0.32372706429502207
2025-03-27,390.5799865722656,0.0015641853210581758,1.3257976187380798,0.3257976187380798
2025-03-28,378.7999877929688,-0.030160272375136854,1.2858112014426315,0.2858112014426315
2025-03-31,375.3900146484375,-0.009002041326345078,1.2742362758693675,0.2742362758693675
2025-04-01,382.1900024414063,0.018114461034178575,1.29731837923694,0.29731837923694004
2025-04-02,382.1400146484375,-0.00013079304181029539,1.2971486990199232,0.29714869901992325
2025-04-03,373.1099853515625,-0.02363015897506171,1.266496869047788,0.266496869047788
2025-04-04,359.8399963378906,-0.035565890848963,1.221452779642681,0.22145277964268106
2025-04-07,357.8599853515625,-0.005502476118493749,1.2147317648928293,0.2147317648928293
2025-04-08,354.5599975585937,-0.009221449527884173,1.2035301772329523,0.2035301772329523
2025-04-09,390.489990234375,0.10133684827162037,1.3254921321935245,0.32549213219352446
2025-04-10,381.3500061035156,-0.023406449229014803,1.2944670678978782,0.29446706789787824
2025-04-11,388.4500122070313,0.01861808309919999,1.3185675633371787,0.3185675633371787
2025-04-14,387.80999755859375,-0.001647611348500777,1.3163950764560595,0.31639507645605947
2025-04-15,385.7300109863281,-0.005363416583790803,1.3093347012721746,0.30933470127217455
2025-04-16,371.6099853515625,-0.03660598147045935,1.261405219458776,0.26140521945877593
2025-04-17,367.7799987792969,-0.010306468403001201,1.2484045864210433,0.24840458642104335
2025-04-21,359.1199951171875,-0.02354669555400757,1.2190087836963603,0.21900878369636034
2025-04-22,366.8200073242188,0.021441335240937054,1.245145959689241,0.2451459596892409
2025-04-23,374.3900146484375,0.020636844155362155,1.2708418428100265,0.27084184281002655
2025-04-24,387.2999877929688,0.034482685540249136,1.3146638824470354,0.31466388244703536
2025-04-25,391.8500061035156,0.011748046614912466,1.330108615020965,0.3301086150209649
2025-04-28,391.1600036621094,-0.001760884089979986,1.327766447922829,0.32776644792282905
2025-04-29,394.0400085449219,0.007362728438105481,1.3375424317081128,0.3375424317081128
2025-04-30,395.260009765625,0.003096135403123812,1.3416836441841047,0.3416836441841047
2025-05-01,425.3999938964844,0.07625356318928223,1.4439918027259238,0.44399180272592376
2025-05-02,435.2799987792969,0.023225211623337794,1.4775288179265984,0.4775288179265984
2025-05-05,436.1700134277344,0.0020446945665628657,1.480549913072553,0.480549913072553
2025-05-06,433.30999755859375,-0.006557112550366728,1.4708417806561007,0.4708417806561007
2025-05-07,433.3500061035156,9.233238362216234e-05,1.4709775869836397,0.4709775869836397
2025-05-08,438.1700134277344,0.011122665873615656,1.487338779191236,0.487338779191236
2025-05-09,438.7300109863281,0.0012780371577985061,1.4892396534172772,0.48923965341727715
2025-05-12,449.260009765625,0.024001090683593684,1.524983029388549,0.5249830293885489
2025-05-13,449.1400146484375,-0.00026709503311928007,1.524575713995808,0.524575713995808
2025-05-14,452.9400024414063,0.008460586162520434,1.5374745181853557,0.5374745181853557
2025-05-15,453.1300048828125,0.00041948699691363167,1.5381194687538204,0.5381194687538204
2025-05-16,454.2699890136719,0.0025157992597604206,1.5419890685747344,0.5419890685747344
2025-05-19,458.8699951171875,0.010126150119454946,1.5576034813656807,0.5576034813656807
2025-05-20,458.1700134277344,-0.0015254466339085226,1.5552274403780673,0.5552274403780673
2025-05-21,452.5700073242188,-0.01222255044938425,1.5362185945277795,0.5362185945277795
2025-05-22,454.8599853515625,0.005059942086933722,1.5439917716489608,0.5439917716489608
2025-05-23,450.1799926757813,-0.010288864324180969,1.5281058497928128,0.5281058497928128
2025-05-27,460.6900024414063,0.023346239141272207,1.5637813743952529,0.5637813743952529
2025-05-28,457.3599853515625,-0.007228325060662288,1.5524778542973148,0.5524778542973148
2025-05-29,458.6799926757813,0.002886145195242884,1.556958530797216,0.556958530797216
2025-05-30,460.3599853515625,0.0036626683147453765,1.5626611534753394,0.5626611534753394
2025-06-02,461.9700012207031,0.003497297593992865,1.5681262445676147,0.5681262445676147
2025-06-03,462.9700012207031,0.0021646427199983886,1.5715206776269564,0.5715206776269564
2025-06-04,463.8699951171875,0.001943957263130125,1.5745756466623884,0.5745756466623884
2025-06-05,467.6799926757813,0.008213502918271942,1.58750842833129,0.5875084283312899
2025-06-06,470.3800048828125,0.005773204433192403,1.5966734390274624,0.5966734390274624
2025-06-09,472.75,0.005038469094318598,1.6047182288037216,0.6047182288037216
2025-06-10,470.9200134277344,-0.003870939338478263,1.598506461884672,0.598506461884672
2025-06-11,472.6199951171875,0.003609915996305446,1.6042769359316271,0.6042769359316271
2025-06-12,478.8699951171875,0.013224154848654468,1.625492142552512,0.625492142552512
2025-06-13,474.9599914550781,-0.008165062964850311,1.6122198968597012,0.6122198968597012
2025-06-16,479.1400146484375,0.008800790105611966,1.6264087057760548,0.6264087057760548
2025-06-17,478.0400085449219,-0.0022957926073503554,1.6226748086928038,0.6226748086928038
2025-06-18,480.239990234375,0.004602086959519358,1.6301424992694296,0.6301424992694296
2025-06-20,477.3999938964844,-0.00591370230643351,1.6205023218116847,0.6205023218116847
2025-06-23,486.0,0.018014256835915177,1.6496944668399973,0.6496944668399973
2025-06-24,490.1099853515625,0.00845675998263884,1.6636455369907506,0.6636455369907506
2025-06-25,492.2699890136719,0.004407181503474078,1.6709775248297134,0.6709775248297134
2025-06-26,497.4500122070313,0.010522727992698266,1.6885607668054088,0.6885607668054088
2025-06-27,495.9400024414063,-0.003035500509740774,1.6834351397370426,0.6834351397370426
2025-06-30,497.4100036621094,0.0029640706808617967,1.6884249604778696,0.6884249604778696
2025-07-01,492.0499877929688,-0.010775850565284628,1.6702307454130634,0.6702307454130634
2025-07-02,491.0899963378906,-0.001951003920118155,1.6669721186812607,0.6669721186812607
2025-07-03,498.8399963378906,0.015781221482401575,1.6932789748911579,0.6932789748911579
2025-07-07,497.7200012207031,-0.0022451991127608872,1.6894772264390756,0.6894772264390756
2025-07-08,496.6199951171875,-0.002210090213006888,1.6857433293558246,0.6857433293558246
2025-07-09,503.510009765625,0.013873816431438035,1.7091310228578285,0.7091310228578285
2025-07-10,501.4800109863281,-0.004031694981082468,1.7022403278909601,0.7022403278909601
2025-07-11,503.3200073242188,0.0036691319645456577,1.7084860722893636,0.7084860722893636
2025-07-14,503.0199890136719,-0.0005960786501254534,1.7074676802176352,0.7074676802176352
2025-07-15,505.8200073242188,0.005566415593219798,1.7169721549377175,0.7169721549377175
2025-07-16,505.6199951171875,-0.00039542169968598273,1.7162932268898985,0.7162932268898985
2025-07-17,511.7000122070313,0.012024874705429012,1.7369314379010259,0.7369314379010259
2025-07-18,510.0499877929688,-0.003224593266952902,1.7313305404812114,0.7313305404812114
2025-07-21,510.05999755859375,1.96250678650145e-05,1.731364517960565,0.731364517960565
2025-07-22,505.2699890136719,-0.009391068830822413,1.7151051546011538,0.7151051546011538
2025-07-23,505.8699951171875,0.0011874960250199962,1.7171418351547338,0.7171418351547338
2025-07-24,510.8800048828125,0.009903749607573342,1.7341479779307953,0.7341479779307953
2025-07-25,513.7100219726562,0.005539494720473437,1.7437542814990628,0.7437542814990628
2025-07-28,512.5,-0.0023554572052336686,1.7396469429125487,0.7396469429125487
2025-07-29,512.5700073242188,0.0001365996570121819,1.7398845780882728,0.7398845780882728
2025-07-30,513.239990234375,0.0013071051770152664,1.742158790227701,0.7421587902277009
2025-07-31,533.5,0.03947472946598163,1.8109300371587214,0.8109300371587214
2025-08-01,524.1099853515625,-0.01760077722293818,1.7790562610083636,0.7790562610083636
2025-08-04,535.6400146484375,0.021999255154699693,1.8181941736288525,0.8181941736288525
2025-08-05,527.75,-0.014730069510613508,1.791412047067507,0.791412047067507
2025-08-06,524.9400024414062,-0.005324486136605855,1.7818736984579473,0.7818736984579473
2025-08-07,520.8400268554688,-0.007810369883928137,1.7679566057865477,0.7679566057865477
2025-08-08,522.0399780273438,0.0023038766415852674,1.7720297597139556,0.7720297597139556
2025-08-11,521.77001953125,-0.0005171222654515306,1.7711134036701648,0.7711134036701648
2025-08-12,529.239990234375,0.014316596246437996,1.796469719177165,0.796469719177165
2025-08-13,520.5800170898438,-0.01636303624882196,1.767074020042358,0.767074020042358
2025-08-14,522.47998046875,0.0036497047841510533,1.7735233185472556,0.7735233185472556
2025-08-15,520.1699829101562,-0.0044212173574982305,1.7656821864673666,0.7656821864673666
2025-08-18,517.0999755859375,-0.005901930955421908,1.755261252113618,0.7552612521136179
2025-08-19,509.7699890136719,-0.014175182592031321,1.7303801033681898,0.7303801033681898
2025-08-20,505.7200012207031,-0.007944735626365218,1.716632690913807,0.716632690913807
2025-08-21,504.239990234375,-0.00292654232135503,1.7116088926936261,0.7116088926936261
2025-08-22,507.2300109863281,0.005929757278004377,1.7217583179821732,0.7217583179821732
2025-08-25,504.260009765625,-0.0058553341804989945,1.7116768476523336,0.7116768476523336
2025-08-26,502.0400085449219,-0.004402493114088024,1.7041412021170004,0.7041412021170004
2025-08-27,506.739990234375,0.00936176720870363,1.72009497534198,0.7200949753419801
2025-08-28,509.6400146484375,0.005722904191400424,1.7299389140859716,0.7299389140859716
2025-08-29,506.6900024414063,-0.005788423440545976,1.7199252951249637,0.7199252951249637
2025-09-02,505.1199951171875,-0.0030985559546349295,1.7145960103602271,0.7145960103602271
2025-09-03,505.3500061035156,0.0004553590999198942,1.715376767256231,0.715376767256231
2025-09-04,507.9700012207031,0.005184515851476723,1.7242701652973258,0.7242701652973258
2025-09-05,495.0,-0.025533006259296664,1.6802443643740708,0.6802443643740708
2025-09-08,498.2000122070313,0.006464671125315791,1.6911065915999144,0.6911065915999144
2025-09-09,498.4100036621094,0.00042150030094911806,1.6918193935372108,0.6918193935372108
2025-09-10,500.3699951171875,0.003932488193810091,1.6984724533283548,0.6984724533283548
2025-09-11,501.010009765625,0.0012790827881028477,1.7006449402094739,0.7006449402094739
2025-09-12,509.8999938964844,0.017744124783092063,1.730821396240285,0.730821396240285
2025-09-15,515.3599853515625,0.010707965327386493,1.7493549717391246,0.7493549717391246
2025-09-16,509.0400085449219,-0.012263227620067041,1.7279022335323917,0.7279022335323917
2025-09-17,510.0199890136719,0.001925154118143313,1.7312287116330256,0.7312287116330256
2025-09-18,508.4500122070313,-0.0030782652454010018,1.7258995304581652,0.7258995304581652
2025-09-19,517.9299926757812,0.01864486230927631,1.7580786895632023,0.7580786895632023
2025-09-22,514.4500122070312,-0.0067190170833154594,1.7462661288142143,0.7462661288142143
2025-09-23,509.2300109863281,-0.010146760806378219,1.7285471841008564,0.7285471841008564
2025-09-24,510.1499938964844,0.0018066156556137969,1.73167000450512,0.7316700045051201
2025-09-25,507.0299987792969,-0.0061158387817614734,1.7210793899343546,0.7210793899343546
2025-09-26,511.4599914550781,0.00873714116807034,1.7361167035256675,0.7361167035256675
2025-09-29,514.5999755859375,0.006139256605245391,1.7467751694652642,0.7467751694652642
2025-09-30,517.9500122070312,0.006509982083227506,1.7581466445219098,0.7581466445219098
2025-10-01,519.7100219726562,0.0033980301653540046,1.7641208798551111,0.7641208798551111
2025-10-02,515.739990234375,-0.007638936272985952,1.750644872876054,0.750644872876054
2025-10-03,517.3499755859375,0.003121699658835464,1.7561098603784533,0.7561098603784533
2025-10-06,528.5700073242188,0.021687508007657064,1.7941955070377364,0.7941955070377364
2025-10-07,523.97998046875,-0.008683857940984696,1.7786149681362677,0.7786149681362677
2025-10-08,524.8499755859375,0.0016603594595525628,1.7815681083235146,0.7815681083235146
2025-10-09,522.4000244140625,-0.004667907565661822,1.7732519130719295,0.7732519130719295
2025-10-10,510.9599914550781,-0.021898990092536486,1.734419486995996,0.7344194869959959
2025-10-13,514.0499877929688,0.0060474330467461535,1.744908272718576,0.7449082727185761
2025-10-14,513.5700073242188,-0.00093372333459385,1.7432790111476129,0.7432790111476129
2025-10-15,513.4299926757812,-0.0002726301116511287,1.7428037407961645,0.7428037407961645
2025-10-16,511.6099853515625,-0.0035448013364658415,1.7366258477665926,0.7366258477665926
2025-10-17,513.5800170898438,0.003850651462417254,1.7433129886269667,0.7433129886269667
2025-10-20,516.7899780273438,0.006250167122328731,1.7542089861524117,0.7542089861524117
2025-10-21,517.6599731445312,0.0016834597306014665,1.7571621263396586,0.7571621263396586
2025-10-22,520.5399780273438,0.0055635069973014595,1.7669381101249424,0.7669381101249424
2025-10-23,520.5599975585938,3.8459161822324006e-05,1.7670060650836497,0.7670060650836497
2025-10-24,523.6099853515625,0.00585905142014953,1.7773590444786909,0.7773590444786909
2025-10-27,531.52001953125,0.015106729055933688,1.8042091259987436,0.8042091259987436
2025-10-28,542.0700073242188,0.019848712005754443,1.8400203533388466,0.8400203533388466
2025-10-29,541.5499877929688,-0.0009593217190099201,1.8382551818504684,0.8382551818504684
2025-10-30,525.760009765625,-0.029157009294181968,1.784657158428176,0.7846571584281761
2025-10-31,517.8099975585938,-0.015120990678951118,1.7576713741704602,0.7576713741704602
2025-11-03,517.030029296875,-0.0015062827396076228,1.7550238241176448,0.7550238241176448
2025-11-04,514.3300170898438,-0.005222157426142293,1.745858813421472,0.7458588134214721
2025-11-05,507.1600036621094,-0.0139404918816588,1.7215206828064475,0.7215206828064475
2025-11-06,497.1000061035156,-0.019835944250241266,1.6873726945166616,0.6873726945166616
2025-11-07,496.8200073242188,-0.000563264485735071,1.6864222574036414,0.6864222574036414
2025-11-10,506.0,0.018477501993575007,1.7175831280268263,0.7175831280268263
2025-11-11,508.6799926757813,0.0052964282130065765,1.7266801837642918,0.7266801837642918
2025-11-12,511.1400146484375,0.004836089502392005,1.7350305636749825,0.7350305636749825
2025-11-13,503.2900085449219,-0.015357839101904136,1.708384243441176,0.708384243441176
2025-11-14,510.1799926757813,0.013689888561029262,1.731771833353304,0.7317718333533041
2025-11-17,507.489990234375,-0.005272653730103882,1.722640800136485,0.722640800136485
2025-11-18,493.7900085449219,-0.026995570263614543,1.6761371293774314,0.6761371293774314
2025-11-19,487.1199951171875,-0.013507793418885194,1.6534962152920778,0.6534962152920778
2025-11-20,478.4299926757813,-0.017839551914340168,1.6239985837192097,0.6239985837192097
2025-11-21,472.1199951171875,-0.013188967362399273,1.6025797194019544,0.6025797194019544
2025-11-24,474.0,0.003982048848293118,1.6089612701278968,0.6089612701278968
2025-11-25,476.989990234375,0.006307996275052741,1.6191105918265678,0.6191105918265678
2025-11-26,485.5,0.01784106572434263,1.6479972503103248,0.6479972503103248
2025-11-28,492.010009765625,0.013408876963182381,1.6700950426753989,0.6700950426753989
2025-12-01,486.739990234375,-0.010711203891482723,1.6522063141551482,0.6522063141551482
2025-12-02,490.0,0.00669764110414528,1.663272199077362,0.663272199077362
2025-12-03,477.7300109863281,-0.025040793905452774,1.6216225427315967,0.6216225427315967
2025-12-04,480.8399963378906,0.006509922508618482,1.6321791798230083,0.6321791798230083
2025-12-05,483.1600036621094,0.004824905045104577,1.640054289382251,0.640054289382251
2025-12-08,491.0199890136719,0.01626787253081341,1.666734483505535,0.6667344835055351
2025-12-09,492.0199890136719,0.002036576967077819,1.6701289165648767,0.6701289165648767
2025-12-10,478.55999755859375,-0.027356594763681685,1.6244398765913046,0.6244398765913046
2025-12-11,483.4700012207031,0.010259954210878552,1.6411065553434565,0.6411065553434565
2025-12-12,478.5299987792969,-0.01021780550795981,1.6243380477431193,0.6243380477431193
2025-12-15,474.8200073242188,-0.0077528921165695985,1.6117447300981276,0.6117447300981276
2025-12-16,476.3900146484375,0.003306531527738743,1.6170740148628637,0.6170740148628637
2025-12-17,476.1199951171875,-0.0005668035075194755,1.616157451639321,0.6161574516393209
2025-12-18,483.9800109863281,0.016508476749030443,1.6428377493524808,0.6428377493524808
2025-12-19,485.9200134277344,0.00400843505386228,1.6494229577747936,0.6494229577747936
2025-12-22,484.9200134277344,-0.002057951869374297,1.646028524715452,0.646028524715452
2025-12-23,486.8500061035156,0.003980022730220467,1.6525797556584108,0.6525797556584108
2025-12-24,488.0199890136719,0.0024031691393415766,1.6565511843275096,0.6565511843275096
2025-12-26,487.7099914550781,-0.0006352148796615609,1.6554989183663038,0.6554989183663038
2025-12-29,487.1000061035156,-0.0012507132563402967,1.653428363923246,0.6534283639232461
2025-12-30,487.4800109863281,0.0007801372984006516,1.6547182650601762,0.6547182650601762
2025-12-31,483.6199951171875,-0.007918305945161852,1.6416156995843822,0.6416156995843822
2026-01-02,472.9400024414063,-0.022083439029838448,1.605363179372185,0.605363179372185
2026-01-05,472.8500061035156,-0.00019029123657565705,1.6050576928276292,0.6050576928276292
2026-01-06,478.510009765625,0.011969976925135795,1.6242701963742876,0.6242701963742876
2026-01-07,483.4700012207031,0.010365491533829152,1.6411065553434563,0.6411065553434563
2026-01-08,478.1099853515625,-0.011086553158639045,1.62291234027865,0.6229123402786501
2026-01-09,479.2799987792969,0.0024471637564189574,1.6268838725376251,0.6268838725376251
2026-01-12,477.1799926757813,-0.004381585104457075,1.6197555423950327,0.6197555423950327
2026-01-13,470.6700134277344,-0.013642607292779219,1.5976578536198347,0.5976578536198347
2026-01-14,459.3800048828125,-0.023987099714937177,1.5593346753747033,0.5593346753747033
2026-01-15,456.6600036621094,-0.005921026583203148,1.550101813309699,0.5501018133096991
2026-01-16,459.8599853515625,0.007007361415038327,1.5609639369456665,0.5609639369456665
2026-01-20,454.5199890136719,-0.01161222221543845,1.5428376768395677,0.5428376768395677
2026-01-21,444.1099853515625,-0.022903291194518283,1.507501616261037,0.5075016162610371
2026-01-22,451.1400146484375,0.01582947812197899,1.531364580114489,0.5313645801144891
2026-01-23,465.9500122070313,0.03282794050120974,1.5816361254361475,0.5816361254361475
2026-01-26,470.2799987792969,0.009292813518248622,1.596333975003551,0.596333975003551
2026-01-27,480.5799865722656,0.021901819808846534,1.6312965940788184,0.6312965940788184
2026-01-28,481.6300048828125,0.0021848981228622666,1.6348608109450529,0.6348608109450529
2026-01-29,433.5,-0.09993149179840488,1.4714867312245639,0.47148673122456386
2026-01-30,430.2900085449219,-0.0074048245791883405,1.4605906301092426,0.4605906301092426
2026-02-02,423.3699951171875,-0.016082208023224243,1.4371011077590536,0.43710110775905364
2026-02-03,411.2099914550781,-0.02872193070447404,1.3958247893266753,0.3958247893266753
2026-02-04,414.1900024414063,0.007246932341753887,1.4059402371358687,0.4059402371358687
2026-02-05,393.6700134277344,-0.04954245368724175,1.3362865080505353,0.3362865080505353
2026-02-06,401.1400146484375,0.01897528632079659,1.3616429271474118,0.36164292714741175
2026-02-09,413.6000061035156,0.03106145236096225,1.4039375340616422,0.40393753406164223
2026-02-10,413.2699890136719,-0.0007979136483889926,1.402817313141729,0.40281731314172897
2026-02-11,404.3699951171875,-0.021535543671403534,1.3726068796315642,0.37260687963156425
2026-02-12,401.8399963378906,-0.006256643197682599,1.364018968135025,0.364018968135025
2026-02-13,401.3200073242188,-0.0012940200537793212,1.3622539002365228,0.3622539002365228
2026-02-17,396.8599853515625,-0.01111338057226019,1.3471146542071486,0.3471146542071486
2026-02-18,399.6000061035156,0.006904250499142339,1.3564154712308603,0.35641547123086026
2026-02-19,398.4599914550781,-0.002852889467029107,1.3525457678200705,0.3525457678200705
2026-02-20,397.2300109863281,-0.0030868355547025716,1.348370681454601,0.34837068145460104
2026-02-23,384.4700012207031,-0.032122471647954565,1.3050576824686424,0.3050576824686424
2026-02-24,389.0,0.01178245055508631,1.3204344600838647,0.32043446008386467
2026-02-25,400.6000061035156,0.029820067104153303,1.3598099042902019,0.3598099042902019
2026-02-26,401.7200012207031,0.002795794059219592,1.3636116527422844,0.36361165274228435
2026-02-27,392.739990234375,-0.022353905603506474,1.333129606577042,0.33312960657704194
2026-03-02,398.5499877929688,0.014793496213936885,1.3528512543646265,0.3528512543646265
2026-03-03,403.9299926757813,0.013498946299321357,1.3711133207982642,0.3711133207982642
2026-03-04,405.2000122070313,0.0031441575378865494,1.3754243170811487,0.37542431708114865
2026-03-05,410.6799926757813,0.013524136978431578,1.3940257439488197,0.39402574394881973
2026-03-06,408.9599914550781,-0.004188178755669458,1.388187314943157,0.38818731494315695
2026-03-09,409.4100036621094,0.0011003819846291396,1.389714851255811,0.38971485125581107
2026-03-10,405.760009765625,-0.008915253325116002,1.3773251913071896,0.37732519130718956
2026-03-11,404.8800048828125,-0.002168781697636457,1.3743380736405888,0.3743380736405888
2026-03-12,401.8599853515625,-0.007459048347235875,1.3640868195038567,0.3640868195038567
2026-03-13,395.5499877929688,-0.01570198026328362,1.3426679551866019,0.34266795518660187
2026-03-16,399.9500122070313,0.011123813803188609,1.3576035435196057,0.35760354351960566
2026-03-17,399.4100036621094,-0.001350190094862147,1.3557705206623958,0.3557705206623958
2026-03-18,391.7900085449219,-0.019078127856892224,1.3299049573245934,0.32990495732459335
2026-03-19,389.0199890136719,-0.007070163788856276,1.3205023114526966,0.3205023114526966
2026-03-20,381.8699951171875,-0.018379502592174246,1.2962321357963797,0.29623213579637975
2026-03-23,383.0,0.002959135038786531,1.3000678617278159,0.30006786172781585
2026-03-24,372.739990234375,-0.02678853724706265,1.2652409453902111,0.26524094539021115
2026-03-25,371.0400085449219,-0.004560770869753483,1.259470471343256,0.25947047134325607
2026-03-26,365.9700012207031,-0.013664314379738696,1.2422606708708241,0.24226067087082415
2026-03-27,356.7699890136719,-0.02513870584021738,1.2110318452889315,0.21103184528893149
2026-03-30,358.9599914550781,0.0061384155305796995,1.2184656619760796,0.21846566197607964
2026-03-31,370.1700134277344,0.031229168262500107,1.2565173311560092,0.25651733115600917
2026-04-01,369.3699951171875,-0.0021612185793732364,1.2538017225546103,0.2538017225546103
2026-04-02,373.4599914550781,0.011072898156205158,1.267684941336532,0.2676849413365321
2026-04-06,372.8800048828125,-0.0015530085833448393,1.2657162157416595,0.2657162157416595
2026-04-07,372.2900085449219,-0.0015822686391459007,1.263713512667433,0.26371351266743304
2026-04-08,374.3299865722656,0.005479540091115842,1.270638081523779,0.270638081523779
2026-04-09,373.0700073242188,-0.0033659586280662124,1.2663611663101246,0.26636116631012463
2026-04-10,370.8699951171875,-0.005897049250382036,1.2588933721436226,0.2588933721436226
2026-04-13,384.3699951171875,0.036400895671633515,1.3047182184447335,0.30471821844473346
2026-04-14,393.1099853515625,0.022738482049594833,1.3343855302346184,0.33438553023461837
2026-04-15,411.2200012207031,0.04606857252161789,1.3958587668060294,0.3958587668060294
2026-04-16,420.260009765625,0.0219833872819577,1.4265444706676422,0.42654447066764223
2026-04-17,422.7900085449219,0.0060200797613549906,1.4351323821641813,0.43513238216418126
2026-04-20,418.0700073242188,-0.011163937475598074,1.4191106539804943,0.4191106539804943
2026-04-21,424.1600036621094,0.01456692953620009,1.439782738881099,0.4397827388810991
2026-04-22,432.9200134277344,0.02065260677572822,1.4695180056296915,0.4695180056296915
2026-04-23,415.75,-0.03966093711350327,1.4112355444212517,0.41123554442125165
2026-04-24,424.6199951171875,0.021334925116506254,1.441344149083231,0.44134414908323105
2026-04-27,424.8200073242188,0.0004710381266339603,1.44202307713105,0.44202307713105005
2026-04-28,429.25,0.010427928533036868,1.4570603907223625,0.4570603907223625
2026-04-29,424.4599914550781,-0.011159018159398681,1.440801027362951,0.440801027362951
2026-04-30,407.7799987792969,-0.039296972651300055,1.384181908794704,0.38418190879470404
2026-05-01,414.4400024414063,0.016332345093055922,1.406788845400704,0.40678884540070404
2026-05-04,413.6199951171875,-0.001978591157678511,1.4040053854304735,0.4040053854304735
2026-05-05,411.3800048828125,-0.005415575312649912,1.3964018885263088,0.39640188852630875
2026-05-06,413.9599914550781,0.006271541012307091,1.4051594802398646,0.4051594802398646
2026-05-07,420.7699890136719,0.01645085925974743,1.4282755610867905,0.42827556108679055
2026-05-08,415.1199951171875,-0.013427749231185726,1.409097035019486,0.409097035019486
2026-05-11,412.6600036621094,-0.005925976787467646,1.400746758698671,0.40074675869867105
2026-05-12,407.7699890136719,-0.01184998450308139,1.3841479313153504,0.3841479313153504
2026-05-13,405.2099914550781,-0.006278043082047158,1.3754581909706263,0.37545819097062627
2026-05-14,409.4299926757813,0.010414356283638293,1.389782702624643,0.389782702624643
2026-05-15,421.9200134277344,0.03050587640227831,1.4321792419769346,0.4321792419769346
2026-05-18,423.5400085449219,0.003839578748650485,1.4376782069586875,0.43767820695868753
2026-05-19,417.4200134277344,-0.014449626938935034,1.4169042932098974,0.4169042932098974
2026-05-20,421.05999755859375,0.008720195519541285,1.429259975679165,0.4292599756791651
2026-05-21,419.0899963378906,-0.004678671049555105,1.4225729384086672,0.42257293840866716
2026-05-22,418.5700073242188,-0.001240757398686676,1.4208078705101652,0.4208078705101652
2026-05-26,416.0299987792969,-0.006068300404893701,1.4121859815342723,0.4121859815342723
2026-05-27,412.6700134277344,-0.008076305462157207,1.4007807361780253,0.40078073617802534
2026-05-28,426.989990234375,0.034700793226276616,1.4493889388594905,0.4493889388594905
2026-05-29,450.239990234375,0.05445092515456418,1.5283095074891817,0.5283095074891817
2026-06-01,460.5199890136719,0.022832265019252507,1.5632042751956179,0.5632042751956179
2026-06-02,441.30999755859375,-0.04171369737114239,1.4979972451308319,0.4979972451308319
2026-06-03,427.3399963378906,-0.03165575513355168,1.4505770111482352,0.45057701114823523
2026-06-04,428.0499877929688,0.0016614205577818453,1.4529870296152028,0.45298702961520276
2026-06-05,416.6700134277344,-0.026585620113925734,1.4143584684153916,0.4143584684153916
2026-06-08,411.739990234375,-0.011831960627074034,1.397623834704532,0.397623834704532
2026-06-09,403.4100036621094,-0.020231181740505533,1.3693482528997623,0.36934825289976225
2026-06-10,397.3599853515625,-0.014997194555478321,1.3488118707368202,0.3488118707368202
2026-06-11,390.3399963378906,-0.017666572560045224,1.3249829879525978,0.32498298795259783
2026-06-12,390.739990234375,0.0010247320290952544,1.3263407404583591,0.32634074045835915
2026-06-15,399.760009765625,0.023084454513702557,1.3569585929511407,0.35695859295114074
2026-06-16,393.8299865722656,-0.014833957996038927,1.3368295261809395,0.33682952618093953
2026-06-17,378.9100036621094,-0.03788432424867805,1.286184642945894,0.2861846429458941
2026-06-18,379.3999938964844,0.0012931572923366996,1.2878478819962111,0.28784788199621114
2026-06-22,367.3399963378906,-0.03178702623248908,1.246911027587742,0.24691102758774197
2026-06-23,373.9400024414063,0.01796702283800533,1.2693143064973715,0.26931430649737154
2026-06-24,365.4599914550781,-0.022677464114465584,1.2405294768617996,0.2405294768617996
2026-06-25,352.8299865722656,-0.03455919985256439,1.1976577707479354,0.19765777074793545
2026-06-26,372.9700012207031,0.05708135763656941,1.2660217022862148,0.2660217022862148
2026-06-29,368.5700073242188,-0.011797179081651232,1.2510862175430875,0.25108621754308746
2026-06-30,373.0199890136719,0.012073640288203347,1.2661913825032316,0.2661913825032316
2026-07-01,384.2799987792969,0.030186076074363744,1.304412731900178,0.3044127319001779
2026-07-02,390.489990234375,0.01616006941502235,1.3254921321935238,0.3254921321935238
2026-07-06,386.739990234375,-0.009603319147180267,1.312763008220993,0.3127630082209929
2026-07-07,388.8399963378906,0.0054300205733650575,1.3198913383635855,0.3198913383635855
2026-07-08,383.3399963378906,-0.014144635458798516,1.301221956537207,0.30122195653720696
2026-07-09,384.3599853515625,0.0026607946559606965,1.3046842409653798,0.3046842409653798
2026-07-10,385.1000061035156,0.0019253324491523838,1.3071961918704083,0.30719619187040825
2026-07-13,390.989990234375,0.015294687191659273,1.3271893487231943,0.3271893487231943
2026-07-14,384.9299926757813,-0.01549911176744212,1.3066190926707748,0.3066190926707748
2026-07-15,395.6300048828125,0.027797294081065793,1.3429395678416798,0.3429395678416798
2026-07-16,401.1000061035156,0.013826052506617614,1.3615071208198732,0.36150712081987324
2026-07-17,393.8200073242188,-0.018150083940457473,1.336795652291462,0.3367956522914619
2026-07-20,402.2900085449219,0.021507290292973824,1.3655465044476798,0.3655465044476798
2026-07-21,397.75,-0.011285412136739392,1.3501357493531039,0.3501357493531039
2026-07-22,390.3399963378906,-0.018629801790344125,1.3249829879525978,0.32498298795259783
2026-07-23,381.5799865722656,-0.022441998892785864,1.2952477212040054,0.29524772120400544
2026-07-24,381.7000122070313,0.0003145490827332065,1.2956551401866225,0.29565514018662253
2026-07-27,389.1000061035156,0.019386936494177,1.3207739241077745,0.3207739241077745
2026-07-28,393.3500061035156,0.010922641823010837,1.3352002646099763,0.3352002646099763
2026-07-29,390.5400085449219,-0.007143758777149345,1.3256619160004166,0.3256619160004166
2026-07-30,451.1000061035156,0.15506733300956488,1.531228773786951,0.531228773786951
2026-07-31,464.7200012207031,0.030192850660396786,1.577460935480803,0.5774609354808029
2026-08-03,487.6499938964844,0.049341523101114504,1.6552952606699347,0.6552952606699347
2026-08-04,492.80999755859375,0.010581367223813976,1.6728105476869222,0.6728105476869222
2026-08-05,487.4599914550781,-0.010856123313284671,1.6546503101014696,0.6546503101014696
2026-08-06,499.8599853515625,0.02543797258000624,1.6967412593193296,0.6967412593193296
2026-08-07,499.989990234375,0.0002600825963716691,1.6971825521914243,0.6971825521914243
2026-08-10,506.05999755859375,0.012140257690705702,1.7177867857231979,0.7177867857231979
2026-08-11,503.80999755859375,-0.0044461131305670865,1.7101493113396793,0.7101493113396793
2026-08-12,492.4299926757813,-0.022587890152951817,1.6715206465499923,0.6715206465499923
2026-08-13,496.8800048828125,0.00903684233945734,1.6866259151000125,0.6866259151000125
2026-08-14,495.3999938964844,-0.0029786084603609098,1.6816021168798316,0.6816021168798316
