Date,Close,SMA20,SMA50,SMA200,Bullish Crossover,Bearish Crossover,Crossover Type
2021-08-16,19.950000762939453,,,,False,False,
2021-08-17,19.45800018310547,,,,False,False,
2021-08-18,19.040000915527344,,,,False,False,
2021-08-19,19.79800033569336,,,,False,False,
2021-08-20,20.81599998474121,,,,False,False,
2021-08-23,21.95800018310547,,,,False,False,
2021-08-24,21.792999267578125,,,,False,False,
2021-08-25,22.21299934387207,,,,False,False,
2021-08-26,22.06800079345703,,,,False,False,
2021-08-27,22.63599967956543,,,,False,False,
2021-08-30,22.6879997253418,,,,False,False,
2021-08-31,22.38500022888184,,,,False,False,
2021-09-01,22.44099998474121,,,,False,False,
2021-09-02,22.395999908447266,,,,False,False,
2021-09-03,22.843000411987305,,,,False,False,
2021-09-07,22.66200065612793,,,,False,False,
2021-09-08,22.339000701904297,,,,False,False,
2021-09-09,22.177000045776367,,,,False,False,
2021-09-10,22.47800064086914,,,,False,False,
2021-09-13,22.152000427246094,21.71455020904541,,,False,False,
2021-09-14,22.242000579833984,21.829150199890137,,,False,False,
2021-09-15,22.340999603271484,21.973300170898437,,,False,False,
2021-09-16,22.242000579833984,22.13340015411377,,,False,False,
2021-09-17,21.89999961853028,22.238500118255615,,,False,False,
2021-09-20,21.113000869750977,22.253350162506102,,,False,False,
2021-09-21,21.246000289916992,22.21775016784668,,,False,False,
2021-09-22,21.94099998474121,22.225150203704835,,,False,False,
2021-09-23,22.48200035095215,22.238600254058838,,,False,False,
2021-09-24,22.08099937438965,22.23925018310547,,,False,False,
2021-09-27,21.65999984741211,22.190450191497803,,,False,False,
2021-09-28,20.698999404907227,22.091000175476076,,,False,False,
2021-09-29,20.51700019836425,21.997600173950197,,,False,False,
2021-09-30,20.715999603271484,21.911350154876708,,,False,False,
2021-10-01,20.742000579833984,21.828650188446044,,,False,False,
2021-10-04,19.73200035095215,21.673100185394286,,,False,False,
2021-10-05,20.451000213623047,21.562550163269044,,,False,False,
2021-10-06,20.700000762939453,21.4806001663208,,,False,False,
2021-10-07,21.075000762939453,21.425500202178956,,,False,False,
2021-10-08,20.83099937438965,21.34315013885498,,,False,False,
2021-10-11,20.69499969482422,21.270300102233886,,,False,False,
2021-10-12,20.67099952697754,21.191750049591064,,,False,False,
2021-10-13,20.93899917602539,21.12165002822876,,,False,False,
2021-10-14,21.746000289916992,21.09685001373291,,,False,False,
2021-10-15,21.86199951171875,21.094950008392335,,,False,False,
2021-10-18,22.222000122070312,21.1503999710083,,,False,False,
2021-10-19,22.290000915527344,21.20260000228882,,,False,False,
2021-10-20,22.10300064086914,21.210700035095215,,,False,False,
2021-10-21,22.691999435424805,21.221199989318848,,,False,False,
2021-10-22,22.72599983215332,21.253450012207033,,,False,False,
2021-10-25,23.166000366210938,21.32875003814697,21.60228012084961,,False,False,
2021-10-26,24.71699905395508,21.529650020599366,21.69762008666992,,False,False,
2021-10-27,24.451000213623047,21.726350021362304,21.797480087280274,,False,False,
2021-10-28,24.94099998474121,21.93760004043579,21.91550006866455,,True,False,Bullish
2021-10-29,25.566999435424805,22.178849983215333,22.030880050659178,,False,False,
2021-11-01,25.82699966430664,22.483599948883057,22.131100044250488,,False,False,
2021-11-02,26.400999069213867,22.7810998916626,22.219960021972657,,False,False,
2021-11-03,26.597999572753903,23.07599983215332,22.316060028076173,,False,False,
2021-11-04,29.801000595092773,23.512299823760987,22.467820053100585,,False,False,
2021-11-05,29.75200080871582,23.958349895477294,22.62150005340576,,False,False,
2021-11-08,30.804000854492188,24.463799953460693,22.784860076904298,,False,False,
2021-11-09,30.65699958801269,24.96309995651245,22.944240074157715,,False,False,
2021-11-10,29.458999633789062,25.389099979400633,23.08572006225586,,False,False,
2021-11-11,30.38999938964844,25.821299934387206,23.244700050354005,,False,False,
2021-11-12,30.38999938964844,26.24769992828369,23.40458003997803,,False,False,
2021-11-15,30.02499961853028,26.63784990310669,23.548220024108886,,False,False,
2021-11-16,30.202999114990234,27.033499813079835,23.69903999328613,,False,False,
2021-11-17,29.26099967956543,27.391399765014647,23.837479972839354,,False,False,
2021-11-18,31.674999237060547,27.840549755096436,24.027439956665038,,False,False,
2021-11-19,32.98500061035156,28.353499794006346,24.237579956054688,,False,False,
2021-11-22,31.95599937438965,28.792999744415283,24.433659934997557,,False,False,
2021-11-23,31.746000289916992,29.14444980621338,24.623739929199218,,False,False,
2021-11-24,32.67399978637695,29.555599784851076,24.83039993286133,,False,False,
2021-11-26,31.50300025939941,29.883699798583983,25.015619926452636,,False,False,
2021-11-29,33.375999450683594,30.274149799346922,25.245139923095703,,False,False,
2021-11-30,32.67599868774414,30.616599750518798,25.476399879455567,,False,False,
2021-12-01,31.434999465942383,30.868299770355225,25.680179862976075,,False,False,
2021-12-02,32.125999450683594,31.14469976425171,25.88387985229492,,False,False,
2021-12-03,30.69300079345703,31.18929977416992,26.04809986114502,,False,False,
2021-12-06,30.03700065612793,31.203549766540526,26.207219886779786,,False,False,
2021-12-07,32.426998138427734,31.284699630737304,26.4225598526001,,False,False,
2021-12-08,31.826000213623047,31.343149662017822,26.645099868774412,,False,False,
2021-12-09,30.489999771118164,31.39469966888428,26.84455986022949,,False,False,
2021-12-10,30.19799995422364,31.385099697113038,27.034199867248535,,False,False,
2021-12-13,28.160999298095703,31.2736496925354,27.18257984161377,,False,False,
2021-12-14,28.33699989318848,31.18924970626831,27.354679832458498,,False,False,
2021-12-15,30.458999633789062,31.202049732208252,27.554839820861815,,False,False,
2021-12-16,28.386999130249023,31.15834970474243,27.70857978820801,,False,False,
2021-12-17,27.801000595092773,30.964649772644044,27.843099784851074,,False,False,
2021-12-20,27.7189998626709,30.70134973526001,27.9808597946167,,False,False,
2021-12-21,29.075000762939453,30.5572998046875,28.148459815979002,,False,False,
2021-12-22,29.39999961853028,30.439999771118163,28.32303981781006,,False,False,
2021-12-23,29.63999938964844,30.288299751281738,28.49705982208252,,False,False,
2021-12-27,30.94499969482422,30.260399723052977,28.681039810180664,,False,False,
2021-12-28,30.32200050354004,30.1076997756958,28.850239830017088,,False,False,
2021-12-29,30.0009994506836,29.973949813842772,29.005819816589355,,False,False,
2021-12-30,29.586000442504883,29.8814998626709,29.151739807128905,,False,False,
2021-12-31,29.410999298095703,29.745749855041502,29.297899780273436,,False,False,
2022-01-03,30.121000289916992,29.717149829864503,29.44647979736328,,False,False,
2022-01-04,29.290000915527344,29.679799842834473,29.57775981903076,,False,False,
2022-01-05,27.60400009155273,29.438649940490723,29.666519813537597,,False,True,Bearish
2022-01-06,28.17799949645996,29.25624990463257,29.735739822387696,,False,False,
2022-01-07,27.246999740600582,29.094099903106688,29.791659812927247,,False,False,
2022-01-10,27.39999961853028,28.954199886322023,29.84083980560303,,False,False,
2022-01-11,27.816999435424805,28.936999893188478,29.885839805603027,,False,False,
2022-01-12,27.999000549316406,28.920099925994872,29.929279823303222,,False,False,
2022-01-13,26.575000762939453,28.725899982452393,29.932759857177736,,False,False,
2022-01-14,26.941999435424805,28.65364999771118,29.939639854431153,,False,False,
2022-01-18,25.902999877929688,28.558749961853028,29.86167984008789,,False,False,
2022-01-19,25.066999435424805,28.426149940490724,29.76797981262207,,False,False,
2022-01-20,24.14999961853028,28.179899883270263,29.63489978790283,,False,False,
2022-01-21,23.374000549316406,27.87859992980957,29.489239807128907,,False,False,
2022-01-24,23.371999740600582,27.56519994735718,29.367499809265137,,False,False,
2022-01-25,22.323999404907227,27.134149932861327,29.206179809570312,,False,False,
2022-01-26,22.77199935913086,26.756649875640868,29.05381980895996,,False,False,
2022-01-27,21.944000244140625,26.353799915313722,28.89219982147217,,False,False,
2022-01-28,22.84000015258789,26.01649990081787,28.74493984222412,,False,False,
2022-01-31,24.48600006103516,25.770249938964845,28.649439849853515,,False,False,
2022-02-01,24.63800048828125,25.496099948883057,28.50869987487793,,False,False,
2022-02-02,25.242000579833984,25.293699932098388,28.353839874267578,,False,False,
2022-02-03,23.94799995422364,25.110899925231934,28.193679885864256,,False,False,
2022-02-04,24.319000244140625,24.917949962615968,28.045139884948732,,False,False,
2022-02-07,24.72800064086914,24.792000007629394,27.886219902038576,,False,False,
2022-02-08,25.107999801635746,24.677400016784667,27.7583198928833,,False,False,
2022-02-09,26.70499992370605,24.621800041198732,27.62489990234375,,False,False,
2022-02-10,25.823999404907227,24.51304998397827,27.48785991668701,,False,False,
2022-02-11,23.948999404907227,24.38174991607666,27.338139915466307,,False,False,
2022-02-14,24.26700019836425,24.247999954223634,27.18095993041992,,False,False,
2022-02-15,26.4950008392334,24.277600002288818,27.09699993133545,,False,False,
2022-02-16,26.51099967956543,24.349800014495848,27.0264799118042,,False,False,
2022-02-17,24.506999969482425,24.367650032043457,26.868079948425294,,False,False,
2022-02-18,23.64200019836425,24.381050014495848,26.704399948120116,,False,False,
2022-02-22,23.38999938964844,24.381949996948244,26.56239994049072,,False,False,
2022-02-23,22.386999130249023,24.385099983215333,26.40617992401123,,False,False,
2022-02-24,23.74799919128418,24.433899974823,26.317919921875,,False,False,
2022-02-25,24.15699958801269,24.5445499420166,26.234319915771483,,False,False,
2022-02-28,24.38500022888184,24.6217999458313,26.11283992767334,,False,False,
2022-03-01,23.47699928283692,24.571349906921387,26.014639930725096,,False,False,
2022-03-02,24.21999931335449,24.55044984817505,25.94301990509033,,False,False,
2022-03-03,23.714000701904297,24.474049854278565,25.862919921875,,False,False,
2022-03-04,22.93600082397461,24.423449897766112,25.740139923095704,,False,False,
2022-03-07,21.35199928283692,24.27509984970093,25.579179916381836,,False,False,
2022-03-08,21.513999938964844,24.11439981460571,25.416659927368165,,False,False,
2022-03-09,23.013999938964844,24.009699821472168,25.258039932250977,,False,False,
2022-03-10,22.65800094604492,23.80734987258911,25.104759941101076,,False,False,
2022-03-11,22.100000381469727,23.621149921417235,24.946739959716798,,False,False,
2022-03-14,21.32999992370605,23.490199947357176,24.781619949340822,,False,False,
2022-03-15,22.972999572753903,23.42549991607666,24.652859954833986,,False,False,
2022-03-16,24.496000289916992,23.32554988861084,24.540359954833985,,False,False,
2022-03-17,24.766000747680664,23.238299942016603,24.44987995147705,,False,False,
2022-03-18,26.452999114990234,23.335599899291992,24.4268599319458,,False,False,
2022-03-21,26.733999252319336,23.490199851989747,24.397979927062988,,False,False,
2022-03-22,26.52400016784668,23.646899890899657,24.38351993560791,,False,False,
2022-03-23,25.63400077819824,23.80924997329712,24.34819995880127,,False,False,
2022-03-24,28.14999961853028,24.029349994659423,24.35485996246338,,False,False,
2022-03-25,27.691999435424805,24.20609998703003,24.348719940185546,,False,False,
2022-03-28,28.2189998626709,24.397799968719482,24.381599922180175,,True,False,Bullish
2022-03-29,28.6560001373291,24.656750011444093,24.41587993621826,,False,False,
2022-03-30,27.690000534057617,24.83025007247925,24.45161994934082,,False,False,
2022-03-31,27.285999298095703,25.008850002288817,24.49599994659424,,False,False,
2022-04-01,26.71199989318848,25.19764995574951,24.547239952087402,,False,False,
2022-04-04,27.36000061035156,25.498050022125245,24.626959953308106,,False,False,
2022-04-05,25.93099975585937,25.71890001296997,24.678139953613282,,False,False,
2022-04-06,24.40699958801269,25.788549995422365,24.71979995727539,,False,False,
2022-04-07,24.20800018310547,25.86604995727539,24.74851997375488,,False,False,
2022-04-08,23.11899948120117,25.916999912261964,24.772019958496095,,False,False,
2022-04-11,21.91699981689453,25.946349906921387,24.753559951782226,,False,False,
2022-04-12,21.503999710083008,25.87289991378784,24.693919944763184,,False,False,
2022-04-13,22.202999114990234,25.758249855041505,24.645219917297364,,False,False,
2022-04-14,21.257999420166016,25.582849788665772,24.565539894104003,,False,False,
2022-04-18,21.78300094604492,25.349349880218504,24.522239913940428,,False,False,
2022-04-19,22.19799995422364,25.12254991531372,24.47981990814209,,False,False,
2022-04-20,21.48200035095215,24.870449924468993,24.41489990234375,,False,False,
2022-04-21,20.183000564575195,24.597899913787842,24.31639991760254,,False,False,
2022-04-22,19.51499938964844,24.16614990234375,24.172599906921388,,False,True,Bearish
2022-04-25,19.902000427246094,23.776649951934814,24.054159927368165,,False,False,
2022-04-26,18.788000106811523,23.305099964141846,23.95093994140625,,False,False,
2022-04-27,18.415000915527344,22.793050003051757,23.833899955749512,,False,False,
2022-04-28,19.78199958801269,22.39764995574951,23.6996399307251,,False,False,
2022-04-29,18.54700088500977,21.960700035095215,23.540359954833985,,False,False,
2022-05-02,19.53300094604492,21.601750087738036,23.440879974365235,,False,False,
2022-05-03,19.60199928283692,21.213850021362305,23.360079956054687,,False,False,
2022-05-04,20.333999633789062,20.93400001525879,23.2989599609375,,False,False,
2022-05-05,18.8439998626709,20.6558500289917,23.228099975585938,,False,False,
2022-05-06,18.674999237060547,20.379199981689453,23.126639976501465,,False,False,
2022-05-09,16.950000762939453,20.070750045776368,22.9825,,False,False,
2022-05-10,17.594999313354492,19.854650020599365,22.846699981689454,,False,False,
2022-05-11,16.6299991607666,19.610949993133545,22.709759979248048,,False,False,
2022-05-12,16.174999237060547,19.30954999923706,22.548859977722167,,False,False,
2022-05-13,17.70599937438965,19.131949996948244,22.428699951171875,,False,False,
2022-05-16,17.263999938964844,18.90599994659424,22.31525993347168,,False,False,
2022-05-17,18.177000045776367,18.704949951171876,22.25175994873047,,False,False,
2022-05-18,16.937999725341797,18.47774991989136,22.16023994445801,,False,False,
2022-05-19,17.124000549316406,18.324799919128417,22.04243995666504,,False,False,
2022-05-20,16.694000244140625,18.183749961853028,21.923159942626953,,False,False,
2022-05-23,16.898000717163086,18.033549976348876,21.81911994934082,,False,False,
2022-05-24,16.15399932861328,17.901849937438964,21.715599937438967,,False,False,
2022-05-25,16.975000381469727,17.829849910736083,21.595639953613283,,False,False,
2022-05-26,17.85099983215332,17.733299922943115,21.462739944458008,,False,False,
2022-05-27,18.81100082397461,17.746499919891356,21.343639945983888,,False,False,
2022-05-31,18.67200088500977,17.7034499168396,21.188019981384276,24.220919961929322,False,False,
2022-06-01,18.31999969482422,17.639349937438965,21.019739990234374,24.212769956588744,False,False,
2022-06-02,19.59199905395508,17.602249908447266,20.881099967956544,24.213439950942995,False,False,
2022-06-03,18.71999931335449,17.596049880981447,20.742819938659668,24.21183994293213,False,False,
2022-06-06,18.785999298095703,17.601599884033202,20.555539932250976,24.20677993774414,False,False,
2022-06-07,18.926000595092773,17.70039987564087,20.380219955444336,24.1973299407959,False,False,
2022-06-08,18.64800071716309,17.7530499458313,20.18879997253418,24.180779943466188,False,False,
2022-06-09,18.04800033569336,17.823950004577636,19.976639976501467,24.162054948806762,False,False,
2022-06-10,16.974000930786133,17.863900089263915,19.762319984436036,24.13585995674133,False,False,
2022-06-13,15.647000312805176,17.760950136184693,19.529540004730226,24.103754954338072,False,False,
2022-06-14,15.836000442504885,17.689550161361694,19.312020015716552,24.06975495815277,False,False,
2022-06-15,16.527000427246094,17.60705018043518,19.095360012054446,24.038949961662293,False,False,
2022-06-16,15.60099983215332,17.540200185775756,18.888760013580324,24.00502995967865,False,False,
2022-06-17,15.880000114440918,17.478000164031982,18.718220024108888,23.97222496032715,False,False,
2022-06-21,16.56599998474121,17.471600151062013,18.565380020141603,23.943074960708618,False,False,
2022-06-22,16.360000610351562,17.444700145721434,18.43020004272461,23.91065996170044,False,False,
2022-06-23,16.225000381469727,17.448250198364256,18.316360054016116,23.87847496032715,False,False,
2022-06-24,17.125999450683594,17.455800151824953,18.228800048828127,23.852409954071046,False,False,
2022-06-27,16.868999481201172,17.406700134277344,18.122120056152347,23.82586995124817,False,False,
2022-06-28,15.982000350952148,17.26525011062622,18.016600074768068,23.793389949798584,False,False,
2022-06-29,15.541999816894531,17.10875005722046,17.891780052185062,23.760339946746825,False,False,
2022-06-30,15.159000396728516,16.950700092315675,17.751000061035157,23.724924945831297,False,False,
2022-07-01,14.52299976348877,16.69725012779236,17.611820049285893,23.685834946632387,False,False,
2022-07-05,14.96399974822998,16.509450149536132,17.507440032958986,23.649444942474364,False,False,
2022-07-06,15.130000114440918,16.326650190353394,17.419740047454837,23.61559494495392,False,False,
2022-07-07,15.857999801635742,16.17325015068054,17.33886003494263,23.589319939613343,False,False,
2022-07-08,15.838000297546388,16.032750129699707,17.279860038757327,23.56227993965149,False,False,
2022-07-11,15.152000427246094,15.887950134277343,17.2146000289917,23.528334941864014,False,False,
2022-07-12,15.08199977874756,15.793350076675415,17.120600032806397,23.49133493900299,False,False,
2022-07-13,15.163999557495115,15.769200038909911,17.052940006256105,23.456749939918517,False,False,
2022-07-14,15.371999740600586,15.746000003814697,16.969719982147218,23.425309939384462,False,False,
2022-07-15,15.76200008392334,15.70774998664856,16.89291999816895,23.40062494277954,False,False,
2022-07-18,16.10099983215332,15.73274998664856,16.808260002136233,23.378544940948487,False,False,
2022-07-19,16.992000579833984,15.788350009918213,16.771220016479493,23.3599249458313,False,False,
2022-07-20,17.80699920654297,15.8503999710083,16.753860015869144,23.345249938964844,False,False,
2022-07-21,18.049999237060547,15.93489990234375,16.775859985351566,23.336839933395385,False,False,
2022-07-22,17.319000244140625,15.989599895477294,16.770340003967288,23.321179933547974,False,False,
2022-07-25,17.02400016784668,15.98449993133545,16.77822002410889,23.302799930572508,False,False,
2022-07-26,16.533000946044922,15.967700004577637,16.785380058288577,23.280089931488035,False,False,
2022-07-27,17.790000915527344,16.058100032806397,16.787060089111332,23.264884939193724,False,False,
2022-07-28,17.983999252319336,16.180200004577635,16.80146007537842,23.2513299369812,False,False,
2022-07-29,18.163000106811523,16.330399990081787,16.801180076599124,23.23878993988037,False,False,
2022-08-01,18.44099998474121,16.52630000114441,16.83124008178711,23.22629994392395,False,False,
2022-08-02,18.525999069213867,16.704399967193602,16.85928005218506,23.210199937820434,False,False,
2022-08-03,18.89299964904785,16.89254994392395,16.903260040283204,23.19535493850708,False,False,
2022-08-04,19.21500015258789,17.060399961471557,16.9496000289917,23.180319938659668,True,False,Bullish
2022-08-05,18.98900032043457,17.217949962615968,17.006300048828127,23.163814935684204,False,False,
2022-08-08,17.792999267578125,17.34999990463257,17.022660026550295,23.14226492881775,False,False,
2022-08-09,17.086000442504883,17.450199937820436,17.007360038757326,23.11423493385315,False,False,
2022-08-10,18.097000122070312,17.596849966049195,16.99308002471924,23.091089935302733,False,False,
2022-08-11,17.941999435424805,17.725349950790406,16.97847999572754,23.064969930648804,False,False,
2022-08-12,18.708999633789062,17.87269992828369,16.986259994506835,23.034929933547975,False,False,
2022-08-15,19.03199958801269,18.01924991607666,16.975060005187988,23.00783493041992,False,False,
2022-08-16,18.878999710083008,18.113599872589113,16.97824001312256,22.97752492904663,False,False,
2022-08-17,18.334999084472656,18.139999866485596,16.969220008850098,22.941364927291872,False,False,
2022-08-18,18.77300071716309,18.176149940490724,16.966160011291503,22.90609493255615,False,False,
2022-08-19,17.849000930786133,18.202649974822997,16.950180015563966,22.863334941864014,False,False,
2022-08-22,17.034000396728516,18.20314998626709,16.929900016784668,22.815514945983885,False,False,
2022-08-23,17.180999755859375,18.235549926757812,16.934039993286135,22.75241494178772,False,False,
2022-08-24,17.222000122070312,18.20714988708496,16.965539989471434,22.689764938354493,False,False,
2022-08-25,17.913000106811523,18.20359992980957,17.007079982757567,22.625309934616087,False,False,
2022-08-26,16.260000228881836,18.108449935913086,17.001739978790283,22.553324937820435,False,False,
2022-08-29,15.800999641418455,17.976449918746948,17.005739974975587,22.485034937858583,False,False,
2022-08-30,15.468000411987305,17.82354998588562,16.997499980926513,22.410424942970277,False,False,
2022-08-31,15.093999862670898,17.633599996566772,16.96805997848511,22.33394494533539,False,False,
2022-09-01,13.937000274658203,17.36970000267029,16.91959997177124,22.253504948616026,False,False,
2022-09-02,13.647000312805176,17.102600002288817,16.86803997039795,22.170724954605102,False,False,
2022-09-06,13.46500015258789,16.886200046539308,16.794819984436035,22.091744956970214,False,False,
2022-09-07,13.71399974822998,16.71760001182556,16.73171998977661,22.001939959526062,False,True,Bearish
2022-09-08,13.989999771118164,16.512249994277955,16.69187997817993,21.906964955329894,False,False,
2022-09-09,14.38700008392334,16.33450002670288,16.66877998352051,21.819119958877565,False,False,
2022-09-12,14.505000114440918,16.124300050735474,16.655699977874757,21.732914958000183,False,False,
2022-09-13,13.130999565124512,15.829250049591064,16.62785997390747,21.63519995689392,False,False,
2022-09-14,13.128000259399414,15.541700077056884,16.59113998413086,21.543324956893922,False,False,
2022-09-15,12.928999900817873,15.271400117874146,16.547119979858397,21.44108995914459,False,False,
2022-09-16,13.197999954223633,14.992650079727174,16.493919982910157,21.34369996547699,False,False,
2022-09-19,13.381999969482422,14.769300031661988,16.444799976348875,21.25343496799469,False,False,
2022-09-20,13.175999641418455,14.576399993896484,16.405279960632324,21.158684968948364,False,False,
2022-09-21,13.26099967956543,14.380399990081788,16.36885995864868,21.071524963378906,False,False,
2022-09-22,12.560999870300291,14.147349977493286,16.316799964904785,20.984144959449768,False,False,
2022-09-23,12.515999794006348,13.877499961853028,16.2596799659729,20.88458996772766,False,False,
2022-09-26,12.227999687194824,13.675899934768676,16.18899995803833,20.78659996509552,False,False,
2022-09-27,12.413000106811523,13.50649995803833,16.115239963531494,20.696214966773987,False,False,
2022-09-28,12.736000061035156,13.369899940490722,16.030119953155516,20.608904967308046,False,False,
2022-09-29,12.220000267028809,13.226199960708618,15.918379974365234,20.52919997215271,False,False,
2022-09-30,12.138999938964844,13.13629994392395,15.80015998840332,20.44820997238159,False,False,
2022-10-03,12.51200008392334,13.079549932479859,15.704019985198975,20.358474974632262,False,False,
2022-10-04,13.166999816894531,13.06464991569519,15.626879978179932,20.28237497806549,False,False,
2022-10-05,13.208999633789062,13.039399909973145,15.560399951934814,20.209414973258973,False,False,
2022-10-06,13.130000114440918,12.996399927139283,15.467199935913087,20.136469974517823,False,False,
2022-10-07,12.076000213623049,12.880849933624267,15.34903995513916,20.051474971771242,False,False,
2022-10-10,11.670000076293944,12.739099931716918,15.219179954528808,19.96282497406006,False,False,
2022-10-11,11.586000442504885,12.661849975585938,15.082079963684082,19.87255497932434,False,False,
2022-10-12,11.5,12.580449962615967,14.941559982299804,19.77532998085022,False,False,
2022-10-13,11.960000038146973,12.531999969482422,14.802899990081787,19.683519978523254,False,False,
2022-10-14,11.22700023651123,12.433449983596802,14.643139991760254,19.589649982452393,False,False,
2022-10-17,11.887999534606934,12.358749961853027,14.501119976043702,19.501159977912902,False,False,
2022-10-18,11.967000007629396,12.298299980163574,14.384599990844727,19.413939981460572,False,False,
2022-10-19,12.050999641418455,12.237799978256225,14.283899974822997,19.323589978218077,False,False,
2022-10-20,12.194000244140623,12.219449996948242,14.165839977264405,19.238109974861146,False,False,
2022-10-21,12.465999603271484,12.2169499874115,14.056319980621337,19.162419972419737,False,False,
2022-10-24,12.598999977111816,12.235500001907349,13.934119987487794,19.084524974822997,False,False,
2022-10-25,13.26099967956543,12.277899980545044,13.818699989318848,19.014594974517824,False,False,
2022-10-26,12.895999908447266,12.285899972915649,13.699039993286133,18.942074975967408,False,False,
2022-10-27,13.175999641418455,12.333699941635132,13.595860004425049,18.868869976997374,False,False,
2022-10-28,13.833999633789062,12.418449926376343,13.497079982757569,18.79804497241974,False,False,
2022-10-31,13.496999740600586,12.467699909210205,13.410039958953858,18.732654967308044,False,False,
2022-11-01,13.54300022125244,12.486499929428101,13.340219955444336,18.665659971237183,False,False,
2022-11-02,13.218999862670898,12.486999940872192,13.260979957580567,18.602239971160888,False,False,
2022-11-03,13.42099952697754,12.501549911499023,13.184959945678711,18.544009971618653,False,False,
2022-11-04,14.156000137329102,12.605549907684326,13.109819946289063,18.494039974212647,False,False,
2022-11-07,14.300999641418455,12.737099885940552,13.070639934539795,18.448674969673156,False,False,
2022-11-08,14.60200023651123,12.88789987564087,13.04665994644165,18.40482497215271,False,False,
2022-11-09,13.776000022888184,13.001699876785278,13.012819938659668,18.362084975242613,False,False,
2022-11-10,15.75,13.19119987487793,13.02593994140625,18.32697497844696,True,False,Bullish
2022-11-11,16.32699966430664,13.4461998462677,13.073739929199219,18.29888997554779,False,False,
2022-11-14,16.295000076293945,13.66654987335205,13.126699924468994,18.26616497516632,False,False,
2022-11-15,16.666000366210938,13.901499891281128,13.190719928741455,18.2270649766922,False,False,
2022-11-16,15.90999984741211,14.094449901580811,13.234639930725098,18.183424973487853,False,False,
2022-11-17,15.677000045776367,14.268599891662598,13.268379936218262,18.135599970817566,False,False,
2022-11-18,15.409000396728516,14.41574993133545,13.288819942474365,18.09290497303009,False,False,
2022-11-21,15.31700038909912,14.551649951934815,13.305059947967527,18.047894973754882,False,False,
2022-11-22,16.038000106811523,14.690499973297118,13.36319995880127,18.004444971084595,False,False,
2022-11-23,16.518999099731445,14.871649932861327,13.43101993560791,17.961499967575072,False,False,
2022-11-25,16.270000457763672,15.026349973678588,13.497839946746826,17.90932497024536,False,False,
2022-11-28,15.82699966430664,15.125999975204468,13.550419940948487,17.859339971542358,False,False,
2022-11-29,15.638999938964844,15.233099985122681,13.595559940338134,17.817789974212648,False,False,
2022-11-30,16.92300033569336,15.402099990844727,13.670499954223633,17.781069974899292,False,False,
2022-12-01,17.135000228881836,15.597900009155273,13.74797996520996,17.734269971847535,False,False,
2022-12-02,16.875999450683594,15.770650005340576,13.834279956817626,17.686094970703124,False,False,
2022-12-05,16.610000610351562,15.8933500289917,13.91615997314453,17.64660997390747,False,False,
2022-12-06,15.987000465393066,15.97765007019043,13.991339988708496,17.608334975242613,False,False,
2022-12-07,16.1200008392334,16.05355010032654,14.065480003356933,17.57198498249054,False,False,
2022-12-08,17.16900062561035,16.223200130462647,14.154140014648437,17.545894989967348,False,False,
2022-12-09,17.000999450683594,16.285750102996825,14.249759998321533,17.512159991264344,False,False,
2022-12-12,17.53499984741211,16.3461501121521,14.357679996490479,17.47904999256134,False,False,
2022-12-13,18.07200050354004,16.435000133514404,14.468880004882813,17.44748499393463,False,False,
2022-12-14,17.673999786376953,16.485400104522704,14.559020004272462,17.41846999645233,False,False,
2022-12-15,16.95199966430664,16.53750009536743,14.633880004882812,17.38212999820709,False,False,
2022-12-16,16.570999145507812,16.582200050354004,14.70269998550415,17.34641499042511,False,False,
2022-12-19,16.253999710083008,16.62445001602173,14.78625997543335,17.313004984855652,False,False,
2022-12-20,16.084999084472656,16.662849950790406,14.874559955596924,17.28666998386383,False,False,
2022-12-21,16.500999450683594,16.68599991798401,14.972859935760498,17.261604981422423,False,False,
2022-12-22,15.33899974822998,16.626999950408937,15.049639930725098,17.22322998046875,False,False,
2022-12-23,15.206000328063965,16.57379994392395,15.114559936523438,17.185969977378846,False,False,
2022-12-27,14.121000289916992,16.48849997520447,15.172439937591554,17.14607497692108,False,False,
2022-12-28,14.03600025177002,16.408349990844727,15.215399951934815,17.1096049785614,False,False,
2022-12-29,14.602999687194824,16.2923499584198,15.268119945526124,17.067754979133607,False,False,
2022-12-30,14.61400032043457,16.166299962997435,15.319379959106445,17.018344979286194,False,False,
2023-01-03,14.3149995803833,16.038249969482422,15.361799945831299,16.96608997344971,False,False,
2023-01-04,14.74899959564209,15.945199918746948,15.407459945678712,16.907569975852965,False,False,
2023-01-05,14.265000343322754,15.859099912643433,15.440779953002929,16.845224981307982,False,False,
2023-01-06,14.859000205993652,15.796049880981446,15.472739963531494,16.786899981498717,False,False,
2023-01-09,15.628000259399414,15.718999862670898,15.527379970550538,16.736869978904725,False,False,
2023-01-10,15.909000396728516,15.664399909973145,15.582039985656738,16.675664982795716,False,False,
2023-01-11,16.000999450683594,15.587699890136719,15.625379981994628,16.61720998287201,False,True,Bearish
2023-01-12,16.51099967956543,15.509649848937988,15.685659980773925,16.55866998195648,False,False,
2023-01-13,16.89900016784668,15.470899868011475,15.75277997970581,16.49988498210907,False,False,
2023-01-17,17.70199966430664,15.508399868011475,15.842439975738525,16.449944977760314,False,False,
2023-01-18,17.37700080871582,15.548699951171875,15.92156000137329,16.400399985313417,False,False,
2023-01-19,16.764999389648438,15.574249935150146,15.973739986419679,16.350664982795717,False,False,
2023-01-20,17.839000701904297,15.661950016021729,16.044500007629395,16.30305998325348,False,False,
2023-01-23,19.19300079345703,15.796550083160401,16.13632001876831,16.26936998844147,False,False,
2023-01-24,19.26499938964844,15.992850065231323,16.246100006103514,16.243659987449647,False,False,
2023-01-25,19.32299995422364,16.198700046539308,16.31756000518799,16.21923498630524,False,False,
2023-01-26,19.802000045776367,16.482750034332277,16.387060012817383,16.202649989128112,True,False,Bullish
2023-01-27,20.364999771118164,16.799200010299682,16.46846000671387,16.19488998889923,False,False,
2023-01-30,19.16200065612793,17.027150058746336,16.518380012512207,16.183179993629455,False,False,
2023-01-31,19.53700065612793,17.273300075531004,16.590920028686522,16.169850001335146,False,False,
2023-02-01,20.94300079345703,17.604700136184693,16.696240043640138,16.1682750082016,False,False,
2023-02-02,21.708999633789062,17.95270013809204,16.822240028381348,16.16790500164032,False,False,
2023-02-03,21.100000381469727,18.29445013999939,16.93790002822876,16.16241500377655,False,False,
2023-02-06,21.089000701904297,18.605950164794923,17.038920040130616,16.16045000553131,False,False,
2023-02-07,22.17300033569336,18.93320016860962,17.152000064849855,16.170400004386902,False,False,
2023-02-08,22.20499992370605,19.248000144958496,17.2707000541687,16.18385000705719,False,False,
2023-02-09,22.33699989318848,19.56480016708374,17.400900058746338,16.1960250043869,False,False,
2023-02-10,21.26499938964844,19.80250015258789,17.51342004776001,16.208410000801088,False,False,
2023-02-13,21.788000106811523,20.046950149536134,17.610720043182372,16.225274996757506,False,False,
2023-02-14,22.97100067138672,20.310400199890136,17.72744005203247,16.241220002174376,False,False,
2023-02-15,22.763999938964844,20.57975015640259,17.845200061798096,16.262304997444154,False,False,
2023-02-16,22.00200080871582,20.841600227355958,17.953040065765382,16.274649996757507,False,False,
2023-02-17,21.38800048828125,21.019050216674806,18.061060066223146,16.283580002784728,False,False,
2023-02-21,20.655000686645508,21.09215021133423,18.151760063171388,16.285185008049012,False,False,
2023-02-22,20.753999710083008,21.166600227355957,18.22346004486084,16.29473500728607,False,False,
2023-02-23,23.66399955749512,21.38365020751953,18.35672004699707,16.319680008888245,False,False,
2023-02-24,23.285999298095703,21.5578501701355,18.471740036010743,16.351360001564025,False,False,
2023-02-27,23.5009994506836,21.71465015411377,18.580320014953614,16.38089000225067,False,False,
2023-02-28,23.215999603271484,21.917350101470948,18.691160011291505,16.413820004463197,False,False,
2023-03-01,22.69799995422364,22.075400066375735,18.806080017089844,16.44643500804901,False,False,
2023-03-02,23.31399917602539,22.193949985504155,18.940940017700196,16.47447500705719,False,False,
2023-03-03,23.88999938964844,22.302999973297123,19.093660011291504,16.50760500431061,False,False,
2023-03-06,23.554000854492188,22.425699996948246,19.243040046691895,16.534490008354187,False,False,
2023-03-07,23.288000106811523,22.535649967193606,19.378780059814453,16.566240010261534,False,False,
2023-03-08,24.18099975585937,22.636049938201907,19.55562005996704,16.60152500629425,False,False,
2023-03-09,23.43600082397461,22.697599983215333,19.720220069885254,16.63523500919342,False,False,
2023-03-10,22.96500015258789,22.728999996185305,19.897100067138673,16.665570006370544,False,False,
2023-03-13,22.965999603271484,22.81405000686646,20.075700054168703,16.699630007743835,False,False,
2023-03-14,24.0629997253418,22.927799987792973,20.26490005493164,16.735070004463196,False,False,
2023-03-15,24.22800064086914,22.990649986267094,20.45718006134033,16.766955008506773,False,False,
2023-03-16,25.541000366210938,23.129500007629396,20.681700077056885,16.800605006217957,False,False,
2023-03-17,25.725000381469727,23.315649986267093,20.90122009277344,16.835870003700258,False,False,
2023-03-20,25.89999961853028,23.541249942779544,21.133920078277587,16.873770003318786,False,False,
2023-03-21,26.198999404907227,23.81844987869263,21.360720062255858,16.906805005073547,False,False,
2023-03-22,26.468000411987305,24.104149913787843,21.577520065307617,16.94554501056671,False,False,
2023-03-23,27.19099998474121,24.28049993515015,21.80316005706787,16.98757001399994,False,False,
2023-03-24,26.77899932861328,24.45514993667603,22.018720054626463,17.026835007667543,False,False,
2023-03-27,26.5310001373291,24.606649971008302,22.219120063781737,17.06625000476837,False,False,
2023-03-28,26.40999984741211,24.766349983215335,22.409340057373047,17.108060002326965,False,False,
2023-03-29,26.983999252319336,24.980649948120117,22.5949800491333,17.15810999393463,False,False,
2023-03-30,27.382999420166016,25.18409996032715,22.795100021362305,17.216789989471437,False,False,
2023-03-31,27.777000427246094,25.378450012207033,23.015340042114257,17.276494989395143,False,False,
2023-04-03,27.96500015258789,25.598999977111816,23.21786003112793,17.33368498802185,False,False,
2023-04-04,27.452999114990234,25.80724992752075,23.383059997558593,17.392944984436035,False,False,
2023-04-05,26.881000518798828,25.942249965667724,23.535380020141602,17.447949986457825,False,False,
2023-04-06,27.03700065612793,26.12229995727539,23.68966003417969,17.500304989814758,False,False,
2023-04-10,27.57900047302246,26.35299997329712,23.84520004272461,17.556399989128114,False,False,
2023-04-11,27.16900062561035,26.563150024414064,23.981280059814452,17.611119990348815,False,False,
2023-04-12,26.4950008392334,26.684750080108643,24.12794006347656,17.657964997291565,False,False,
2023-04-13,26.46299934387207,26.79650001525879,24.266460037231447,17.70593499660492,False,False,
2023-04-14,26.757999420166016,26.857349967956544,24.382760009765626,17.75981499195099,False,False,
2023-04-17,27.00200080871582,26.921199989318847,24.48862003326416,17.817114996910096,False,False,
2023-04-18,27.66699981689453,27.00954999923706,24.619960021972656,17.879654994010924,False,False,
2023-04-19,27.93099975585937,27.09615001678467,24.756800003051758,17.946694993972777,False,False,
2023-04-20,27.10400009155273,27.12795000076294,24.855419998168944,18.007394995689392,False,False,
2023-04-21,27.11899948120117,27.124349975585936,24.95369998931885,18.067339992523195,False,False,
2023-04-24,27.04199981689453,27.1375,25.04779998779297,18.123259992599486,False,False,
2023-04-25,26.24099922180176,27.122999954223634,25.147319984436034,18.175274987220764,False,False,
2023-04-26,26.95599937438965,27.15029993057251,25.250679969787598,18.23429498195648,False,False,
2023-04-27,27.22599983215332,27.16239995956421,25.33577995300293,18.29501498222351,False,False,
2023-04-28,27.749000549316406,27.180700016021728,25.43547996520996,18.35793998718262,False,False,
2023-05-01,28.90999984741211,27.23734998703003,25.573639945983885,18.425629987716675,False,False,
2023-05-02,28.209999084472656,27.249599933624268,25.710079917907716,18.48786998271942,False,False,
2023-05-03,27.802000045776367,27.267049980163574,25.85301990509033,18.546374983787537,False,False,
2023-05-04,27.562000274658203,27.301099967956542,25.989179916381836,18.599224982261656,False,False,
2023-05-05,28.68000030517578,27.383249950408935,26.08949993133545,18.65358998775482,False,False,
2023-05-08,29.150999069213867,27.461849880218505,26.206799926757814,18.709094986915588,False,False,
2023-05-09,28.57099914550781,27.53194980621338,26.308199920654296,18.765354981422423,False,False,
2023-05-10,28.88500022888184,27.651449775695802,26.421579933166505,18.8246599817276,False,False,
2023-05-11,28.577999114990234,27.75719976425171,26.539179916381837,18.884884972572326,False,False,
2023-05-12,28.34000015258789,27.8362998008728,26.639699935913086,18.937634968757628,False,False,
2023-05-15,28.952999114990234,27.933849716186522,26.740959930419923,18.992479968070985,False,False,
2023-05-16,29.21299934387207,28.0111496925354,26.85413990020752,19.047729964256288,False,False,
2023-05-17,30.17799949645996,28.12349967956543,26.991939888000488,19.10641496181488,False,False,
2023-05-18,31.67799949645996,28.352199649810792,27.1418798828125,19.17217496395111,False,False,
2023-05-19,31.263999938964844,28.559449672698975,27.298439865112304,19.234029965400694,False,False,
2023-05-22,31.176000595092773,28.766149711608886,27.4626598739624,19.293834967613222,False,False,
2023-05-23,30.6879997253418,28.98849973678589,27.61709987640381,19.352329964637757,False,False,
2023-05-24,30.538000106811523,29.167599773406984,27.746599884033202,19.416054968833922,False,False,
2023-05-25,37.97999954223633,29.70529975891113,28.021639862060546,19.52052496433258,False,False,
2023-05-26,38.94599914550781,30.265149688720705,28.289739837646483,19.624769959449768,False,False,
2023-05-30,40.11100006103516,30.825199699401857,28.577459831237793,19.73561496257782,False,False,
2023-05-31,37.83399963378906,31.306399726867674,28.81613983154297,19.83123996257782,False,False,
2023-06-01,39.77000045776367,31.90479974746704,29.087559852600098,19.934929966926575,False,False,
2023-06-02,39.32699966430664,32.493049716949464,29.344739837646486,20.037169966697693,False,False,
2023-06-05,39.17100143432617,33.017599773406985,29.584339866638185,20.14134997844696,False,False,
2023-06-06,38.65399932861328,33.492749786376955,29.821839866638182,20.240754971504213,False,False,
2023-06-07,37.47499847412109,33.93794975280762,30.040719833374023,20.338884959220888,False,False,
2023-06-08,38.5099983215332,34.41919965744019,30.282719802856445,20.44626494884491,False,False,
2023-06-09,38.77000045776367,34.92879972457886,30.51843982696533,20.55420995235443,False,False,
2023-06-12,39.48199844360352,35.48589963912964,30.760419807434083,20.665509943962096,False,False,
2023-06-13,41.02199935913086,36.08934965133667,31.025319786071776,20.781054940223694,False,False,
2023-06-14,42.99700164794922,36.77854976654053,31.325959815979004,20.91473994731903,False,False,
2023-06-15,42.65299987792969,37.40229978561401,31.629959831237795,21.04899994850159,False,False,
2023-06-16,42.69200134277344,37.952999877929685,31.946179847717286,21.185119953155517,False,False,
2023-06-20,43.80799865722656,38.580199813842775,32.281599807739255,21.328689947128296,False,False,
2023-06-21,43.04499816894531,39.1736496925354,32.590919761657716,21.47422993659973,False,False,
2023-06-22,43.025001525878906,39.79049978256226,32.908039779663085,21.6211199426651,False,False,
2023-06-23,42.20899963378906,40.374049758911134,33.222319755554196,21.764839940071106,False,False,
2023-06-26,40.63199996948242,40.506649780273435,33.50569976806641,21.899429941177367,False,False,
2023-06-27,41.8759994506836,40.65314979553223,33.808059768676756,22.038859939575197,False,False,
2023-06-28,41.117000579833984,40.70344982147217,34.09035976409912,22.17250994205475,False,False,
2023-06-29,40.821998596191406,40.85284976959228,34.35345973968506,22.3040949344635,False,False,
2023-06-30,42.30199813842773,40.97944965362549,34.640879707336424,22.449949927330017,False,False,
2023-07-03,42.41299819946289,41.1337495803833,34.94705966949463,22.596374917030335,False,False,
2023-07-05,42.31700134277344,41.291049575805665,35.251019706726076,22.743314924240114,False,False,
2023-07-06,42.10300064086914,41.46349964141846,35.55223972320557,22.88783992767334,False,False,
2023-07-07,42.50299835205078,41.71489963531494,35.87747970581054,23.03344491958618,False,False,
2023-07-10,42.18000030517578,41.89839973449707,36.18195972442627,23.17846492290497,False,False,
2023-07-11,42.40499877929688,42.08014965057373,36.48553970336914,23.324184918403624,False,False,
2023-07-12,43.902000427246094,42.30114974975586,36.808599700927736,23.480889921188353,False,False,
2023-07-13,45.97700119018555,42.5488998413086,37.149939727783206,23.64819492816925,False,False,
2023-07-14,45.46900177001953,42.67249984741211,37.49511978149414,23.814399938583374,False,False,
2023-07-17,46.46099853515625,42.86289978027344,37.86829975128174,23.9846399307251,False,False,
2023-07-18,47.49399948120117,43.102999687194824,38.2669397354126,24.158429927825928,False,False,
2023-07-19,47.07699966430664,43.266449737548825,38.634879722595215,24.33271492481232,False,False,
2023-07-20,45.52000045776367,43.39019985198975,38.96225975036621,24.49961992740631,False,False,
2023-07-21,44.30899810791016,43.45439968109131,39.27701972961426,24.658604917526244,False,False,
2023-07-24,44.61199951171875,43.57454967498779,39.591559715270996,24.815829916000368,False,False,
2023-07-25,45.67900085449219,43.826899719238284,39.933579750061035,24.97817992210388,False,False,
2023-07-26,45.45199966430664,44.005699729919435,40.27581974029541,25.13978991985321,False,False,
2023-07-27,45.900001525878906,44.24484977722168,40.61475978851318,25.30890992641449,False,False,
2023-07-28,46.75,44.54124984741211,40.965499801635744,25.48430992603302,False,False,
2023-07-31,46.729000091552734,44.76259994506836,41.2965198135376,25.66002492427826,False,False,
2023-08-01,46.50699996948242,44.96730003356934,41.59309982299805,25.835059924125673,False,False,
2023-08-02,44.26900100708008,45.06490001678467,41.853199844360354,25.99660492897034,False,False,
2023-08-03,44.51499938964844,45.18549995422363,42.119979820251466,26.163044924736024,False,False,
2023-08-04,44.68000030517578,45.29435005187988,42.39981983184814,26.327004928588867,False,False,
2023-08-07,45.41699981689453,45.45620002746582,42.6973998260498,26.494254927635193,False,False,
2023-08-08,44.66400146484375,45.56915016174317,42.83107986450195,26.65731993675232,False,False,
2023-08-09,42.55400085449219,45.50175018310547,42.90323989868164,26.809119939804077,False,False,
2023-08-10,42.38800048828125,45.32230014801026,42.948779907226566,26.958729944229127,False,False,
2023-08-11,40.85499954223633,45.091600036621095,43.009199905395505,27.100009942054747,False,False,
2023-08-14,43.75299835205078,44.95620002746582,43.08885986328125,27.252469935417174,False,False,
2023-08-15,43.93999862670898,44.77849998474121,43.1811198425293,27.407689929008484,False,False,
2023-08-16,43.48600006103516,44.59895000457764,43.26741981506348,27.559239931106568,False,False,
2023-08-17,43.34400177001953,44.49015007019043,43.3612198638916,27.70678994178772,False,False,
2023-08-18,43.29899978637695,44.43965015411377,43.47769989013672,27.855799942016603,False,False,
2023-08-21,46.96699905395508,44.557400131225585,43.64683990478515,28.022919936180116,False,False,
2023-08-22,45.667999267578125,44.556850051879884,43.784799880981446,28.18516493320465,False,False,
2023-08-23,47.11600112915039,44.64005012512207,43.937479934692384,28.353639941215516,False,False,
2023-08-24,47.16299819946289,44.70319995880127,44.06029991149902,28.518674931526185,False,False,
2023-08-25,46.01800155639648,44.66660003662109,44.12071990966797,28.677259941101074,False,False,
2023-08-28,46.834999084472656,44.67189998626709,44.20435989379883,28.838424935340882,False,False,
2023-08-29,48.78400039672852,44.785750007629396,44.32619987487793,29.013464937210085,False,False,
2023-08-30,49.26399993896485,45.03549995422363,44.435319900512695,29.181034936904908,False,False,
2023-08-31,49.35499954223633,45.277499961853025,44.561519927978516,29.346174936294556,False,False,
2023-09-01,48.50899887084961,45.46894989013672,44.67119987487793,29.507244930267333,False,False,
2023-09-05,48.54800033569336,45.62549991607666,44.79797988891602,29.666654930114746,False,False,
2023-09-06,47.06100082397461,45.7453498840332,44.926559906005856,29.82240993499756,False,False,
2023-09-07,46.24100112915039,45.92969989776611,45.0138599395752,29.97522994041443,False,False,
2023-09-08,45.571998596191406,46.088899803161624,45.102959899902345,30.126044931411744,False,False,
2023-09-11,45.178001403808594,46.305049896240234,45.19007995605469,30.27534993648529,False,False,
2023-09-12,44.869998931884766,46.360899925231934,45.241439971923825,30.41950993061066,False,False,
2023-09-13,45.48500061035156,46.438150024414064,45.3028800201416,30.56433993816376,False,False,
2023-09-14,45.58100128173828,46.54290008544922,45.3681600189209,30.71089494228363,False,False,
2023-09-15,43.900001525878906,46.570700073242186,45.404100036621095,30.85125995159149,False,False,
2023-09-18,43.96599960327149,46.60405006408691,45.43336006164551,30.992894949913026,False,False,
2023-09-19,43.52000045776367,46.43170013427734,45.46016006469726,31.125879950523377,False,False,
2023-09-20,42.23899841308594,46.260250091552734,45.45684005737305,31.251399941444397,False,False,
2023-09-21,41.016998291015625,45.955299949646,45.39914001464844,31.372104935646057,False,False,
2023-09-22,41.61000061035156,45.67765007019043,45.31180000305176,31.497104935646057,False,False,
2023-09-25,42.22200012207031,45.48784999847412,45.24685997009277,31.628279933929445,False,False,
2023-09-26,41.9109992980957,45.24165000915527,45.15585998535156,31.757234926223756,False,False,
2023-09-27,42.46799850463867,44.92584991455078,45.05533996582031,31.883729915618897,False,True,Bearish
2023-09-28,43.0890007019043,44.61709995269776,44.975579986572264,32.014169921875,False,False,
2023-09-29,43.499000549316406,44.32430000305176,44.93515998840332,32.143989925384524,False,False,
2023-10-02,44.78200149536133,44.13795013427735,44.944620056152345,32.27753993034363,False,False,
2023-10-03,43.516998291015625,43.886400032043454,44.92272003173828,32.406754922866824,False,False,
2023-10-04,44.04100036621094,43.73540000915527,44.889960021972655,32.54219992637634,False,False,
2023-10-05,44.6879997253418,43.65774993896484,44.874680023193356,32.68278492927551,False,False,
2023-10-06,45.762001037597656,43.667250061035155,44.87192001342773,32.83032493591308,False,False,
2023-10-09,45.27299880981445,43.67199993133545,44.84237998962402,32.97626493453979,False,False,
2023-10-10,45.79800033569336,43.71840000152588,44.82375999450684,33.122749938964844,False,False,
2023-10-11,46.805999755859375,43.78444995880127,44.82973999023437,33.28008493900299,False,False,
2023-10-12,46.94499969482422,43.85264987945557,44.88325996398926,33.43877993583679,False,False,
2023-10-13,45.46099853515625,43.93069972991943,44.902179946899416,33.59547992706299,False,False,
2023-10-16,46.095001220703125,44.037149810791014,44.93047996520996,33.75577493190765,False,False,
2023-10-17,43.9379997253418,44.05804977416992,44.900899963378905,33.90244993209839,False,False,
2023-10-18,42.19599914550781,44.05589981079102,44.85153991699219,34.04035992622376,False,False,
2023-10-19,42.10100173950195,44.110099983215335,44.842479934692385,34.17928993701935,False,False,
2023-10-20,41.387001037597656,44.09895000457764,44.82245994567871,34.312479944229125,False,False,
2023-10-23,42.97499847412109,44.136599922180174,44.864859924316406,34.45602993488312,False,False,
2023-10-24,43.66299819946289,44.22419986724854,44.86305992126465,34.60004992485047,False,False,
2023-10-25,41.77899932861328,44.18974990844727,44.81983993530273,34.73080492019653,False,False,
2023-10-26,40.32600021362305,44.0515998840332,44.75663993835449,34.852889919281004,False,False,
2023-10-27,40.5,43.90164985656738,44.6997599029541,34.97538492202759,False,False,
2023-10-30,41.1609992980957,43.7205997467041,44.65699989318848,35.09863492012024,False,False,
2023-10-31,40.77999877929688,43.583749771118164,44.533259887695316,35.21803991317749,False,False,
2023-11-01,42.32500076293945,43.49794979095459,44.46639991760254,35.341154918670654,False,False,
2023-11-02,43.50600051879883,43.43884983062744,44.39419990539551,35.47179991722107,False,False,
2023-11-03,45.005001068115234,43.40099983215332,44.35103996276855,35.6129999256134,False,False,
2023-11-06,45.7509994506836,43.424899864196775,44.3456999206543,35.7525599193573,False,False,
2023-11-07,45.95500183105469,43.43274993896485,44.328099975585936,35.886369924545285,False,False,
2023-11-08,46.57400131225586,43.421150016784665,44.28389999389648,36.02291493415832,False,False,
2023-11-09,46.95000076293945,43.42140007019043,44.23762001037598,36.161049938201906,False,False,
2023-11-10,48.334999084472656,43.56510009765625,44.2172200012207,36.30371493339538,False,False,
2023-11-13,48.619998931884766,43.69134998321533,44.21944000244141,36.44498992919922,False,False,
2023-11-14,49.65599822998047,43.97724990844726,44.24159996032715,36.597459917068484,False,False,
2023-11-15,48.88800048828125,44.311849975585936,44.278139953613284,36.74421491622925,True,False,Bullish
2023-11-16,49.47999954223633,44.680799865722655,44.342919921875,36.886899909973145,False,False,
2023-11-17,49.29800033569336,45.07634983062744,44.41743995666504,37.02484491348267,False,False,
2023-11-20,50.40900039672852,45.44804992675781,44.52205993652344,37.17138991355896,False,False,
2023-11-21,49.94400024414063,45.762100028991696,44.623539962768554,37.31566491127014,False,False,
2023-11-22,48.71599960327149,46.10895004272461,44.68815994262695,37.44837990760803,False,False,
2023-11-24,47.7760009765625,46.48145008087158,44.732059936523434,37.576234912872316,False,False,
2023-11-27,48.242000579833984,46.86855010986328,44.818899917602536,37.70575991630554,False,False,
2023-11-28,47.82099914550781,47.20155010223389,44.895999908447266,37.83853991508484,False,False,
2023-11-29,48.13999938964844,47.569550132751466,44.98839988708496,37.970299911499026,False,False,
2023-11-30,46.77000045776367,47.79180011749268,45.079019927978514,38.08929491043091,False,False,
2023-12-01,46.76499938964844,47.954750061035156,45.19397994995117,38.209299907684326,False,False,
2023-12-04,45.5099983215332,47.97999992370605,45.271979904174806,38.32683989524841,False,False,
2023-12-05,46.56600189208984,48.02075004577637,45.3588599395752,38.45272990226746,False,False,
2023-12-06,45.50299835205078,47.99814987182617,45.4306999206543,38.576969890594484,False,False,
2023-12-07,46.59600067138672,47.99924983978271,45.513259963989256,38.706179895401,False,False,
2023-12-08,47.50600051879883,48.02704982757568,45.60159996032715,38.82538990020752,False,False,
2023-12-11,46.62699890136719,47.94164981842041,45.66415992736816,38.94209489822388,False,False,
2023-12-12,47.65700149536133,47.89349994659424,45.721659927368165,39.06287490844726,False,False,
2023-12-13,48.0880012512207,47.81510009765625,45.81307998657226,39.18723491668701,False,False,
2023-12-14,48.34999847412109,47.788199996948244,45.89925994873047,39.3154949092865,False,False,
2023-12-15,48.88999938964844,47.75869998931885,45.9832999420166,39.44337491035461,False,False,
2023-12-18,50.07699966430664,47.79764995574951,46.06959991455078,39.57430991172791,False,False,
2023-12-19,49.604000091552734,47.75739994049072,46.156219940185544,39.70455990791321,False,False,
2023-12-20,48.11100006103516,47.66574993133545,46.202479934692384,39.828674907684324,False,False,
2023-12-21,48.9900016784668,47.679450035095215,46.24615997314453,39.952719917297365,False,False,
2023-12-22,48.83000183105469,47.732150077819824,46.28386001586914,40.07968992233276,False,False,
2023-12-26,49.27899932861328,47.78400001525879,46.36022003173828,40.21125991821289,False,False,
2023-12-27,49.41699981689453,47.863800048828125,46.42666000366211,40.343514919281006,False,False,
2023-12-28,49.52199935913086,47.93290004730225,46.53833999633789,40.47080991744995,False,False,
2023-12-29,49.52199935913086,48.07049999237061,46.68486000061035,40.59727991104126,False,False,
2024-01-02,48.167999267578125,48.14064998626709,46.80619995117188,40.7104149055481,False,False,
2024-01-03,47.56900024414063,48.243600082397464,46.92983993530274,40.81963490486145,False,False,
2024-01-04,47.99800109863281,48.31520004272461,47.03029998779297,40.93012491226196,False,False,
2024-01-05,49.09700012207031,48.494900131225585,47.138980026245115,41.04461491584778,False,False,
2024-01-08,52.25299835205078,48.77775001525879,47.348460006713864,41.1735399055481,False,False,
2024-01-09,53.13999938964844,49.05944995880127,47.60473999023438,41.303284902572635,False,False,
2024-01-10,54.34999847412109,49.44559993743896,47.881739959716796,41.44113989830017,False,False,
2024-01-11,54.821998596191406,49.80384979248047,48.15495994567871,41.582594890594486,False,False,
2024-01-12,54.709999084472656,50.134949684143066,48.43355995178223,41.72409488677979,False,False,
2024-01-16,56.38199996948242,50.536549758911136,48.71469993591309,41.8710848903656,False,False,
2024-01-17,56.053001403808594,50.89469985961914,48.965639953613284,42.01443490028382,False,False,
2024-01-18,57.10699844360352,51.24619979858399,49.20767990112304,42.1610848903656,False,False,
2024-01-19,59.49100112915039,51.740549850463864,49.482479934692385,42.31871489524841,False,False,
2024-01-22,59.65399932861328,52.31769981384277,49.756459884643554,42.47971989631653,False,False,
2024-01-23,59.87300109863281,52.861849784851074,50.022439880371095,42.644679899215696,False,False,
2024-01-24,61.36199951171875,53.48844966888428,50.31067985534668,42.81630489349365,False,False,
2024-01-25,61.617000579833984,54.105349731445315,50.57631988525391,42.98649489402771,False,False,
2024-01-26,61.03099822998047,54.68604965209961,50.82453987121582,43.15580488204956,False,False,
2024-01-29,62.46500015258789,55.333199691772464,51.08071990966797,43.33565487861633,False,False,
2024-01-30,62.77399826049805,55.99579963684082,51.3584398651123,43.51720987319946,False,False,
2024-01-31,61.527000427246094,56.66374969482422,51.5993798828125,43.691054878234866,False,False,
2024-02-01,63.027000427246094,57.43664970397949,51.873959884643554,43.87117987632752,False,False,
2024-02-02,66.16000366210938,58.34474983215332,52.188979949951175,44.06364489555359,False,False,
2024-02-05,69.33200073242188,59.3564998626709,52.5767399597168,44.2706499004364,False,False,
2024-02-06,68.2229995727539,60.15499992370606,52.96687995910644,44.476244897842406,False,False,
2024-02-07,70.0989990234375,61.00294990539551,53.413339920043946,44.69114489555359,False,False,
2024-02-08,69.64099884033203,61.767499923706055,53.84131988525391,44.90413989067078,False,False,
2024-02-09,72.13300323486328,62.63305015563965,54.32755996704102,45.13359991073608,False,False,
2024-02-12,72.24800109863281,63.50995025634766,54.809720001220704,45.3600599193573,False,False,
2024-02-13,72.12799835205078,64.29725017547608,55.316879959106444,45.584569911956784,False,False,
2024-02-14,73.9000015258789,65.18960018157959,55.859580001831056,45.8153249168396,False,False,
2024-02-15,72.65799713134766,65.9671501159668,56.40253997802734,46.03406490325928,False,False,
2024-02-16,72.61299896240234,66.6232500076294,56.923479919433596,46.25607990264893,False,False,
2024-02-20,69.4520034790039,67.11315021514892,57.40246002197266,46.464329919815064,False,False,
2024-02-21,67.47200012207031,67.4931001663208,57.81998001098633,46.66387991905212,False,False,
2024-02-22,78.53800201416016,68.35190029144287,58.440620040893556,46.913169927597046,False,False,
2024-02-23,78.81700134277344,69.21190032958984,59.08442008972168,47.161499938964845,False,False,
2024-02-26,79.09200286865234,70.11495056152344,59.7131201171875,47.41410495758057,False,False,
2024-02-27,78.70099639892578,70.92675037384033,60.3253800201416,47.66318493843079,False,False,
2024-02-28,77.66300201416016,71.67120056152343,60.911640090942385,47.90860995292664,False,False,
2024-02-29,79.11199951171875,72.55045051574707,61.51608009338379,48.16246994972229,False,False,
2024-03-01,82.27899932861328,73.51305046081544,62.16012008666992,48.4290999507904,False,False,
2024-03-04,85.23699951171875,74.4669002532959,62.872780075073244,48.70921995162964,False,False,
2024-03-05,85.96399688720703,75.29850006103516,63.62984001159668,48.988149938583376,False,False,
2024-03-06,88.69999694824219,76.32234992980958,64.42403991699219,49.27325992584228,False,False,
2024-03-07,92.66899871826172,77.45084991455079,65.30081985473633,49.58028491973877,False,False,
2024-03-08,87.52799987792969,78.34519996643067,66.06579986572265,49.86204491615295,False,False,
2024-03-11,85.77400207519531,79.02724990844726,66.79293991088868,50.13747492790222,False,False,
2024-03-12,91.91300201416016,80.01049995422363,67.64075996398925,50.444349937438965,False,False,
2024-03-13,90.88800048828124,80.94850006103516,68.46807998657226,50.708889942169186,False,False,
2024-03-14,87.94400024414062,81.65069999694825,69.26360000610352,50.95387994766235,False,False,
2024-03-15,87.83699798583984,82.40965003967285,70.0689599609375,51.192509937286374,False,False,
2024-03-18,88.45500183105469,83.20175018310547,70.87809997558594,51.445614948272706,False,False,
2024-03-19,89.39800262451172,84.19905014038086,71.68412002563477,51.69375495910644,False,False,
2024-03-20,90.37200164794922,85.3440502166748,72.44650009155274,51.948979969024656,False,False,
2024-03-21,91.43499755859376,85.98889999389648,73.21240005493163,52.21029994964599,False,False,
2024-03-22,94.28900146484376,86.7625,74.0111801147461,52.488474960327146,False,False,
2024-03-25,95.0019989013672,87.55799980163575,74.8147801208496,52.77610996246338,False,False,
2024-03-26,92.56099700927734,88.25099983215333,75.5718000793457,53.0463649559021,False,False,
2024-03-27,90.25,88.8803497314453,76.24916007995606,53.30376495361328,False,False,
2024-03-28,90.3560028076172,89.44254989624024,76.93522010803223,53.55813497543335,False,False,
2024-04-01,90.36299896240234,89.84674987792968,77.6003401184082,53.80483997344971,False,False,
2024-04-02,89.4520034790039,90.05750007629395,78.19956016540527,54.03711498260498,False,False,
2024-04-03,88.96399688720703,90.20750007629394,78.78576011657715,54.26866996765137,False,False,
2024-04-04,85.90499877929688,90.06775016784668,79.30640007019043,54.48473495483398,False,False,
2024-04-05,88.00800323486328,89.83470039367675,79.83932014465331,54.705734977722166,False,False,
2024-04-08,87.13300323486328,89.81495056152343,80.3496401977539,54.92617500305176,False,False,
2024-04-09,85.35399627685547,89.79395027160645,80.83610015869141,55.13781997680664,False,False,
2024-04-10,87.03900146484375,89.55025024414063,81.32758018493652,55.36196998596191,False,False,
2024-04-11,90.61599731445312,89.53665008544922,81.88442016601563,55.61188997268677,False,False,
2024-04-12,88.18599700927734,89.54874992370605,82.41760009765625,55.843439960479735,False,False,
2024-04-15,86.0009994506836,89.45694999694824,82.877080078125,56.067859954833985,False,False,
2024-04-16,87.41500091552734,89.40494995117187,83.30218002319336,56.30082496643067,False,False,
2024-04-17,84.03500366210938,89.13680000305176,83.59624008178712,56.50948999404907,False,False,
2024-04-18,84.6709976196289,88.85174980163575,83.92520004272461,56.720779991149904,False,False,
2024-04-19,76.19999694824219,88.08999977111816,84.04722000122071,56.890194969177244,False,False,
2024-04-22,79.51799774169922,87.35144958496093,84.24475997924804,57.0772699546814,False,False,
2024-04-23,82.4229965209961,86.72249946594238,84.4505598449707,57.27686994552612,False,False,
2024-04-24,79.677001953125,86.07829971313477,84.59913986206055,57.46435495376587,False,False,
2024-04-25,82.63200378417969,85.69739990234375,84.80921997070313,57.66548997879028,False,False,
2024-04-26,87.73500061035156,85.56634979248047,85.08591995239257,57.88465497970581,False,False,
2024-04-29,87.75700378417969,85.43605003356933,85.38790008544922,58.093554992675784,False,False,
2024-04-30,86.4020004272461,85.28354988098144,85.6636801147461,58.298219985961914,False,True,Bearish
2024-05-01,83.04100036621094,84.98740005493164,85.93546005249023,58.48111999511719,False,False,
2024-05-02,85.81700134277344,84.98300018310547,86.3023600769043,58.67273500442505,False,False,
2024-05-03,88.78900146484375,85.0220500946045,86.50738006591797,58.88129501342773,False,False,
2024-05-06,92.13999938964844,85.27239990234375,86.77384002685547,59.11439500808716,False,False,
2024-05-07,90.5540008544922,85.53240013122559,87.00307998657226,59.34562002182007,False,False,
2024-05-08,90.41200256347656,85.70105018615723,87.23730010986328,59.57462003707886,False,False,
2024-05-09,88.74700164794922,85.60760040283203,87.45898010253906,59.78996004104614,False,False,
2024-05-10,89.87799835205078,85.6922004699707,87.6743000793457,60.012090034484864,False,False,
2024-05-13,90.39900207519533,85.9121006011963,87.83670013427735,60.23458503723145,False,False,
2024-05-14,91.3560028076172,86.10915069580079,87.95908020019532,60.45761505126953,False,False,
2024-05-15,94.62999725341795,86.63890037536622,88.13240020751954,60.69712003707886,False,False,
2024-05-16,94.35900115966795,87.12330055236816,88.24558029174804,60.936380043029786,False,False,
2024-05-17,92.47899627685548,87.93725051879883,88.24178024291992,61.17743001937866,False,False,
2024-05-20,94.77999877929688,88.70035057067872,88.38682022094727,61.4287550163269,True,False,Bullish
2024-05-21,95.38600158691406,89.34850082397462,88.57906021118164,61.6822850227356,False,False,
2024-05-22,94.9499969482422,90.11215057373047,88.63980010986329,61.92995000839233,False,False,
2024-05-23,103.79900360107422,91.1705005645752,88.89802017211915,62.22562501907348,False,False,
2024-05-24,106.46900177001952,92.10720062255861,89.26852020263672,62.54520002365112,False,False,
2024-05-28,113.9010009765625,93.41440048217774,89.78980026245117,62.90276502609253,False,False,
2024-05-29,114.8249969482422,94.83555030822755,90.31720016479493,63.27261501312256,False,False,
2024-05-30,110.5,96.208500289917,90.73924011230469,63.6063500213623,False,False,
2024-05-31,109.63300323486328,97.3993003845215,91.12446014404297,63.934815044403074,False,False,
2024-06-03,115.0,98.70985031127931,91.5957601928711,64.2923850440979,False,False,
2024-06-04,116.43699645996094,99.92470016479493,92.03872009277343,64.6578500175476,False,False,
2024-06-05,122.44000244140624,101.51900024414063,92.58748016357421,65.05355503082275,False,False,
2024-06-06,120.9980010986328,103.04830017089844,93.15622024536133,65.42371004104615,False,False,
2024-06-07,120.88800048828124,104.65535011291504,93.76898025512695,65.79981004714966,False,False,
2024-06-10,121.79000091552734,106.25095024108887,94.39766021728515,66.17318004608154,False,False,
2024-06-11,120.91000366210938,107.77650032043456,95.0086003112793,66.54191507339478,False,False,
2024-06-12,125.1999969482422,109.46870002746581,95.72356018066407,66.93782505035401,False,False,
2024-06-13,129.61000061035156,111.2177001953125,96.53648025512695,67.3517000579834,False,False,
2024-06-14,131.8800048828125,113.09375038146973,97.45598037719726,67.76718008041382,False,False,
2024-06-17,130.97999572753906,115.0188003540039,98.31542022705078,68.17576005935669,False,False,
2024-06-18,135.5800018310547,117.0588005065918,99.28436019897461,68.60688507080079,False,False,
2024-06-20,130.77999877929688,118.82850036621093,100.19288024902343,69.01824007034301,False,False,
2024-06-21,126.56999969482422,120.40950050354004,100.98350021362305,69.40835006713867,False,False,
2024-06-24,118.11000061035156,121.1250503540039,101.53338027954102,69.76359506607055,False,False,
2024-06-25,126.08999633789062,122.10610008239746,102.29146026611328,70.16284004211425,False,False,
2024-06-26,126.4000015258789,122.73105010986328,103.09944030761719,70.5669800567627,False,False,
2024-06-27,123.98999786376952,123.18930015563964,103.83094024658203,70.9610400390625,False,False,
2024-06-28,123.54000091552734,123.84130020141602,104.6210401916504,71.35439004898072,False,False,
2024-07-01,124.3000030517578,124.57465019226075,105.41362030029296,71.74846506118774,False,False,
2024-07-02,122.66999816894533,124.95815010070801,106.34302032470703,72.13391004562378,False,False,
2024-07-03,128.27999877929688,125.5503002166748,107.31826034545898,72.55581003189087,False,False,
2024-07-05,125.83000183105467,125.71980018615723,108.18640045166016,72.96513004302979,False,False,
2024-07-08,128.1999969482422,126.0798999786377,109.1568603515625,73.38853002548218,False,False,
2024-07-09,131.3800048828125,126.60450019836426,110.13182037353516,73.83423505783081,False,False,
2024-07-10,134.91000366210938,127.26050033569337,111.07532043457032,74.30370008468628,False,False,
2024-07-11,127.4000015258789,127.58500022888184,111.8681803894043,74.73265008926391,False,False,
2024-07-12,129.24000549316406,127.78700065612793,112.72494049072266,75.16774011611939,False,False,
2024-07-15,128.44000244140625,127.72850074768067,113.63292053222656,75.60038513183594,False,False,
2024-07-16,126.36000061035156,127.45250053405762,114.44378051757812,76.0198451423645,False,False,
2024-07-17,117.98999786376952,126.80300064086914,115.02780044555664,76.39435012817383,False,False,
2024-07-18,121.08999633789062,126.07850036621093,115.60680038452148,76.7823051071167,False,False,
2024-07-19,117.93000030517578,125.43600044250488,116.15432037353516,77.14804510116578,False,False,
2024-07-22,123.54000091552734,125.28450050354004,116.81688034057618,77.54816011428834,False,False,
2024-07-23,122.58999633789062,125.508500289917,117.493740234375,77.94090509414673,False,False,
2024-07-24,114.25,124.91650047302247,117.98118026733398,78.28871509552002,False,False,
2024-07-25,112.27999877929688,124.21050033569335,118.41880020141602,78.62130508422851,False,False,
2024-07-26,113.05999755859376,123.66400032043457,118.85288009643554,78.96024007797241,False,False,
2024-07-29,111.58999633789062,123.06650009155274,119.192080078125,79.2892000579834,False,False,
2024-07-30,103.7300033569336,122.03800010681152,119.37950012207031,79.57382007598876,False,False,
2024-07-31,117.0199966430664,121.75550003051758,119.87032012939453,79.92419506072999,False,False,
2024-08-01,109.20999908447266,120.80200004577637,120.15892013549805,80.24294006347657,False,False,
2024-08-02,107.2699966430664,119.87399978637696,120.3966000366211,80.54881504058838,False,True,Bearish
2024-08-05,100.4499969482422,118.48649978637695,120.5066000366211,80.83137502670289,False,False,
2024-08-06,104.25,117.12999954223633,120.51561996459961,81.14164503097534,False,False,
2024-08-07,98.91000366210938,115.32999954223632,120.36444000244141,81.42569004058838,False,False,
2024-08-08,104.97000122070312,114.20849952697753,120.18582000732422,81.74360504150391,False,False,
2024-08-09,104.75,112.98399925231934,119.98432006835938,82.0524800491333,False,False,
2024-08-12,109.0199966430664,112.01299896240235,119.9547200012207,82.37926504135132,False,False,
2024-08-13,116.13999938964844,111.50199890136719,120.0848599243164,82.75107004165649,False,False,
2024-08-14,118.08000183105467,111.50649909973144,120.1464599609375,83.13984004974365,False,False,
2024-08-15,122.86000061035156,111.59499931335449,120.27492004394531,83.5516400527954,False,False,
2024-08-16,124.58000183105467,111.92749938964843,120.31772003173828,83.96873506546021,False,False,
2024-08-19,130.0,112.25049934387206,120.49776000976563,84.41483507156372,False,False,
2024-08-20,127.25,112.48349952697754,120.625,84.83946006774903,False,False,
2024-08-21,128.5,113.19599952697754,120.75919998168945,85.26443006515503,False,False,
2024-08-22,123.73999786376952,113.76899948120118,120.81579986572265,85.6581050491333,False,False,
2024-08-23,129.3699951171875,114.58449935913086,120.89919982910156,86.07620002746582,False,False,
2024-08-26,126.45999908447266,115.32799949645997,120.83619979858399,86.47872501373291,False,False,
2024-08-27,128.3000030517578,116.55649948120117,120.76459976196288,86.88735502243043,False,False,
2024-08-28,125.61000061035156,116.98599967956542,120.65719985961914,87.28065502166749,False,False,
2024-08-29,117.58999633789062,117.40499954223633,120.29739974975585,87.62693000793458,False,False,
2024-08-30,119.37000274658205,118.0099998474121,120.06919982910156,87.98068002700806,False,False,
2024-09-03,108.0,118.3875,119.69779983520507,88.27240003585815,False,False,
2024-09-04,106.20999908447266,118.48549995422363,119.4597998046875,88.55901002883911,False,False,
2024-09-05,107.20999908447266,118.9004997253418,119.08219985961914,88.84766002655029,False,False,
2024-09-06,102.83000183105467,118.79349975585937,118.61079986572265,89.11532003402709,True,False,Bullish
2024-09-09,106.47000122070312,118.87949981689454,118.26039993286133,89.39562503814697,False,False,
2024-09-10,108.0999984741211,118.83349990844727,117.9515998840332,89.68640502929688,False,False,
2024-09-11,116.91000366210938,118.87200012207032,117.80379989624024,90.02737504959106,False,False,
2024-09-12,119.13999938964844,118.925,117.7331999206543,90.3841950416565,False,False,
2024-09-13,119.0999984741211,118.73699989318848,117.54959991455078,90.73848503112794,False,False,
2024-09-16,116.77999877929688,118.34699974060058,117.36859985351562,91.08328002929687,False,False,
2024-09-17,115.58999633789062,117.62649955749512,117.11639984130859,91.42053001403809,False,False,
2024-09-18,113.37000274658205,116.93249969482422,116.75619979858398,91.75353002548218,False,False,
2024-09-19,117.87000274658205,116.40099983215332,116.41539978027343,92.10905504226685,False,True,Bearish
2024-09-20,116.0,116.01399993896484,116.18739974975585,92.46150505065918,False,False,
2024-09-23,116.26000213623048,115.35850028991699,115.92779968261719,92.80997505187989,False,False,
2024-09-24,120.87000274658205,115.07900047302246,115.7763996887207,93.18681007385254,False,False,
2024-09-25,123.51000213623048,114.8395004272461,115.71939971923828,93.57138008117676,False,False,
2024-09-26,124.04000091552734,114.76100044250488,115.84039978027344,93.9540500831604,False,False,
2024-09-27,121.4000015258789,114.9515007019043,115.8465998840332,94.32791509628296,False,False,
2024-09-30,121.44000244140624,115.05500068664551,115.91679992675782,94.69683010101318,False,False,
2024-10-01,117.0,115.5050006866455,115.78599990844727,95.04139009475708,False,False,
2024-10-02,118.8499984741211,116.13700065612792,115.71119995117188,95.39389009475708,True,False,Bullish
2024-10-03,122.8499984741211,116.91900062561035,115.88319992065429,95.76369009017944,False,False,
2024-10-04,124.91999816894533,118.02350044250488,116.13599990844726,96.13790508270263,False,False,
2024-10-07,127.72000122070312,119.08600044250488,116.42919998168945,96.52848508834839,False,False,
2024-10-08,132.88999938964844,120.32550048828125,116.8552000427246,96.95238008499146,False,False,
2024-10-09,132.64999389648438,121.1125,117.43359985351563,97.37068004608155,False,False,
2024-10-10,134.80999755859375,121.89599990844727,117.78939987182618,97.80058002471924,False,False,
2024-10-11,134.8000030517578,122.68100013732911,118.30119995117188,98.22818504333496,False,False,
2024-10-14,138.07000732421875,123.7455005645752,118.91720016479492,98.67145008087158,False,False,
2024-10-15,131.60000610351562,124.54600105285644,119.5402003479004,99.0818401145935,False,False,
2024-10-16,135.72000122070312,125.6635009765625,120.16960037231445,99.51283012390137,False,False,
2024-10-17,136.92999267578125,126.61650047302246,120.9300001525879,99.95664009094239,False,False,
2024-10-18,138.0,127.71650047302246,121.59060012817383,100.40879508972168,False,False,
2024-10-21,143.7100067138672,129.0890007019043,122.36980026245118,100.88735511779785,False,False,
2024-10-22,143.58999633789062,130.22500038146973,123.06120025634766,101.35982009887695,False,False,
2024-10-23,139.55999755859375,131.0275001525879,123.52960021972656,101.79635509490967,False,False,
2024-10-24,140.41000366210938,131.846000289917,123.97620025634765,102.23270511627197,False,False,
2024-10-25,141.5399932861328,132.85299987792968,124.34980010986328,102.66865509033204,False,False,
2024-10-28,140.52000427246094,133.80699996948243,124.6686001586914,103.09714511871339,False,False,
2024-10-29,141.25,135.0194999694824,124.89360015869141,103.52984512329101,False,False,
2024-10-30,139.33999633789062,136.0439998626709,125.13540008544922,103.94463510513306,False,False,
2024-10-31,132.75999450683594,136.53949966430665,125.22059997558594,104.3281700706482,False,False,
2024-11-01,135.39999389648438,137.0634994506836,125.45379989624024,104.7196350479126,False,False,
2024-11-04,136.0500030517578,137.47999954223633,125.58740005493163,105.10243005752564,False,False,
2024-11-05,139.91000366210938,137.83099975585938,125.85640014648438,105.50371007919311,False,False,
2024-11-06,145.61000061035156,138.47900009155273,126.20260009765624,105.9323950767517,False,False,
2024-11-07,148.8800048828125,139.18250045776367,126.66800018310546,106.36998510360718,False,False,
2024-11-08,147.6300048828125,139.8240005493164,127.2688003540039,106.80005012512207,False,False,
2024-11-11,145.25999450683594,140.18349990844726,127.78660018920898,107.22119510650634,False,False,
2024-11-12,148.2899932861328,141.01799926757812,128.59240005493163,107.65032007217407,False,False,
2024-11-13,146.27000427246094,141.545499420166,129.3936001586914,108.06780010223389,False,False,
2024-11-14,146.75999450683594,142.03699951171876,130.18460006713866,108.49396507263184,False,False,
2024-11-15,141.97999572753906,142.2359992980957,130.96759994506837,108.8887300491333,False,False,
2024-11-18,140.14999389648438,142.05799865722656,131.64119979858398,109.25868000030518,False,False,
2024-11-19,147.00999450683594,142.22899856567383,132.41939971923827,109.64706996917725,False,False,
2024-11-20,145.88999938964844,142.54549865722657,132.99899963378905,110.03540496826172,False,False,
2024-11-21,146.6699981689453,142.85849838256837,133.549599609375,110.41825996398926,False,False,
2024-11-22,141.9499969482422,142.87899856567384,134.00659957885742,110.77980495452881,False,False,
2024-11-25,136.02000427246094,142.65399856567382,134.3913996887207,111.0992399597168,False,False,
2024-11-26,136.9199981689453,142.4374984741211,134.8179997253418,111.42259994506836,False,False,
2024-11-27,135.33999633789062,142.23749847412108,135.25739959716796,111.73865993499756,False,False,
2024-11-29,138.25,142.5119987487793,135.66499954223633,112.06040992736817,False,False,
2024-12-02,138.6300048828125,142.6734992980957,136.11759963989257,112.39026996612549,False,False,
2024-12-03,140.25999450683594,142.8839988708496,136.59759948730468,112.72850494384765,False,False,
2024-12-04,145.13999938964844,143.14549865722657,137.082999420166,113.10694492340087,False,False,
2024-12-05,145.05999755859375,143.11799850463868,137.5139993286133,113.4948849105835,False,False,
2024-12-06,142.44000244140625,142.79599838256837,137.88199935913087,113.81439491271972,False,False,
2024-12-09,138.80999755859375,142.35499801635743,138.23019927978515,114.11435989379883,False,False,
2024-12-10,135.07000732421875,141.84549865722656,138.50279937744142,114.39424991607666,False,False,
2024-12-11,139.30999755859375,141.3964988708496,138.94899932861327,114.697294921875,False,False,
2024-12-12,137.33999633789062,140.9499984741211,139.31879928588867,114.99567989349366,False,False,
2024-12-13,134.25,140.3244987487793,139.54679931640624,115.27136989593505,False,False,
2024-12-16,132.0,139.82549896240235,139.68839935302734,115.519974899292,False,False,
2024-12-17,130.38999938964844,139.33749923706054,139.74179931640626,115.74573989868163,False,True,Bearish
2024-12-18,128.91000366210938,138.43249969482423,139.66219940185547,115.96046993255615,False,False,
2024-12-19,130.67999267578125,137.67199935913087,139.6227993774414,116.17036991119384,False,False,
2024-12-20,134.6999969482422,137.0734992980957,139.62059936523437,116.38052490234375,False,False,
2024-12-23,139.6699981689453,136.95949935913086,139.71799926757814,116.64123489379882,False,False,
2024-12-24,140.22000122070312,137.16949920654298,139.7609991455078,116.91346488952637,False,False,
2024-12-26,139.92999267578125,137.31999893188475,139.9275988769531,117.15354984283448,False,False,
2024-12-27,137.00999450683594,137.40349884033202,139.95339874267577,117.38415981292725,False,False,
2024-12-30,137.49000549316406,137.36549911499023,139.96459899902345,117.63188983917236,False,False,
2024-12-31,134.2899932861328,137.14849853515625,139.8903988647461,117.86415481567383,False,False,
2025-01-02,138.30999755859375,137.05099868774414,139.78239868164061,118.11342979431153,False,False,
2025-01-03,144.47000122070312,137.0174987792969,139.79999877929689,118.38878978729248,False,False,
2025-01-06,149.42999267578125,137.23599853515626,139.99739868164062,118.68407974243163,False,False,
2025-01-07,140.13999938964844,137.12099838256836,139.9919985961914,118.92760475158691,False,False,
2025-01-08,140.11000061035156,137.18599853515624,139.9633987426758,119.15670974731445,False,False,
2025-01-10,135.91000366210938,137.22799835205078,139.87119873046876,119.36124977111817,False,False,
2025-01-13,133.22999572753906,136.92399826049805,139.71079864501954,119.56459476470947,False,False,
2025-01-14,131.75999450683594,136.6449981689453,139.55919860839845,119.77214473724365,False,False,
2025-01-15,136.24000549316406,136.7444984436035,139.628798828125,120.00156475067139,False,False,
2025-01-16,133.57000732421875,136.82299880981446,139.59219909667968,120.21759979248047,False,False,
2025-01-17,137.7100067138672,137.1889991760254,139.62539916992188,120.45888980865479,False,False,
2025-01-21,140.8300018310547,137.78499908447264,139.64379913330077,120.71821983337402,False,False,
2025-01-22,147.07000732421875,138.60449981689453,139.67299926757812,121.02404487609863,False,False,
2025-01-23,147.22000122070312,139.2305000305176,139.63979919433595,121.32010486602783,False,False,
2025-01-24,142.6199951171875,139.37799987792968,139.53959899902344,121.59753982543945,False,False,
2025-01-27,118.41999816894533,138.2879997253418,139.00279907226562,121.7628698348999,False,False,
2025-01-28,128.99000549316406,137.74100036621093,138.61679931640626,121.9726248550415,False,False,
2025-01-29,123.6999969482422,137.07550048828125,138.16539916992187,122.13804485321045,False,False,
2025-01-30,124.6500015258789,136.433500289917,137.72319931030273,122.32036487579346,False,False,
2025-01-31,120.06999969482422,135.72250061035157,137.28499938964845,122.49070987701415,False,False,
2025-02-03,116.66000366210938,134.64000091552734,136.81519958496094,122.63693489074707,False,False,
2025-02-04,118.6500015258789,133.34900093078613,136.2479997253418,122.81000988006592,False,False,
2025-02-05,124.83000183105467,132.1190013885498,135.82679977416993,123.01080490112305,False,False,
2025-02-06,128.67999267578125,131.54600105285644,135.46699966430663,123.27320487976074,False,False,
2025-02-07,129.83999633789062,131.0325008392334,135.22479965209962,123.5248148727417,False,False,
2025-02-10,133.57000732421875,130.91550102233887,135.17579971313478,123.78054992675781,False,False,
2025-02-11,132.8000030517578,130.8940013885498,135.09339981079103,124.04616493225097,False,False,
2025-02-12,131.13999938964844,130.86300163269044,135.00939987182616,124.28870491027833,False,False,
2025-02-13,135.2899932861328,130.81550102233888,134.95019973754881,124.52647987365722,False,False,
2025-02-14,138.85000610351562,131.07950096130372,134.9545997619629,124.7819448852539,False,False,
2025-02-18,139.39999389648438,131.16400032043458,134.93739974975585,125.0469348526001,False,False,
2025-02-19,139.22999572753906,131.0840000152588,134.81919967651368,125.32787982940674,False,False,
2025-02-20,140.11000061035156,130.73599967956542,134.72019973754882,125.59934482574462,False,False,
2025-02-21,134.42999267578125,130.09649925231935,134.55999954223634,125.82754978179932,False,False,
2025-02-24,130.27999877929688,129.4794994354248,134.38939956665038,126.01824977874756,False,False,
2025-02-25,126.62999725341795,129.88999938964844,134.22059936523436,126.1986297607422,False,False,
2025-02-26,131.27999877929688,130.00449905395507,134.05999938964842,126.4029697418213,False,False,
2025-02-27,120.1500015258789,129.8269992828369,133.7161994934082,126.55998474121094,False,False,
2025-02-28,124.91999816894533,129.84049911499022,133.5295994567871,126.73519474029541,False,False,
2025-03-03,114.05999755859376,129.5399990081787,133.17079940795898,126.8534997177124,False,False,
2025-03-04,115.98999786376952,129.50649871826172,132.88279937744142,126.97666969299317,False,False,
2025-03-05,117.3000030517578,129.43899879455566,132.65059936523437,127.09001972198486,False,False,
2025-03-06,110.56999969482422,128.72599868774415,132.24839950561523,127.17107471466065,False,False,
2025-03-07,112.69000244140624,127.92649917602539,131.80819961547851,127.2721297454834,False,False,
2025-03-10,106.9800033569336,126.78349952697754,131.15439971923828,127.33312976837158,False,False,
2025-03-11,108.76000213623048,125.54299926757812,130.52519973754883,127.39999977111816,False,False,
2025-03-12,115.73999786376952,124.68999900817872,130.0413998413086,127.5039497756958,False,False,
2025-03-13,115.58000183105467,123.91199913024903,129.61279998779298,127.5628547668457,False,False,
2025-03-14,121.66999816894533,123.23099937438965,129.29639984130858,127.63885974884033,False,False,
2025-03-17,119.52999877929688,122.2649990081787,129.00119995117188,127.667004737854,False,False,
2025-03-18,115.43000030517578,121.06649932861328,128.5436000061035,127.67002975463868,False,False,
2025-03-19,117.5199966430664,119.98099937438965,128.0045999145508,127.70512973785401,False,False,
2025-03-20,118.52999877929688,118.90199928283691,127.38660003662109,127.74961471557617,False,False,
2025-03-21,117.6999969482422,118.06549949645996,126.93779998779297,127.76311470031739,False,False,
2025-03-24,121.41000366210938,117.62199974060059,126.56380004882813,127.78797973632813,False,False,
2025-03-25,120.69000244140624,117.325,126.25940002441406,127.77922973632812,False,False,
2025-03-26,113.76000213623048,116.44900016784668,125.87000015258789,127.74303974151611,False,False,
2025-03-27,111.43000030517578,116.01300010681152,125.4634002685547,127.69574974060059,False,False,
2025-03-28,109.66999816894533,115.25050010681153,124.9320001220703,127.63514972686768,False,False,
2025-03-31,108.37999725341795,114.96650009155273,124.4281999206543,127.57249969482422,False,False,
2025-04-01,110.1500015258789,114.6745002746582,123.87699981689452,127.4972497177124,False,False,
2025-04-02,110.41999816894533,114.33050003051758,123.26879974365234,127.40129970550537,False,False,
2025-04-03,101.8000030517578,113.89200019836426,122.36339965820312,127.2508996963501,False,False,
2025-04-04,94.30999755859376,112.97299995422364,121.30519958496093,127.06754970550537,False,False,
2025-04-07,97.63999938964844,112.50599975585938,120.40559967041015,126.87784969329834,False,False,
2025-04-08,96.3000030517578,111.88299980163575,119.9631997680664,126.70544971466065,False,False,
2025-04-09,114.33000183105467,111.8125,119.66999969482421,126.6442497253418,False,False,
2025-04-10,107.56999969482422,111.41199989318848,119.34739974975587,126.59154972076416,False,False,
2025-04-11,110.93000030517578,110.875,119.0729997253418,126.51574974060058,False,False,
2025-04-14,110.70999908447266,110.43400001525879,118.88579971313476,126.43729972839355,False,False,
2025-04-15,112.1999969482422,110.2724998474121,118.79659957885742,126.37834972381592,False,False,
2025-04-16,104.48999786376952,109.62099990844726,118.51339950561524,126.28309970855713,False,False,
2025-04-17,101.48999786376952,108.7689998626709,118.04659942626954,126.16904968261719,False,False,
2025-04-21,96.91000366210938,107.72950019836426,117.41119964599609,126.040249710083,False,False,
2025-04-22,98.88999938964844,106.6034999847412,116.79219970703124,125.89329971313477,False,False,
2025-04-23,102.70999908447266,105.70449981689453,116.17499954223632,125.77769969940185,False,False,
2025-04-24,106.43000030517578,105.3379997253418,115.64759948730469,125.66884971618653,False,False,
2025-04-25,111.01000213623048,105.31699981689454,115.24499954223633,125.56699970245361,False,False,
2025-04-28,108.7300033569336,105.27000007629394,114.71379974365234,125.43609970092774,False,False,
2025-04-29,109.0199966430664,105.30200004577637,114.11719955444336,125.34419967651367,False,False,
2025-04-30,108.91999816894533,105.2404998779297,113.50759963989258,125.24259963989257,False,False,
2025-05-01,111.61000061035156,105.3,112.95519973754882,125.15844963073731,False,False,
2025-05-02,114.5,105.93499984741212,112.44299972534179,125.09914962768555,False,False,
2025-05-05,113.81999969482422,106.91049995422364,112.03079986572266,125.07829963684082,False,False,
2025-05-06,113.54000091552734,107.70550003051758,111.69599990844726,125.04054965972901,False,False,
2025-05-07,117.05999755859376,108.74349975585938,111.50459991455078,125.03619964599609,False,False,
2025-05-08,117.37000274658205,108.89549980163574,111.22639999389648,125.00534965515136,False,False,
2025-05-09,116.6500015258789,109.34949989318848,111.15639999389649,124.97564968109131,False,False,
2025-05-12,123.0,109.95299987792968,111.11800003051758,125.01939968109131,False,False,
2025-05-13,129.92999267578125,110.91399955749512,111.43539993286133,125.10764965057373,False,False,
2025-05-14,135.33999633789062,112.07099952697754,111.82239990234375,125.21904964447022,True,False,Bullish
2025-05-15,134.8300018310547,113.5879997253418,112.17299987792968,125.33524967193604,False,False,
2025-05-16,135.39999389648438,115.28349952697754,112.66959976196289,125.49359962463379,False,False,
2025-05-19,135.57000732421875,117.21649971008301,113.12719985961914,125.58634967803955,False,False,
2025-05-20,134.3800048828125,118.99099998474121,113.67519989013672,125.71219970703125,False,False,
2025-05-21,131.8000030517578,120.44550018310547,114.13599990844726,125.83484973907471,False,False,
2025-05-22,132.8300018310547,121.76550025939942,114.47779998779296,125.99674976348876,False,False,
2025-05-23,131.2899932861328,122.77949981689453,114.79199981689453,126.13194972991943,False,False,
2025-05-27,135.5,124.11799964904785,115.06859985351562,126.31489971160889,False,False,
2025-05-28,134.80999755859375,125.40749969482422,115.37419982910156,126.46409969329834,False,False,
2025-05-29,139.19000244140625,126.92099990844727,115.84939987182617,126.63629970550537,False,False,
2025-05-30,135.1300048828125,128.0970001220703,116.20160003662109,126.7668497467041,False,False,
2025-06-02,137.3800048828125,129.24100036621093,116.5786001586914,126.87304977416993,False,False,
2025-06-03,141.22000122070312,130.6110004425049,117.04900024414063,126.98874977111817,False,False,
2025-06-04,141.9199981689453,132.03000030517578,117.45920013427734,127.08404975891114,False,False,
2025-06-05,139.99000549316406,133.1765007019043,117.8452001953125,127.16109977722168,False,False,
2025-06-06,141.72000122070312,134.39400062561035,118.40440017700195,127.2196997833252,False,False,
2025-06-09,142.6300048828125,135.69300079345703,119.02840026855469,127.29659980773926,False,False,
2025-06-10,143.9600067138672,136.7410011291504,119.71420043945312,127.3738998413086,False,False,
2025-06-11,142.8300018310547,137.38600158691406,120.40320053100587,127.46934986114502,False,False,
2025-06-12,145.0,137.86900177001954,121.10020050048828,127.54749988555908,False,False,
2025-06-13,141.97000122070312,138.22600173950195,121.73120056152344,127.62504989624023,False,False,
2025-06-16,144.69000244140625,138.69050216674805,122.58900054931641,127.70699989318848,False,False,
2025-06-17,144.1199951171875,139.11800155639648,123.58520050048828,127.79954986572265,False,False,
2025-06-18,145.47999572753906,139.67300109863282,124.5420004272461,127.9389998626709,False,False,
2025-06-20,143.85000610351562,140.2755012512207,125.49300048828125,128.06139987945556,False,False,
2025-06-23,144.1699981689453,140.84250106811524,126.08980041503906,128.2422498703003,False,False,
2025-06-24,147.89999389648438,141.67300109863282,126.89640029907227,128.45069984436034,False,False,
2025-06-25,154.30999755859375,142.6135009765625,127.76400024414062,128.68619983673096,False,False,
2025-06-26,155.02000427246094,143.62400131225587,128.65020034790038,128.94714984893798,False,False,
2025-06-27,157.75,144.55200119018554,129.56120040893555,129.20354984283446,False,False,
2025-06-30,157.99000549316406,145.69500122070312,130.63120056152343,129.4529998779297,False,False,
2025-07-01,153.3000030517578,146.4910011291504,131.6674006652832,129.63494987487792,False,False,
2025-07-02,157.25,147.29250106811523,132.874200592041,129.8254998779297,False,False,
2025-07-03,159.33999633789062,148.1635009765625,134.08320053100587,130.02669986724854,False,False,
2025-07-07,158.24000549316406,149.0760009765625,135.1938006591797,130.23399990081788,False,False,
2025-07-08,160.0,149.99000091552733,136.26520065307616,130.45604991912842,False,False,
2025-07-09,162.8800048828125,151.00250091552735,137.30260070800782,130.70359992980957,False,False,
2025-07-10,164.10000610351562,152.00950088500977,138.41000076293946,130.93474994659425,False,False,
2025-07-11,164.9199981689453,153.1140007019043,139.52800079345704,131.17934993743896,False,False,
2025-07-14,164.07000732421875,154.06750106811523,140.6310009765625,131.4183999633789,False,False,
2025-07-15,170.6999969482422,155.50400085449218,141.81280090332032,131.6675499343872,False,False,
2025-07-16,171.3699951171875,156.83800048828124,142.95020080566405,131.90684989929198,False,False,
2025-07-17,173.0,158.28200073242186,144.13380081176757,132.15164989471435,False,False,
2025-07-18,172.41000366210938,159.62850112915038,145.3112008666992,132.4066999053955,False,False,
2025-07-21,171.3800048828125,161.00500106811523,146.3976010131836,132.65639991760253,False,False,
2025-07-22,167.02999877929688,162.14800109863282,147.39080093383788,132.906549911499,False,False,
2025-07-23,170.77999877929688,163.29200134277343,148.47340087890626,133.1661999130249,False,False,
2025-07-24,173.74000549316406,164.26350173950195,149.48820098876953,133.42064994812011,False,False,
2025-07-25,173.5,165.1875015258789,150.3596011352539,133.6635499572754,False,False,
2025-07-28,176.75,166.13750152587892,151.1878012084961,133.90869995117188,False,False,
2025-07-29,175.50999450683594,167.0135009765625,152.00140106201172,134.1217999267578,False,False,
2025-07-30,179.27000427246094,168.31200103759767,152.87880126953124,134.3548999786377,False,False,
2025-07-31,177.8699951171875,169.34300079345704,153.72480102539063,134.57019996643066,False,False,
2025-08-01,173.72000122070312,170.06200103759767,154.51160095214843,134.7647999572754,False,False,
2025-08-04,180.0,171.15000076293944,155.4756008911133,134.9744499206543,False,False,
2025-08-05,178.25999450683594,172.06300048828126,156.3842007446289,135.2077498626709,False,False,
2025-08-06,179.4199981689453,172.8900001525879,157.34680084228515,135.42624984741212,False,False,
2025-08-07,180.7700042724609,173.72350006103517,158.25220092773438,135.6454499053955,False,False,
2025-08-08,182.6999969482422,174.6125,159.21000091552733,135.86894989013672,False,False,
2025-08-11,182.0599975585937,175.51199951171876,160.0674008178711,136.06069984436036,False,False,
2025-08-12,183.16000366210932,176.1349998474121,161.02800079345704,136.25854988098143,False,False,
2025-08-13,181.58999633789065,176.64599990844727,161.9122006225586,136.46869987487793,False,False,
2025-08-14,182.0200042724609,177.0970001220703,162.72820068359374,136.6767498779297,False,False,
2025-08-15,180.4499969482422,177.49899978637694,163.4988006591797,136.87129989624023,False,False,
2025-08-18,182.009994506836,178.03049926757814,164.33920043945312,137.0787498474121,False,False,
2025-08-19,175.63999938964844,178.46099929809571,165.01760040283204,137.25069984436035,False,False,
2025-08-20,175.39999389648438,178.69199905395507,165.67300018310547,137.43099983215333,False,False,
2025-08-21,174.97999572753906,178.75399856567384,166.2933999633789,137.64209983825683,False,False,
2025-08-22,177.99000549316406,178.97849884033204,166.9966000366211,137.85504989624025,False,False,
2025-08-25,179.80999755859375,179.13149871826172,167.69279998779297,138.0738498687744,False,False,
2025-08-26,181.7700042724609,179.44449920654296,168.48880004882812,138.28314987182617,False,False,
2025-08-27,181.6000061035156,179.5609992980957,169.2270001220703,138.463099899292,False,False,
2025-08-28,180.1699981689453,179.6759994506836,169.94800018310548,138.61954986572266,False,False,
2025-08-29,174.17999267578125,179.6989990234375,170.52200012207032,138.7522998046875,False,False,
2025-09-02,170.77999877929688,179.23799896240234,171.06059997558594,138.8798998260498,False,False,
2025-09-03,170.6199951171875,178.85599899291992,171.58959991455077,138.9915498352051,False,False,
2025-09-04,171.66000366210938,178.46799926757814,172.06480010986328,139.11849983215333,False,False,
2025-09-05,167.02000427246094,177.78049926757814,172.31900024414062,139.21979988098144,False,False,
2025-09-08,168.30999755859375,177.0609992980957,172.5848001098633,139.3514498901367,False,False,
2025-09-09,170.75999450683594,176.49599914550782,172.845,139.50449989318847,False,False,
2025-09-10,177.3300018310547,176.2044990539551,173.23179992675782,139.65609992980956,False,False,
2025-09-11,177.1699981689453,175.9834991455078,173.70919982910155,139.81249992370604,False,False,
2025-09-12,177.82000732421875,175.77349929809571,174.12059997558595,139.96824996948243,False,False,
2025-09-15,177.75,175.63849945068358,174.48880004882812,140.14724998474122,False,False,
2025-09-16,174.8800048828125,175.28199996948243,174.8216000366211,140.34154998779297,False,False,
2025-09-17,170.2899932861328,175.01449966430664,175.02739990234375,140.5083999633789,False,True,Bearish
2025-09-18,176.24000549316406,175.05650024414064,175.2945999145508,140.71290000915528,False,False,
2025-09-19,176.6699981689453,175.14100036621093,175.54599975585938,140.905,False,False,
2025-09-22,183.6100006103516,175.4220001220703,175.9197998046875,141.1298999786377,False,False,
2025-09-23,178.42999267578125,175.35299987792968,176.20699951171875,141.32074996948242,False,False,
2025-09-24,176.97000122070312,175.1129997253418,176.33239959716798,141.4798999786377,False,False,
2025-09-25,177.69000244140625,174.91749954223633,176.45879974365235,141.64305000305177,False,False,
2025-09-26,178.19000244140625,174.81849975585936,176.56259979248046,141.82180000305175,False,False,
2025-09-29,181.8500061035156,175.2020004272461,176.7513998413086,142.03700004577638,False,False,
2025-09-30,186.5800018310547,175.99200057983398,177.05539978027343,142.29455001831056,False,False,
2025-10-01,187.2400054931641,176.8230010986328,177.45959991455078,142.5342000579834,False,False,
2025-10-02,188.88999938964844,177.68450088500975,177.82179992675782,142.7919500732422,False,False,
2025-10-03,187.6199951171875,178.7145004272461,178.09939971923828,143.05880004882812,True,False,Bullish
2025-10-06,185.5399932861328,179.57600021362305,178.34019958496094,143.3265000152588,False,False,
2025-10-07,185.0399932861328,180.29000015258788,178.5059994506836,143.5997499847412,False,False,
2025-10-08,189.1100006103516,180.87900009155274,178.7779995727539,143.90074996948243,False,False,
2025-10-09,192.57000732421875,181.6490005493164,179.04399963378907,144.2102000427246,False,False,
2025-10-10,183.16000366210932,181.91600036621094,179.1497998046875,144.45250007629394,False,False,
2025-10-13,188.32000732421875,182.4445007324219,179.44179992675782,144.6957501220703,False,False,
2025-10-14,180.02999877929688,182.7020004272461,179.44239990234374,144.89480010986327,False,False,
2025-10-15,179.8300018310547,183.1790008544922,179.47380004882814,145.09430015563964,False,False,
2025-10-16,181.8099975585937,183.45750045776367,179.5216000366211,145.31830017089842,False,False,
2025-10-17,183.22000122070312,183.78500061035157,179.57059997558594,145.54695014953614,False,False,
2025-10-20,182.63999938964844,183.73650054931642,179.56940002441405,145.78870018005372,False,False,
2025-10-21,181.16000366210932,183.87300109863278,179.55140014648438,146.0029502105713,False,False,
2025-10-22,180.27999877929688,184.0385009765625,179.49380004882812,146.18200019836425,False,False,
2025-10-23,182.16000366210932,184.26200103759763,179.5052001953125,146.3456502532959,False,False,
2025-10-24,186.259994506836,184.6655006408691,179.59,146.57625022888183,False,False,
2025-10-27,191.4900054931641,185.14750061035153,179.81080017089843,146.8331502532959,False,False,
2025-10-28,201.02999877929688,185.87000045776364,180.19120025634766,147.15875022888184,False,False,
2025-10-29,207.0399932861328,186.8599998474121,180.81920013427734,147.5278002166748,False,False,
2025-10-30,202.88999938964844,187.5599998474121,181.36900024414064,147.88345024108887,False,False,
2025-10-31,202.4900054931641,188.30350036621093,181.91920043945314,148.21470024108888,False,False,
2025-11-03,206.8800048828125,189.37050094604493,182.4970004272461,148.58125022888183,False,False,
2025-11-04,198.69000244140625,190.0530014038086,182.87460052490235,148.88615020751953,False,False,
2025-11-05,195.2100067138672,190.35800170898438,183.14340057373047,149.1580502319336,False,False,
2025-11-06,188.0800018310547,190.13350143432618,183.27300048828124,149.36310020446777,False,False,
2025-11-07,188.1499938964844,190.38300094604492,183.43260040283204,149.56775016784667,False,False,
2025-11-10,199.0500030517578,190.91950073242188,183.93000061035156,149.84990020751954,False,False,
2025-11-11,193.16000366210932,191.57600097656248,184.3776007080078,150.22360023498535,False,False,
2025-11-12,193.8000030517578,192.27450103759764,184.8412008666992,150.54765022277832,False,False,
2025-11-13,186.8600006103516,192.52700119018556,185.14520080566408,150.86345024108886,False,False,
2025-11-14,190.1699981689453,192.87450103759767,185.60820068359374,151.1910502243042,False,False,
2025-11-17,186.6000061035156,193.072501373291,185.97400085449217,151.52370025634767,False,False,
2025-11-18,181.3600006103516,193.08250122070314,186.1860009765625,151.84720024108887,False,False,
2025-11-19,186.5200042724609,193.39450149536134,186.36980102539061,152.18655025482178,False,False,
2025-11-20,180.63999938964844,193.3185012817383,186.4392010498047,152.46560024261476,False,False,
2025-11-21,178.8800048828125,192.94950180053712,186.46040100097656,152.7166003036499,False,False,
2025-11-24,182.5500030517578,192.50250167846679,186.55640106201173,152.98015033721924,False,False,
2025-11-25,177.82000732421875,191.34200210571288,186.61520111083985,153.20140033721924,False,False,
2025-11-26,180.259994506836,190.00300216674808,186.8146011352539,153.43870029449462,False,False,
2025-11-28,177.0,188.70850219726566,186.82980102539062,153.6680002975464,False,False,
2025-12-01,179.9199981689453,187.5800018310547,186.89480102539062,153.89115032196045,False,False,
2025-12-02,181.4600067138672,186.30900192260742,186.85180114746095,154.10420032501221,False,True,Bearish
2025-12-03,179.58999633789062,185.35400161743163,186.87500122070313,154.30515033721923,False,False,
2025-12-04,183.3800048828125,184.76250152587892,187.00320129394532,154.52590038299562,False,False,
2025-12-05,182.41000366210932,184.4790016174316,187.09760131835938,154.7374003982544,False,False,
2025-12-08,185.5500030517578,184.3490020751953,187.24480133056642,154.99300045013428,False,False,
2025-12-09,184.97000122070312,183.64500198364254,187.30720123291016,155.2664504623413,False,False,
2025-12-10,183.77999877929688,183.17600173950194,187.251201171875,155.5522004699707,False,False,
2025-12-11,180.92999267578125,182.53250122070312,187.12500091552735,155.80045043945313,False,False,
2025-12-12,175.02000427246094,181.94050140380858,186.8476010131836,156.07480045318604,False,False,
2025-12-15,176.2899932861328,181.24650115966796,186.6210009765625,156.33165042877198,False,False,
2025-12-16,177.72000122070312,180.80250091552733,186.4646011352539,156.64995044708252,False,False,
2025-12-17,170.94000244140625,180.28150100708007,186.1826013183594,156.9247004699707,False,False,
2025-12-18,174.13999938964844,179.66250076293946,185.88320129394532,157.20890045166016,False,False,
2025-12-19,180.9900054931641,179.68000106811525,185.65160125732422,157.56100048065184,False,False,
2025-12-22,183.69000244140625,179.9205009460449,185.66220123291015,157.91600048065186,False,False,
2025-12-23,189.2100067138672,180.25350112915038,185.68000122070313,158.32715049743652,False,False,
2025-12-24,188.6100006103516,180.79300079345705,185.8516012573242,158.72640048980713,False,False,
2025-12-26,190.52999877929688,181.30650100708007,186.06560119628907,159.10035049438477,False,False,
2025-12-29,188.22000122070312,181.86750106811525,186.19380126953126,159.463550491333,False,False,
2025-12-30,187.5399932861328,182.2485008239746,186.28020111083984,159.79290046691895,False,False,
2025-12-31,186.5,182.50050048828126,186.35740112304688,160.12775047302247,False,False,
2026-01-02,188.8500061035156,182.9635009765625,186.511201171875,160.49485050201417,False,False,
2026-01-05,188.1199951171875,183.20050048828125,186.6680010986328,160.84785049438477,False,False,
2026-01-06,187.2400054931641,183.442000579834,186.7696011352539,161.1914005279541,False,False,
2026-01-07,189.1100006103516,183.6200004577637,186.82660125732423,161.54845054626466,False,False,
2026-01-08,185.0399932861328,183.62350006103517,186.6976010131836,161.86660049438476,False,False,
2026-01-09,184.8600006103516,183.67750015258792,186.3742010498047,162.1874504852295,False,False,
2026-01-12,184.94000244140625,183.87800064086917,185.93220123291016,162.54335048675537,False,False,
2026-01-13,185.8099975585937,184.4175003051758,185.59060119628907,162.91525047302247,False,False,
2026-01-14,183.13999938964844,184.7600006103516,185.20360107421874,163.282600479126,False,False,
2026-01-15,187.0500030517578,185.2265007019043,184.80700103759764,163.67595050811767,True,False,Bullish
2026-01-16,186.22999572753903,185.99100036621093,184.5578009033203,164.05635047912597,False,False,
2026-01-20,178.07000732421875,186.18750076293946,184.21500091552736,164.39460052490233,False,False,
2026-01-21,183.32000732421875,186.3040008544922,184.11980102539061,164.80220054626466,False,False,
2026-01-22,184.83999633789065,186.36150054931642,184.05360107421876,165.25485054016113,False,False,
2026-01-23,187.6699981689453,186.2845001220703,183.8260009765625,165.7050005340576,False,False,
2026-01-26,186.47000122070312,186.1775001525879,183.69220092773438,166.15585052490235,False,False,
2026-01-27,188.5200042724609,186.0770004272461,183.58660095214844,166.52680053710938,False,False,
2026-01-28,191.5200042724609,186.24200057983396,183.67980102539062,166.94655055999755,False,False,
2026-01-29,192.509994506836,186.49050064086913,183.72660095214843,167.35445053100585,False,False,
2026-01-30,191.1300048828125,186.72200088500978,183.81720092773438,167.75655055999755,False,False,
2026-02-02,185.6100006103516,186.56000061035155,183.90220092773438,168.1236005783081,False,False,
2026-02-03,180.33999633789065,186.1710006713867,183.77860076904298,168.5028505706787,False,False,
2026-02-04,174.19000244140625,185.51850051879882,183.64960083007813,168.8663505935669,False,False,
2026-02-05,171.8800048828125,184.65700073242186,183.5096008300781,169.2412005996704,False,False,
2026-02-06,185.41000366210932,184.6755012512207,183.56680084228515,169.6738006210327,False,False,
2026-02-09,190.0399932861328,184.93450088500975,183.81120056152344,170.11045059204102,False,False,
2026-02-10,188.5399932861328,185.1145004272461,183.97680053710937,170.5210005569458,False,False,
2026-02-11,190.0500030517578,185.3265007019043,184.23780059814453,170.91620056152342,False,False,
2026-02-12,186.94000244140625,185.5165008544922,184.37820068359375,171.3072505569458,False,False,
2026-02-13,182.8099975585937,185.30450057983396,184.4052005004883,171.67620056152344,False,False,
2026-02-17,184.97000122070312,185.2415008544922,184.51280059814454,172.05645057678223,False,False,
2026-02-18,187.97999572753903,185.73700027465821,184.60480041503905,172.43830055236816,False,False,
2026-02-19,187.8999938964844,185.96599960327148,184.71460021972655,172.8053005218506,False,False,
2026-02-20,189.82000732421875,186.21500015258786,184.8000003051758,173.18530055999756,False,False,
2026-02-23,191.5500030517578,186.4090003967285,184.93160034179687,173.57535057067872,False,False,
2026-02-24,192.8500061035156,186.7280006408691,185.11300048828124,173.95430061340332,False,False,
2026-02-25,195.5599975585937,187.0800003051758,185.4056005859375,174.34525058746337,False,False,
2026-02-26,184.88999938964844,186.74850006103514,185.60300048828125,174.68645057678222,False,False,
2026-02-27,177.19000244140625,185.98250045776365,185.62100067138672,174.95740058898926,False,False,
2026-03-02,182.47999572753903,185.54999999999998,185.71620056152344,175.22015060424803,False,True,Bearish
2026-03-03,180.0500030517578,185.2720001220703,185.89840057373047,175.4437006378174,False,False,
2026-03-04,183.0399932861328,185.4069999694824,186.07640045166016,175.68475059509277,False,False,
2026-03-05,183.33999633789065,185.8644996643066,186.1234002685547,175.9244506072998,False,False,
2026-03-06,177.82000732421875,186.16149978637694,186.00600036621094,176.1357006072998,True,False,Bullish
2026-03-09,182.6499938964844,186.0234992980957,185.8748001098633,176.37705055236816,False,False,
2026-03-10,184.7700042724609,185.75999984741208,185.79800018310547,176.6419005584717,False,True,Bearish
2026-03-11,186.02999877929688,185.63450012207028,185.70800018310547,176.9079005432129,False,False,
2026-03-12,183.13999938964844,185.28899993896482,185.60640014648436,177.16715057373048,False,False,
2026-03-13,180.25,184.9544998168945,185.46060028076172,177.39090057373048,False,False,
2026-03-16,183.22000122070312,184.975,185.39500030517578,177.63295059204103,False,False,
2026-03-17,181.92999267578125,184.8229995727539,185.25660003662108,177.8466505432129,False,False,
2026-03-18,180.3999938964844,184.44399948120116,185.10220001220702,178.07300048828125,False,False,
2026-03-19,178.55999755859375,183.97699966430665,184.92859985351564,178.27890045166015,False,False,
2026-03-20,172.6999969482422,183.12099914550782,184.60039978027345,178.43630043029785,False,False,
2026-03-23,175.63999938964844,182.32549896240235,184.41239990234374,178.60490043640138,False,False,
2026-03-24,175.1999969482422,181.44299850463867,184.21919982910157,178.78095039367676,False,False,
2026-03-25,178.67999267578125,180.59899826049804,184.09399963378905,178.96575035095213,False,False,
2026-03-26,171.24000549316406,179.91649856567383,183.80259979248046,179.1088003540039,False,False,
2026-03-27,167.52000427246094,179.43299865722656,183.49019989013672,179.22660034179688,False,False,
2026-03-30,165.1699981689453,178.56749877929687,183.05259979248046,179.33830032348632,False,False,
2026-03-31,174.39999389648438,178.2849983215332,182.81599975585937,179.48530029296876,False,False,
2026-04-01,175.75,177.92049865722657,182.769599609375,179.65420028686523,False,False,
2026-04-02,177.38999938964844,177.62299880981445,182.6509994506836,179.81770027160644,False,False,
2026-04-06,177.63999938964844,177.61399841308594,182.50699951171876,179.98530029296876,False,False,
2026-04-07,178.10000610351562,177.3864990234375,182.31559967041017,180.14840034484862,False,False,
2026-04-08,182.0800018310547,177.2519989013672,182.2277996826172,180.33955032348632,False,False,
2026-04-09,183.91000366210932,177.1459991455078,182.13559967041016,180.53825035095215,False,False,
2026-04-10,188.6300048828125,177.420499420166,182.07779968261718,180.7419004058838,False,False,
2026-04-13,189.3099975585937,177.8734992980957,182.01379974365236,180.91690040588378,False,False,
2026-04-14,196.509994506836,178.53799896240236,182.1213995361328,181.12435035705568,False,False,
2026-04-15,198.8699951171875,179.38499908447267,182.38659942626953,181.3299503326416,False,False,
2026-04-16,198.3500061035156,180.28249969482422,182.74679962158203,181.53175033569335,False,False,
2026-04-17,201.67999267578125,181.4384994506836,183.29659942626952,181.77365028381348,False,False,
2026-04-20,202.0599975585937,182.90649948120117,183.90019927978517,181.99770027160645,False,False,
2026-04-21,199.8800048828125,184.11849975585938,184.18959930419922,182.20040031433106,False,False,
2026-04-22,202.5,185.48349990844727,184.43879943847656,182.42170028686525,True,False,Bullish
2026-04-23,199.63999938964844,186.53150024414063,184.66079956054688,182.61990028381348,False,False,
2026-04-24,208.2700042724609,188.38300018310548,185.02519958496094,182.8468502807617,False,False,
2026-04-27,216.6100006103516,190.8375,185.61859954833983,183.1094002532959,False,False,
2026-04-28,213.1699981689453,193.2375,186.22579956054688,183.3506502532959,False,False,
2026-04-29,209.25,194.9800003051758,186.7113995361328,183.5765502166748,False,False,
2026-04-30,199.57000732421875,196.1710006713867,186.9431997680664,183.7209002685547,False,False,
2026-05-01,198.4499969482422,197.2240005493164,187.15419982910157,183.85630027770995,False,False,
2026-05-04,198.47999572753903,198.26600036621093,187.32739959716798,183.98370025634765,False,False,
2026-05-05,196.5,199.18600006103514,187.4263995361328,184.1041502380371,False,False,
2026-05-06,207.8300018310547,200.47350006103517,187.7259994506836,184.28640022277833,False,False,
2026-05-07,211.5,201.85299987792968,188.04479949951173,184.50875022888184,False,False,
2026-05-08,215.1999969482422,203.18149948120117,188.6509994506836,184.73085021972656,False,False,
2026-05-11,219.44000244140625,204.6879997253418,189.4959994506836,184.95935020446777,False,False,
2026-05-12,220.77999877929688,205.90149993896483,190.26199951171876,185.19575019836427,False,False,
2026-05-13,225.8300018310547,207.2495002746582,191.1775994873047,185.44115020751954,False,False,
2026-05-14,235.7400054931641,209.11900024414064,192.2315997314453,185.74230026245118,False,False,
2026-05-15,225.32000732421875,210.3010009765625,193.07119995117188,185.97255027770996,False,False,
2026-05-18,222.32000732421875,211.31400146484376,193.96119995117186,186.19480033874513,False,False,
2026-05-19,220.6100006103516,212.3505012512207,194.72040008544923,186.42925033569335,False,False,
2026-05-20,223.47000122070312,213.39900131225585,195.49440002441406,186.64660034179687,False,False,
2026-05-21,219.509994506836,214.39250106811522,196.16399993896485,186.85285034179688,False,False,
2026-05-22,215.3300018310547,214.74550094604493,196.80779998779298,187.03240036010743,False,False,
2026-05-26,214.8600006103516,214.65800094604492,197.5,187.20285034179688,False,False,
2026-05-27,212.6000061035156,214.62950134277344,198.08760009765626,187.35235038757324,False,False,
2026-05-28,214.25,214.87950134277344,198.73400024414062,187.51330039978026,False,False,
2026-05-29,211.13999938964844,215.45800094604493,199.3488003540039,187.65320037841798,False,False,
2026-06-01,224.3600006103516,216.75350112915038,200.26480041503908,187.86705039978028,False,False,
2026-06-02,222.82000732421875,217.9705017089844,201.2672006225586,188.07105041503905,False,False,
2026-06-03,214.75,218.88300170898438,202.04940063476562,188.24255043029785,False,False,
2026-06-04,218.66000366210932,219.42450180053712,202.91860076904297,188.42580047607422,False,False,
2026-06-05,205.1000061035156,219.1045021057129,203.44700103759766,188.57310050964355,False,False,
2026-06-08,208.63999938964844,218.7765022277832,204.19500091552734,188.7393005371094,False,False,
2026-06-09,208.19000244140625,218.2140022277832,205.00840087890626,188.9053505706787,False,False,
2026-06-10,200.4199981689453,217.1960021972656,205.71340087890624,189.0175005340576,False,False,
2026-06-11,204.8699951171875,216.14800186157225,206.3228009033203,189.14280052185057,False,False,
2026-06-12,205.19000244140625,214.62050170898436,206.91160095214843,189.2599005126953,False,False,
2026-06-15,212.4499969482422,213.97700119018555,207.6128009033203,189.41415046691895,False,False,
2026-06-16,207.41000366210932,213.23150100708008,208.20820098876953,189.55035049438476,False,False,
2026-06-17,204.6499938964844,212.43350067138672,208.7392007446289,189.70270050048828,False,False,
2026-06-18,210.69000244140625,211.79450073242188,209.31140075683595,189.90225051879884,False,False,
2026-06-22,208.6499938964844,211.2515007019043,209.80620056152344,190.09240051269532,False,False,
2026-06-23,200.0399932861328,210.48700027465821,210.03440032958986,190.23430046081543,False,False,
2026-06-24,199.0,209.69400024414062,210.22820037841797,190.39420043945313,False,True,Bearish
2026-06-25,195.7400054931641,208.85100021362305,210.21280059814453,190.531350479126,False,False,
2026-06-26,192.52999877929688,207.7650001525879,210.08600067138673,190.64020050048828,False,False,
2026-06-29,194.97000122070312,206.9565002441406,210.01840057373047,190.72840049743652,False,False,
2026-06-30,200.08999633789065,205.74300003051758,209.98660064697265,190.84300048828126,False,False,
2026-07-01,197.5800018310547,204.4809997558594,209.89700073242187,190.94180046081544,False,False,
2026-07-02,194.8300018310547,203.4849998474121,209.7960006713867,191.0272004699707,False,False,
2026-07-06,195.5500030517578,202.32949981689453,209.65700073242186,191.13055046081544,False,False,
2026-07-07,196.92999267578125,201.9209991455078,209.60280059814454,191.26375045776368,False,False,
2026-07-08,204.1199951171875,201.69499893188475,209.51980041503907,191.4031504058838,False,False,
2026-07-09,202.77999877929688,201.42449874877929,209.24320037841798,191.53370040893554,False,False,
2026-07-10,210.9600067138672,201.95149917602538,209.1990005493164,191.67045043945313,False,False,
2026-07-13,203.52999877929688,201.88449935913087,209.08460052490236,191.7959504699707,False,False,
2026-07-14,211.8000030517578,202.21499938964843,209.32920043945313,191.970100479126,False,False,
2026-07-15,212.5,202.21749954223634,209.61020050048828,192.14415046691894,False,False,
2026-07-16,207.3999938964844,202.21699905395508,209.7886004638672,192.29020042419432,False,False,
2026-07-17,202.8099975585937,202.12499923706054,209.91480041503905,192.3950003814697,False,False,
2026-07-20,203.27999877929688,201.75449905395507,209.8238003540039,192.47850036621094,False,False,
2026-07-21,207.2899932861328,201.6864990234375,209.73960021972655,192.5787503051758,False,False,
2026-07-22,212.0599975585937,202.28749923706056,209.67680023193358,192.6946002960205,False,False,
2026-07-23,208.759994506836,202.77549896240234,209.46320007324218,192.80030029296876,False,False,
2026-07-24,206.83999633789065,203.33049850463868,209.18440002441406,192.90680030822753,False,False,
2026-07-27,196.509994506836,203.5294982910156,208.59799987792968,192.96415031433105,False,False,
2026-07-28,197.009994506836,203.63149795532226,207.82339965820313,193.00365028381347,False,False,
2026-07-29,190.009994506836,203.12749786376955,207.11719940185546,192.99085021972655,False,False,
2026-07-30,195.0399932861328,203.00049743652346,206.57159912109375,193.05025016784668,False,False,
2026-07-31,200.75,203.29649734497073,206.17439910888672,193.1124001312256,False,False,
2026-08-03,206.63999938964844,203.85099716186525,205.83779907226562,193.24545013427735,False,False,
2026-08-04,211.94000244140625,204.6014976501465,205.68639923095702,193.4060001373291,False,False,
2026-08-05,219.22000122070312,205.35649795532225,205.76419921875,193.59305015563965,False,False,
2026-08-06,218.9900054931641,206.16699829101563,205.84679931640625,193.77190017700195,True,False,Bullish
2026-08-07,223.9600067138672,206.81699829101564,206.07399932861327,193.97850021362305,False,False,
2026-08-10,217.5500030517578,207.51799850463868,206.13999938964844,194.1604502105713,False,False,
2026-08-11,217.5,207.8029983520508,206.26719940185546,194.3465502166748,False,False,
2026-08-12,224.08999633789065,208.38249816894532,206.26179931640624,194.5562001800537,False,False,
2026-08-13,225.3000030517578,209.277498626709,206.31139923095702,194.75140022277833,False,False,
2026-08-14,225.16000366210932,210.39499893188477,206.51959930419923,194.91975021362305,False,False,
