Date,Close,Daily Return,Cumulative Growth,Cumulative Return
2021-08-16,19.950000762939453,,1.0,0.0
2021-08-17,19.45800018310547,-0.02466168225657217,0.9753383177434278,-0.02466168225657217
2021-08-18,19.040000915527344,-0.021482128874736883,0.9543859743051945,-0.04561402569480555
2021-08-19,19.79800033569336,0.03981089200199861,0.9923809312564807,-0.007619068743519253
2021-08-20,20.81599998474121,0.05141931668788402,1.043408480635775,0.04340848063577507
2021-08-23,21.95800018310547,0.05486165445817548,1.1006515961591448,0.10065159615914476
2021-08-24,21.792999267578125,-0.007514387200629358,1.0923808738926142,0.09238087389261418
2021-08-25,22.21299934387207,0.01927224752945267,1.1134335084907125,0.11343350849071254
2021-08-26,22.06800079345703,-0.006527643933642802,1.1061654110034984,0.10616541100349841
2021-08-27,22.63599967956543,0.02573857466403595,1.134636532025386,0.13463653202538595
2021-08-30,22.6879997253418,0.002297227713044858,1.1372430505109878,0.13724305051098784
2021-08-31,22.38500022888184,-0.01335505554160954,1.122055106407104,0.12205510640710404
2021-09-01,22.44099998474121,0.0025016642969304392,1.1248621116059911,0.12486211160599114
2021-09-02,22.395999908447266,-0.002005261633819533,1.1226064687702504,0.12260646877025039
2021-09-03,22.843000411987305,0.019958943801006157,1.1450125081910818,0.1450125081910818
2021-09-07,22.66200065612793,-0.007923641929472258,1.1359398390714088,0.13593983907140883
2021-09-08,22.339000701904297,-0.014252931995052731,1.119749365794653,0.1197493657946529
2021-09-09,22.177000045776367,-0.007251920454710348,1.1116290324646978,0.1116290324646978
2021-09-10,22.47800064086914,0.01357264708804018,1.1267167810151606,0.1267167810151606
2021-09-13,22.152000427246094,-0.014503078758273502,1.1103759188018294,0.1103759188018294
2021-09-14,22.242000579833984,0.004062845379742441,1.1148872044733107,0.11488720447331069
2021-09-15,22.340999603271484,0.004450994553397258,1.1198495613480737,0.11984956134807367
2021-09-16,22.242000579833984,-0.004431270990354563,1.1148872044733107,0.11488720447331069
2021-09-17,21.89999961853028,-0.01537635789892855,1.0977442998003932,0.09774429980039323
2021-09-20,21.113000869750977,-0.035936016551954664,1.0582957424729524,0.05829574247295244
2021-09-21,21.246000289916992,0.006299408643352322,1.0649623798203096,0.06496237982030961
2021-09-22,21.94099998474121,0.03271202510309923,1.099799455922848,0.09979945592284789
2021-09-23,22.48200035095215,0.024657051482939396,1.1269172677284462,0.12691726772844625
2021-09-24,22.08099937438965,-0.01783653457444756,1.1068169689200658,0.10681696892006576
2021-09-27,21.65999984741211,-0.019066144599679258,1.085714236545257,0.085714236545257
2021-09-28,20.698999404907227,-0.04436751843374098,1.0375437901415603,0.037543790141560285
2021-09-29,20.51700019836425,-0.008792657218968158,1.0284210232451765,0.02842102324517648
2021-09-30,20.715999603271484,0.009699244674331142,1.0383959303778574,0.03839593037785738
2021-10-01,20.742000579833984,0.0012551157105831212,1.0396992374238803,0.03969923742388026
2021-10-04,19.73200035095215,-0.04869348185554434,0.9890726614711572,-0.010927338528842756
2021-10-05,20.451000213623047,0.03643826524847005,1.0251127534598534,0.02511275345985342
2021-10-06,20.700000762939453,0.012175470476526673,1.0375939835247148,0.03759398352471477
2021-10-07,21.075000762939453,0.01811594136128658,1.0563909752870722,0.056390975287072154
2021-10-08,20.83099937438965,-0.011577764162119641,1.0441603297122068,0.04416032971220685
2021-10-11,20.69499969482422,-0.006528716031388937,1.0373433034282744,0.03734330342827441
2021-10-12,20.67099952697754,-0.0011597085383230343,1.0361402875421164,0.0361402875421164
2021-10-13,20.93899917602539,0.012965006781509913,1.0495738533966956,0.04957385339669562
2021-10-14,21.746000289916992,0.03854057718363135,1.0900250355034524,0.09002503550345242
2021-10-15,21.86199951171875,0.0053342784997361115,1.0958395326145125,0.0958395326145125
2021-10-18,22.222000122070312,0.016466957203918664,1.1138846753004379,0.11388467530043789
2021-10-19,22.290000915527344,0.003060066289419794,1.117293236245626,0.11729323624562604
2021-10-20,22.10300064086914,-0.008389424269962142,1.1079197892528025,0.10791978925280254
2021-10-21,22.691999435424805,0.02664791102917441,1.1374435372242728,0.13744353722427283
2021-10-22,22.72599983215332,0.0014983429214896482,1.139147817696867,0.13914781769686702
2021-10-25,23.166000366210938,0.019361107863562266,1.1612029814678375,0.16120298146783751
2021-10-26,24.71699905395508,0.06695150924742155,1.238947273619715,0.2389472736197149
2021-10-27,24.451000213623047,-0.010761777340015377,1.2256139989250003,0.22561399892500034
2021-10-28,24.94099998474121,0.0200400706243975,1.2501753900217076,0.25017539002170763
2021-10-29,25.566999435424805,0.02509921218341593,1.2815538074023471,0.28155380740234714
2021-11-01,25.82699966430664,0.010169368116056177,1.294586399830355,0.29458639983035506
2021-11-02,26.400999069213867,0.02222478074758727,1.3233582987253931,0.3233582987253931
2021-11-03,26.597999572753903,0.0074618579025578224,1.3332330103046526,0.3332330103046526
2021-11-04,29.801000595092773,0.1204226285355654,1.4937844338559234,0.4937844338559234
2021-11-05,29.75200080871582,-0.001644232925018696,1.491328304306897,0.491328304306897
2021-11-08,30.804000854492188,0.03535896804184624,1.5440601341587854,0.5440601341587854
2021-11-09,30.65699958801269,-0.004772148500250983,1.5366916499052623,0.5366916499052623
2021-11-10,29.458999633789062,-0.039077534342012554,1.4766415291830055,0.4766415291830055
2021-11-11,30.38999938964844,0.03160323729362258,1.5233081818273937,0.5233081818273937
2021-11-12,30.38999938964844,0.0,1.5233081818273937,0.5233081818273937
2021-11-15,30.02499961853028,-0.012010522489266262,1.5050124546514725,0.5050124546514725
2021-11-16,30.202999114990234,0.005928376310456285,1.51393473483457,0.51393473483457
2021-11-17,29.26099967956543,-0.031188936960809155,1.4667167198270352,0.4667167198270352
2021-11-18,31.674999237060547,0.08249887508733833,1.5877191992845565,0.5877191992845565
2021-11-19,32.98500061035156,0.04135758184196825,1.6533834260110318,0.6533834260110318
2021-11-22,31.95599937438965,-0.031196035074166018,1.601804418662147,0.601804418662147
2021-11-23,31.746000289916992,-0.006571507340839222,1.59127814916632,0.5912781491663199
2021-11-24,32.67399978637695,0.029232013103543952,1.6377944128741329,0.6377944128741329
2021-11-26,31.50300025939941,-0.035838879066950935,1.5790976969746089,0.5790976969746089
2021-11-29,33.375999450683594,0.059454628951582045,1.672982364626532,0.672982364626532
2021-11-30,32.67599868774414,-0.020973177566525725,1.6378946084275536,0.6378946084275536
2021-12-01,31.434999465942383,-0.037978922500912615,1.575689136029421,0.575689136029421
2021-12-02,32.125999450683594,0.021981867233363817,1.6103257254186734,0.6103257254186734
2021-12-03,30.69300079345703,-0.04460557435501267,1.538496221537721,0.5384962215377209
2021-12-06,30.03700065612793,-0.021372955409069805,1.5056140103977729,0.5056140103977729
2021-12-07,32.426998138427734,0.07956844658563522,1.625413378362692,0.6254133783626921
2021-12-08,31.826000213623047,-0.01853387483599578,1.5952881702513648,0.5952881702513648
2021-12-09,30.489999771118164,-0.04197827039330604,1.5283207320853105,0.5283207320853105
2021-12-10,30.19799995422364,-0.009576904528911245,1.5136841503445737,0.5136841503445737
2021-12-13,28.160999298095703,-0.06745482016079785,1.4115788582028304,0.41157885820283036
2021-12-14,28.33699989318848,0.0062497993494385895,1.4204009428325077,0.42040094283250773
2021-12-15,30.458999633789062,0.07488441784942301,1.5267668405492916,0.5267668405492916
2021-12-16,28.386999130249023,-0.06802588819238531,1.422907170158244,0.4229071701582441
2021-12-17,27.801000595092773,-0.020643201222767305,1.393533811123349,0.39353381112334906
2021-12-20,27.7189998626709,-0.0029495604714439017,1.389423498878439,0.3894234988784391
2021-12-21,29.075000762939453,0.04891954641172602,1.4573934662173655,0.45739346621736554
2021-12-22,29.39999961853028,0.011177948308262353,1.4736841350475425,0.4736841350475425
2021-12-23,29.63999938964844,0.008163257626945475,1.4857141983026778,0.4857141983026778
2021-12-27,30.94499969482422,0.044028351283689204,1.5511277449327128,0.5511277449327128
2021-12-28,30.32200050354004,-0.02013246719754791,1.5198997164886485,0.5198997164886485
2021-12-29,30.0009994506836,-0.010586407477269244,1.5038094387653136,0.5038094387653136
2021-12-30,29.586000442504883,-0.013832839431263122,1.4830074842636551,0.48300748426365514
2021-12-31,29.410999298095703,-0.005914998370572744,1.4742354974106884,0.4742354974106884
2022-01-03,30.121000289916992,0.024140661955245335,1.5098245181961027,0.5098245181961027
2022-01-04,29.290000915527344,-0.027588704438471945,1.4681704158096323,0.46817041580963226
2022-01-05,27.60400009155273,-0.05756233428728996,1.3836590995440887,0.3836590995440887
2022-01-06,28.17799949645996,0.020794066186185844,1.4124309984391268,0.4124309984391268
2022-01-07,27.246999740600582,-0.03303995217887423,1.3657643457947384,0.3657643457947384
2022-01-10,27.39999961853028,0.005615292670249961,1.3734335123149684,0.37343351231496835
2022-01-11,27.816999435424805,0.015218971631390632,1.394335757976491,0.394335757976491
2022-01-12,27.999000549316406,0.006542801796940889,1.4034586204793185,0.40345862047931846
2022-01-13,26.575000762939453,-0.05085895062106849,1.332080187801648,0.33208018780164794
2022-01-14,26.941999435424805,0.013809921428004523,1.3504761105309901,0.35047611053099015
2022-01-18,25.902999877929688,-0.03856430774506603,1.2983959342021132,0.2983959342021132
2022-01-19,25.066999435424805,-0.03227427118266657,1.2564911517192026,0.25649115171920256
2022-01-20,24.14999961853028,-0.03658195386555185,1.2105262503745366,0.21052625037453665
2022-01-21,23.374000549316406,-0.03213246714167439,1.1716290554102426,0.17162905541024265
2022-01-24,23.371999740600582,-8.559975480459947e-05,1.1715287642503776,0.17152876425037755
2022-01-25,22.323999404907227,-0.04483999432332808,1.118997421111775,0.11899742111177503
2022-01-26,22.77199935913086,0.02006808664065618,1.141453558309317,0.14145355830931705
2022-01-27,21.944000244140625,-0.036360404808207236,1.0999498448594216,0.0999498448594216
2022-01-28,22.84000015258789,0.040831202081603735,1.1448621192545054,0.14486211925450543
2022-01-31,24.48600006103516,0.07206654542253887,1.2273683771743045,0.22736837717430447
2022-02-01,24.63800048828125,0.0062076462822513445,1.2349874459178234,0.2349874459178234
2022-02-02,25.242000579833984,0.02451498009507791,1.26526313857217,0.26526313857217
2022-02-03,23.94799995422364,-0.0512637903448957,1.2004009543052816,0.2004009543052816
2022-02-04,24.319000244140625,0.015491911250465451,1.218997459354353,0.2189974593543531
2022-02-07,24.72800064086914,0.016818141889984206,1.239498731589305,0.2394987315893049
2022-02-08,25.107999801635746,0.01536716074564315,1.2585463078416586,0.25854630784165855
2022-02-09,26.70499992370605,0.06360523079047753,1.3385964362124305,0.3385964362124305
2022-02-10,25.823999404907227,-0.032990096285930304,1.2944360108937794,0.29443601089377935
2022-02-11,23.948999404907227,-0.07260687899658569,1.2004510520819915,0.20045105208199154
2022-02-14,24.26700019836425,0.013278249670500397,1.216390940868751,0.216390940868751
2022-02-15,26.4950008392334,0.09181195131894904,1.3280701667166033,0.3280701667166033
2022-02-16,26.51099967956543,0.0006038437375075478,1.3288721135697457,0.32887211356974566
2022-02-17,24.506999969482425,-0.07559125398155686,1.2284210041238868,0.22842100412388677
2022-02-18,23.64200019836425,-0.035296028571237814,1.1850626212648214,0.18506262126482143
2022-02-22,23.38999938964844,-0.010659030818096604,1.1724310022633853,0.17243100226338526
2022-02-23,22.386999130249023,-0.04288158553109278,1.122155301960523,0.12215530196052304
2022-02-24,23.74799919128418,0.060794216014248725,1.1903758537894455,0.19037585378944555
2022-02-25,24.15699958801269,0.01722252023987858,1.2108771260243971,0.21087712602439712
2022-02-28,24.38500022888184,0.009438284752146364,1.222305729139676,0.22230572913967594
2022-03-01,23.47699928283692,-0.037236044187913264,1.1767918989982915,0.1767918989982915
2022-03-02,24.21999931335449,0.03164799817755015,1.2140350068731451,0.21403500687314514
2022-03-03,23.714000701904297,-0.02089176819964622,1.1886716689232955,0.18867166892329545
2022-03-04,22.93600082397461,-0.03280761806957411,1.1496741827991368,0.1496741827991368
2022-03-07,21.35199928283692,-0.06906180171924126,1.0702756123449322,0.07027561234493218
2022-03-08,21.513999938964844,0.007587142261574531,1.078395945674887,0.07839594567488706
2022-03-09,23.013999938964844,0.06972204165917528,1.1535839127243173,0.15358391272431726
2022-03-10,22.65800094604492,-0.015468801332409243,1.1357393523581214,0.1357393523581214
2022-03-11,22.100000381469727,-0.024627087177900076,1.1077694003162262,0.10776940031622617
2022-03-14,21.32999992370605,-0.034841649071160274,1.0691728876186386,0.0691728876186386
2022-03-15,22.972999572753903,0.07702764439402698,1.1515287566018622,0.15152875660186216
2022-03-16,24.496000289916992,0.06629524857386837,1.2278696417607402,0.2278696417607402
2022-03-17,24.766000747680664,0.01102222626421212,1.241403498775184,0.24140349877518408
2022-03-18,26.452999114990234,0.06811751257285881,1.3259648172109937,0.3259648172109937
2022-03-21,26.733999252319336,0.01062261923903618,1.3400500365885843,0.34005003658858435
2022-03-22,26.52400016784668,-0.007855131680473804,1.3295237670927573,0.3295237670927573
2022-03-23,25.63400077819824,-0.03355449344052297,1.284912270570824,0.284912270570824
2022-03-24,28.14999961853028,0.0981508451256623,1.411027495839684,0.411027495839684
2022-03-25,27.691999435424805,-0.016269988963125592,1.3880700940557056,0.3880700940557056
2022-03-28,28.2189998626709,0.019030782825018022,1.414486154561582,0.4144861545615821
2022-03-29,28.6560001373291,0.015486029865866557,1.4363909293959776,0.43639092939597757
2022-03-30,27.690000534057617,-0.033710203749375056,1.387969898502285,0.387969898502285
2022-03-31,27.285999298095703,-0.014590149085226933,1.3677192107573295,0.3677192107573295
2022-04-01,26.71199989318848,-0.02103640766960224,1.3389473118622917,0.33894731186229166
2022-04-04,27.36000061035156,0.024258787052792607,1.3714285495756682,0.3714285495756682
2022-04-05,25.93099975585937,-0.052229562230036275,1.2997994368015575,0.2997994368015575
2022-04-06,24.40699958801269,-0.058771361775294295,1.2234084538659693,0.2234084538659693
2022-04-07,24.20800018310547,-0.008153374370726052,1.2134335467332888,0.21343354673328885
2022-04-08,23.11899948120117,-0.044985157537478226,1.158847047472231,0.158847047472231
2022-04-11,21.91699981689453,-0.05199185480686663,1.0985964400366888,0.09859644003668877
2022-04-12,21.503999710083008,-0.018843824896743633,1.0778946810884515,0.07789468108845155
2022-04-13,22.202999114990234,0.0325055531217977,1.1129322439042755,0.11293224390427548
2022-04-14,21.257999420166016,-0.0425618039225254,1.0655638399601655,0.06556383996016546
2022-04-18,21.78300094604492,0.024696657267798683,1.0918797049126212,0.09187970491262121
2022-04-19,22.19799995422364,0.019051507604789908,1.1126816594142799,0.11268165941427988
2022-04-20,21.48200035095215,-0.0322551403166057,1.0767919563621586,0.07679195636215863
2022-04-21,20.183000564575195,-0.060469219120898976,1.0116791876052738,0.011679187605273755
2022-04-22,19.51499938964844,-0.03309721826492029,0.9781954207190248,-0.021804579280975234
2022-04-25,19.902000427246094,0.019830953097694337,0.9975939682276831,-0.002406031772316908
2022-04-26,18.788000106811523,-0.05597428884131117,0.941754355303757,-0.05824564469624305
2022-04-27,18.415000915527344,-0.01985305456480968,0.9230576547012643,-0.07694234529873567
2022-04-28,19.78199958801269,0.0742328864796693,0.991578888796893,-0.008421111203106957
2022-04-29,18.54700088500977,-0.06243042810249044,0.9296741942719112,-0.07032580572808877
2022-05-02,19.53300094604492,0.053162237234380294,0.9790977543384759,-0.0209022456615241
2022-05-03,19.60199928283692,0.0035323981697739093,0.9825563174539309,-0.017443682546069095
2022-05-04,20.333999633789062,0.03734314752235823,1.0192480629656382,0.01924806296563819
2022-05-05,18.8439998626709,-0.07327627608698428,0.9445613605026442,-0.055438639497355835
2022-05-06,18.674999237060547,-0.00896840516036801,0.936090151522828,-0.06390984847717196
2022-05-09,16.950000762939453,-0.09236939997822502,0.8496240659011387,-0.1503759340988613
2022-05-10,17.594999313354492,0.03805301011108542,0.8819548190714962,-0.1180451809285038
2022-05-11,16.6299991607666,-0.054845137268943356,0.8335838859545139,-0.16641611404548606
2022-05-12,16.174999237060547,-0.02736018921633432,0.8107768731071112,-0.18922312689288878
2022-05-13,17.70599937438965,0.09465225406757583,0.8875187316925602,-0.11248126830743976
2022-05-16,17.263999938964844,-0.024963258276407885,0.8653633723681688,-0.13463662763183115
2022-05-17,18.177000045776367,0.05288462175853481,0.9111277869995495,-0.08887221300045045
2022-05-18,16.937999725341797,-0.06816308066866439,0.8490225101548375,-0.15097748984516246
2022-05-19,17.124000549316406,0.01098127447105357,0.8583458593709506,-0.14165414062904935
2022-05-20,16.694000244140625,-0.02511097240025184,0.8367919601864162,-0.16320803981358378
2022-05-23,16.898000717163086,0.012219987422970258,0.8470175474155368,-0.1529824525844632
2022-05-24,16.15399932861328,-0.044028959461111405,0.8097242461575281,-0.19027575384247186
2022-05-25,16.975000381469727,0.05082339278064851,0.8508771795640067,-0.14912282043599334
2022-05-26,17.85099983215332,0.05160526839456536,0.894786924786218,-0.10521307521378198
2022-05-27,18.81100082397461,0.053778555870698685,0.9429072734132043,-0.05709272658679565
2022-05-31,18.67200088500977,-0.007389289930160747,0.9359398581926969,-0.06406014180730313
2022-06-01,18.31999969482422,-0.018851819489155153,0.9182956889333427,-0.08170431106665732
2022-06-02,19.59199905395508,0.06943228058514817,0.9820550528674945,-0.017944947132505495
2022-06-03,18.71999931335449,-0.044507951342747765,0.9383457943585685,-0.061654205641431536
2022-06-06,18.785999298095703,0.0035256403398546965,0.9416540641438921,-0.05834593585610792
2022-06-07,18.926000595092773,0.007452427458104927,0.9486716727475542,-0.05132832725244585
2022-06-08,18.64800071716309,-0.014688780999075113,0.9347368423065391,-0.06526315769346092
2022-06-09,18.04800033569336,-0.03217505139398169,0.904661636365478,-0.09533836363452197
2022-06-10,16.974000930786133,-0.059507944643772404,0.8508270817872966,-0.1491729182127034
2022-06-13,15.647000312805176,-0.07817842260006869,0.7843107626277461,-0.21568923737225387
2022-06-14,15.836000442504885,0.01207900082580271,0.7937844529772127,-0.20621554702278733
2022-06-15,16.527000427246094,0.043634754068743176,0.8284210423664652,-0.1715789576335348
2022-06-16,15.60099983215332,-0.056029561998811706,0.7820049742120732,-0.21799502578792684
2022-06-17,15.880000114440918,0.017883487294999112,0.7959899502330209,-0.20401004976697912
2022-06-21,16.56599998474121,0.043198983964519044,0.8303759073290554,-0.16962409267094458
2022-06-22,16.360000610351562,-0.012435070299371742,0.820050124546514,-0.17994987545348595
2022-06-23,16.225000381469727,-0.008251847423307312,0.813283196039292,-0.186716803960708
2022-06-24,17.125999450683594,0.05553152838399211,0.8584460549243718,-0.14155394507562824
2022-06-27,16.868999481201172,-0.015006421681986182,0.8455638514329392,-0.15443614856706078
2022-06-28,15.982000350952148,-0.052581608721815165,0.8011027438475814,-0.1988972561524186
2022-06-29,15.541999816894531,-0.02753100515552198,0.7790475800766108,-0.2209524199233892
2022-06-30,15.159000396728516,-0.024642866084047088,0.7598496148876819,-0.24015038511231812
2022-07-01,14.52299976348877,-0.04195531476976555,0.727969885117384,-0.27203011488261597
2022-07-05,14.96399974822998,0.03036562638043261,0.7500751466650649,-0.24992485333493508
2022-07-06,15.130000114440918,0.01109331522346313,0.7583959667083058,-0.24160403329169422
2022-07-07,15.857999801635742,0.04811630414331458,0.7948871777035057,-0.2051128222964943
2022-07-08,15.838000297546388,-0.0012611618324834817,0.7938846963338555,-0.2061153036661445
2022-07-11,15.152000427246094,-0.04331354068774507,0.759498739237821,-0.24050126076217904
2022-07-12,15.08199977874756,-0.004619894833995608,0.75598993493599,-0.24401006506401002
2022-07-13,15.163999557495115,0.005436930112086458,0.7601001993776777,-0.2398998006223223
2022-07-14,15.371999740600586,0.013716709916590686,0.770526273320084,-0.22947372667991595
2022-07-15,15.76200008392334,0.025370826821749404,0.7900751619620958,-0.20992483803790418
2022-07-18,16.10099983215332,0.021507406828131348,0.8070676298952164,-0.1929323701047836
2022-07-19,16.992000579833984,0.05533822476672268,0.8517293198003041,-0.14827068019969591
2022-07-20,17.80699920654297,0.04796366518938444,0.892581379727188,-0.10741862027281202
2022-07-21,18.049999237060547,0.013646321185227572,0.9047618319188988,-0.0952381680811012
2022-07-22,17.319000244140625,-0.04049856087633641,0.8681202797903457,-0.13187972020965433
2022-07-25,17.02400016784668,-0.01703332017642012,0.8533333091130333,-0.1466666908869667
2022-07-26,16.533000946044922,-0.028841589342151863,0.8287218202396156,-0.1712781797603844
2022-07-27,17.790000915527344,0.07602975246808574,0.891729335097335,-0.10827066490266501
2022-07-28,17.983999252319336,0.010904908758192722,0.9014535621335753,-0.0985464378664247
2022-07-29,18.163000106811523,0.009953339742777345,0.9104260356998276,-0.08957396430017239
2022-08-01,18.44099998474121,0.015305834735167556,0.9243608661408429,-0.0756391338591571
2022-08-02,18.525999069213867,0.0046092448643233475,0.928621471715884,-0.07137852828411595
2022-08-03,18.89299964904785,0.019810029054997624,0.9470174900516704,-0.05298250994832965
2022-08-04,19.21500015258789,0.017043376357457785,0.963157865551716,-0.03684213444828399
2022-08-05,18.98900032043457,-0.01176163571993949,0.9518295535963023,-0.04817044640369772
2022-08-08,17.792999267578125,-0.0629838871280336,0.8918796284274662,-0.10812037157253385
2022-08-09,17.086000442504883,-0.03973466274241433,0.856441092185071,-0.14355890781492897
2022-08-10,18.097000122070312,0.05917123103019262,0.9071177659145043,-0.09288223408549567
2022-08-11,17.941999435424805,-0.008564993402220056,0.89934830823441,-0.10065169176558997
2022-08-12,18.708999633789062,0.042748869830521175,0.9377944319954222,-0.06220556800457777
2022-08-15,19.03199958801269,0.017264416085629675,0.9539849052721779,-0.04601509472782206
2022-08-16,18.878999710083008,-0.008039085815557234,0.9463157387519486,-0.05368426124805137
2022-08-17,18.334999084472656,-0.028815119125183752,0.919047538009775,-0.08095246199022499
2022-08-18,18.77300071716309,0.02388882762810507,0.9410025062273248,-0.05899749377267516
2022-08-19,17.849000930786133,-0.049219610668431724,0.8946867292327975,-0.10531327076720254
2022-08-22,17.034000396728516,-0.04566084887428612,0.8538345736994694,-0.14616542630053064
2022-08-23,17.180999755859375,0.008629761401149905,0.8612029623465484,-0.13879703765345164
2022-08-24,17.222000122070312,0.0023863783710813546,0.8632581184690034,-0.13674188153099665
2022-08-25,17.913000106811523,0.04012309719215956,0.897894707858256,-0.10210529214174402
2022-08-26,16.260000228881836,-0.09227934282773353,0.8150375742885964,-0.18496242571140364
2022-08-29,15.800999641418455,-0.028228818019822688,0.7920300269246858,-0.20796997307531417
2022-08-30,15.468000411987305,-0.021074567241826547,0.7753383368647159,-0.22466166313528413
2022-08-31,15.093999862670898,-0.024178984959592142,0.7565914428790688,-0.24340855712093123
2022-09-01,13.937000274658203,-0.0766529480945658,0.6985964782792669,-0.30140352172073315
2022-09-02,13.647000312805176,-0.02080791821324257,0.6840601398951726,-0.31593986010482744
2022-09-06,13.46500015258789,-0.013336275814877174,0.674937325195567,-0.32506267480443296
2022-09-07,13.71399974822998,0.018492357431888706,0.6874185074572063,-0.31258149254279366
2022-09-08,13.989999771118164,0.020125421318007986,0.7012530945415788,-0.2987469054584212
2022-09-09,14.38700008392334,0.02837743526091896,0.7211528588334516,-0.2788471411665484
2022-09-12,14.505000114440918,0.008201850964707713,0.7270676471043764,-0.27293235289562356
2022-09-13,13.130999565124512,-0.09472599369016732,0.6581954417524425,-0.3418045582475575
2022-09-14,13.128000259399414,-0.00022841412112017956,0.6580451006190893,-0.3419548993809107
2022-09-15,12.928999900817873,-0.015158466990359831,0.6480701456831868,-0.35192985431681323
2022-09-16,13.197999954223633,0.020805944424884926,0.6615538571176982,-0.3384461428823018
2022-09-19,13.381999969482422,0.013941507493330896,0.6707769151739466,-0.32922308482605345
2022-09-20,13.175999641418455,-0.015393837134490274,0.660451084588183,-0.339548915411817
2022-09-21,13.26099967956543,0.0064511263251540996,0.6647117379664464,-0.33528826203355355
2022-09-22,12.560999870300291,-0.05278635292811329,0.6296240295706901,-0.3703759704293099
2022-09-23,12.515999794006348,-0.0035825234263670014,0.6273683867349495,-0.37263161326505045
2022-09-26,12.227999687194824,-0.0230105554131953,0.6129322917074981,-0.3870677082925019
2022-09-27,12.413000106811523,0.015129246348479342,0.6222054953436789,-0.37779450465632114
2022-09-28,12.736000061035156,0.02602110299236915,0.6383959686204348,-0.3616040313795652
2022-09-29,12.220000267028809,-0.04051505900859809,0.6125313182809268,-0.3874686817190732
2022-09-30,12.138999938964844,-0.006628504606707275,0.6084711516159492,-0.3915288483840508
2022-10-03,12.51200008392334,0.030727419625500296,0.6271679000216639,-0.3728320999783361
2022-10-04,13.166999816894531,0.05234972255257575,0.6599999655816796,-0.3400000344183204
2022-10-05,13.208999633789062,0.0031897788014427775,0.662105219480845,-0.337894780519155
2022-10-06,13.130000114440918,-0.0059807344642558435,0.6581453439757322,-0.3418546560242678
2022-10-07,12.076000213623049,-0.08027417301075546,0.6053132707672011,-0.3946867292327989
2022-10-10,11.670000076293944,-0.033620414884648064,0.5849623874688245,-0.41503761253117555
2022-10-11,11.586000442504885,-0.007197912017129604,0.5807518796704938,-0.4192481203295062
2022-10-12,11.5,-0.007422789506323468,0.576441080712298,-0.42355891928770195
2022-10-13,11.960000038146973,0.04000000331712816,0.599498725852919,-0.40050127414708103
2022-10-14,11.22700023651123,-0.06128760863694027,0.562756882564501,-0.43724311743549904
2022-10-17,11.887999534606934,0.058875860351910614,0.595889678194445,-0.40411032180555495
2022-10-18,11.967000007629396,0.006645396712246399,0.59984960150278,-0.40015039849722
2022-10-19,12.050999641418455,0.007019272477271299,0.6040601093011106,-0.39593989069888935
2022-10-20,12.194000244140623,0.011866285534577914,0.6112280590381259,-0.38877194096187406
2022-10-21,12.465999603271484,0.022305999154097256,0.6248621116059909,-0.3751378883940091
2022-10-24,12.598999977111816,0.010669050062012575,0.6315287967565701,-0.36847120324342986
2022-10-25,13.26099967956543,0.052543829165508926,0.6647117379664468,-0.3352882620335532
2022-10-26,12.895999908447266,-0.027524302838240144,0.6464160107905254,-0.35358398920947465
2022-10-27,13.175999641418455,0.021712138256746005,0.6604510845881835,-0.33954891541181653
2022-10-28,13.833999633789062,0.04993928432588901,0.6934335390847746,-0.30656646091522544
2022-10-31,13.496999740600586,-0.024360264718047753,0.6765413145082967,-0.3234586854917033
2022-11-01,13.54300022125244,0.0034082004546149847,0.6788471029239697,-0.32115289707603034
2022-11-02,13.218999862670898,-0.023923824358586532,0.6626064840672813,-0.3373935159327187
2022-11-03,13.42099952697754,0.015281009638033805,0.6727317801365371,-0.3272682198634629
2022-11-04,14.156000137329102,0.05476496805428965,0.70957391458482,-0.29042608541518
2022-11-07,14.300999641418455,0.010242971367808495,0.7168420598752561,-0.28315794012474393
2022-11-08,14.60200023651123,0.02104752133697141,0.7319298084257191,-0.2680701915742809
2022-11-09,13.776000022888184,-0.056567607193820924,0.6905262905292444,-0.3094737094707556
2022-11-10,15.75,0.14329268102730164,0.7894736540190173,-0.21052634598098274
2022-11-11,16.32699966430664,0.03663489932105657,0.8183959418506306,-0.18160405814936942
2022-11-14,16.295000076293945,-0.001959918458420251,0.8167919525379013,-0.18320804746209873
2022-11-15,16.666000366210938,0.022767737844734626,0.8353884575869731,-0.1646115424130269
2022-11-16,15.90999984741211,-0.045361844604993706,0.7974936961891075,-0.20250630381089252
2022-11-17,15.677000045776367,-0.014644865108131455,0.7858145085838328,-0.21418549141616716
2022-11-18,15.409000396728516,-0.017095085045946368,0.7723809427292536,-0.22761905727074638
2022-11-21,15.31700038909912,-0.005970537040736801,0.7677694137011294,-0.2322305862988706
2022-11-22,16.038000106811523,0.047071861291165584,0.8039097490464685,-0.1960902509535315
2022-11-23,16.518999099731445,0.029991207738902403,0.82801997333345,-0.17198002666655
2022-11-25,16.270000457763672,-0.01507347027894812,0.8155388388750329,-0.18446116112496713
2022-11-28,15.82699966430664,-0.027228075045667377,0.793333286167487,-0.206666713832513
2022-11-29,15.638999938964844,-0.011878418482928144,0.783909741397953,-0.216090258602047
2022-11-30,16.92300033569336,0.08210246190547044,0.8482706610784057,-0.15172933892159435
2022-12-01,17.135000228881836,0.01252732310956306,0.8588972217340975,-0.14110277826590245
2022-12-02,16.875999450683594,-0.015115306375174997,0.8459147270828,-0.15408527291719998
2022-12-05,16.610000610351562,-0.015761960712866507,0.8325814523880858,-0.16741854761191421
2022-12-06,15.987000465393066,-0.037507532935925014,0.8013533761407994,-0.19864662385920062
2022-12-07,16.1200008392334,0.008319282540101058,0.8080200612913786,-0.1919799387086214
2022-12-08,17.16900062561035,0.06507442504741445,0.8606015022066916,-0.13939849779330837
2022-12-09,17.000999450683594,-0.009785145832900577,0.8521803910035859,-0.1478196089964141
2022-12-12,17.53499984741211,0.031409941414182185,0.8789473271593234,-0.12105267284067656
2022-12-13,18.07200050354004,0.030624503039683892,0.9058646522516361,-0.09413534774836385
2022-12-14,17.673999786376953,-0.022023058105001936,0.885914742379831,-0.11408525762016897
2022-12-15,16.95199966430664,-0.040850974923448136,0.8497242614545596,-0.1502757385454404
2022-12-16,16.570999145507812,-0.02247525521139815,0.8306264918190516,-0.16937350818094843
2022-12-19,16.253999710083008,-0.019129771997528522,0.8147367964154462,-0.18526320358455384
2022-12-20,16.084999084472656,-0.010397479305079171,0.80626558743563,-0.19373441256436996
2022-12-21,16.500999450683594,0.02586262915069204,0.8271177353204426,-0.17288226467955736
2022-12-22,15.33899974822998,-0.07041995885924801,0.7688721384274226,-0.23112786157257736
2022-12-23,15.206000328063965,-0.008670670992178775,0.7622055010800656,-0.23779449891993443
2022-12-27,14.121000289916992,-0.07135341409565232,0.7078195363355155,-0.29218046366448447
2022-12-28,14.03600025177002,-0.006019406302800401,0.7035588829572522,-0.2964411170427478
2022-12-29,14.602999687194824,0.040396083303952945,0.7319799062024295,-0.2680200937975705
2022-12-30,14.61400032043457,0.0007533132558643629,0.7325313163687981,-0.2674686836312019
2023-01-03,14.3149995803833,-0.020459883228083786,0.717543811174978,-0.282456188825022
2023-01-04,14.74899959564209,0.03031785036539758,0.7392981970727981,-0.2607018029272019
2023-01-05,14.265000343322754,-0.032815734326980706,0.7150375838492413,-0.2849624161507587
2023-01-06,14.859000205993652,0.04164036791972059,0.7448120119171517,-0.25518798808284826
2023-01-09,15.628000259399414,0.051753149118038966,0.7833583790348068,-0.21664162096519324
2023-01-10,15.909000396728516,0.017980556223762267,0.7974435984123974,-0.20255640158760257
2023-01-11,16.000999450683594,0.0057828305777147815,0.8020550796372995,-0.1979449203627005
2023-01-12,16.51099967956543,0.03187302333542963,0.827618999906879,-0.17238100009312096
2023-01-13,16.89900016784668,0.02349951522084104,0.847067645192248,-0.15293235480775202
2023-01-17,17.70199966430664,0.04751757432299497,0.8873182449792749,-0.11268175502072508
2023-01-18,17.37700080871582,-0.018359443099873696,0.8710275761490981,-0.1289724238509019
2023-01-19,16.764999389648438,-0.0352190476253198,0.8403508144617361,-0.1596491855382639
2023-01-20,17.839000701904297,0.06406211460520561,0.8941854646463617,-0.10581453535363827
2023-01-23,19.19300079345703,0.07590111767909713,0.9620551408254234,-0.03794485917457657
2023-01-24,19.26499938964844,0.0037512943893565076,0.9656640928774535,-0.03433590712254653
2023-01-25,19.32299995422364,0.003010670460044995,0.9685713892362058,-0.03142861076379422
2023-01-26,19.802000045776367,0.02478911621836577,0.9925814179697661,-0.007418582030233933
2023-01-27,20.364999771118164,0.028431457632577928,1.0208019545016576,0.02080195450165756
2023-01-30,19.16200065612793,-0.059071894353583065,0.9605012492894045,-0.0394987507105955
2023-01-31,19.53700065612793,0.019569981586451846,0.9792982410517621,-0.02070175894823789
2023-02-01,20.94300079345703,0.07196601781799594,1.0497744357164254,0.04977443571642537
2023-02-02,21.708999633789062,0.036575409984768825,1.088170366094283,0.08817036609428297
2023-02-03,21.100000381469727,-0.02805284732565272,1.0576440889499403,0.05764408894994033
2023-02-06,21.089000701904297,-0.0005213118183206022,1.0570927265867938,0.05709272658679376
2023-02-07,22.17300033569336,0.05140118534356053,1.1114285457514113,0.11142854575141126
2023-02-08,22.20499992370605,0.0014431780782133696,1.1130325350641403,0.11303253506414035
2023-02-09,22.33699989318848,0.0059446057165488675,1.1196490746347876,0.11964907463478758
2023-02-10,21.26499938964844,-0.04799214346895975,1.0659147156100268,0.06591471561002682
2023-02-13,21.788000106811523,0.024594438381111416,1.0921302894026175,0.09213028940261747
2023-02-14,22.97100067138672,0.05429596836679651,1.1514285610484423,0.15142856104844227
2023-02-15,22.763999938964844,-0.009011393773529441,1.1410525848827464,0.1410525848827464
2023-02-16,22.00200080871582,-0.03347386805008379,1.1028571412181742,0.10285714121817424
2023-02-17,21.38800048828125,-0.027906567487777867,1.0720801839773915,0.07208018397739147
2023-02-21,20.655000686645508,-0.03427154408554278,1.0353383406889736,0.03533834068897357
2023-02-22,20.753999710083008,0.0047929808833899745,1.0403006975637366,0.040300697563736554
2023-02-23,23.66399955749512,0.1402139292696596,1.186165345991116,0.1861653459911159
2023-02-24,23.285999298095703,-0.015973642092115936,1.167217965292183,0.16721796529218302
2023-02-27,23.5009994506836,0.009233022376904376,1.1779949148844506,0.17799491488445063
2023-02-28,23.215999603271484,-0.012127137316444103,1.163709208793574,0.1637092087935741
2023-03-01,22.69799995422364,-0.022312183748265157,1.1377443150974236,0.13774431509742358
2023-03-02,23.31399917602539,0.027138920743857264,1.1686214678916267,0.1686214678916267
2023-03-03,23.88999938964844,0.024706195160861588,1.1974936579465298,0.19749365794652984
2023-03-06,23.554000854492188,-0.014064401161175466,1.1806516267532063,0.18065162675320634
2023-03-07,23.288000106811523,-0.011293229941015892,1.167318256452048,0.1673182564520479
2023-03-08,24.18099975585937,0.038345913987979374,1.2120801419105562,0.21208014191055624
2023-03-09,23.43600082397461,-0.030809269236448333,1.1747368384822814,0.1747368384822814
2023-03-10,22.96500015258789,-0.0200973141673938,1.151127783175292,0.15112778317529196
2023-03-13,22.965999603271484,4.352060426526805e-05,1.1511778809520024,0.15117788095200235
2023-03-14,24.0629997253418,0.047766269312050635,1.2061653536396315,0.2061653536396315
2023-03-15,24.22800064086914,0.006857038499384238,1.2144360759061619,0.21443607590616187
2023-03-16,25.541000366210938,0.05419348235970234,1.2802505959627686,0.2802505959627686
2023-03-17,25.725000381469727,0.007204103700738651,1.2894736540190168,0.2894736540190168
2023-03-20,25.89999961853028,0.006802691330049848,1.2982455452655397,0.2982455452655397
2023-03-21,26.198999404907227,0.011544393466439429,1.3132330026561372,0.3132330026561372
2023-03-22,26.468000411987305,0.01026760613726685,1.3267167618938707,0.32671676189387067
2023-03-23,27.19099998474121,0.027315987664351837,1.3629573405958524,0.3629573405958524
2023-03-24,26.77899932861328,-0.01515209651572702,1.3423056794243253,0.3423056794243253
2023-03-27,26.5310001373291,-0.009260958120238416,1.3298746427426185,0.32987464274261846
2023-03-28,26.40999984741211,-0.004560713478220735,1.3238094655351182,0.32380946553511825
2023-03-29,26.983999252319336,0.02173416918680804,1.3525813644301565,0.35258136443015653
2023-03-30,27.382999420166016,0.014786546801893508,1.372581372078672,0.3725813720786719
2023-03-31,27.777000427246094,0.01438852629087517,1.3923307952371915,0.3923307952371915
2023-04-03,27.96500015258789,0.0067681795172307435,1.4017543400067254,0.4017543400067254
2023-04-04,27.452999114990234,-0.018308637039298414,1.3760901285772809,0.37609012857728086
2023-04-05,26.881000518798828,-0.02083555948825555,1.3474185208421077,0.34741852084210767
2023-04-06,27.03700065612793,0.005803360526703827,1.3552380762989125,0.35523807629891246
2023-04-10,27.57900047302246,0.020046595544675805,1.3824059858812212,0.3824059858812212
2023-04-11,27.16900062561035,-0.014866378055041096,1.3618546158695592,0.36185461586955925
2023-04-12,26.4950008392334,-0.024807676795502775,1.3280701667166037,0.3280701667166037
2023-04-13,26.46299934387207,-0.0012078314530166168,1.3264660817974303,0.3264660817974303
2023-04-14,26.757999420166016,0.011147643260712048,1.3412530524747426,0.3412530524747426
2023-04-17,27.00200080871582,0.009118820309335751,1.3534836980496079,0.3534836980496079
2023-04-18,27.66699981689453,0.0246277678787441,1.3868169803928379,0.38681698039283785
2023-04-19,27.93099975585937,0.009542051567283938,1.4000500595341312,0.4000500595341312
2023-04-20,27.10400009155273,-0.029608666769371683,1.3585964438609461,0.35859644386094613
2023-04-21,27.11899948120117,0.0005534013281349726,1.3593482929373781,0.35934829293737813
2023-04-24,27.04199981689453,-0.0028393254094795095,1.3554886607889085,0.3554886607889085
2023-04-25,26.24099922180176,-0.029620612399839708,1.3153382565553025,0.31533825655530245
2023-04-26,26.95599937438965,0.0272474438394803,1.351177861830713,0.3511778618307131
2023-04-27,27.22599983215332,0.010016340110921451,1.3647117188451572,0.3647117188451572
2023-04-28,27.749000549316406,0.01920960553835882,1.3909272926377483,0.3909272926377483
2023-05-01,28.90999984741211,0.041839319438995215,1.4491227439508358,0.44912274395083585
2023-05-02,28.209999084472656,-0.02421310157848766,1.4140349877518574,0.41403498775185743
2023-05-03,27.802000045776367,-0.014462922791119825,1.3935839089000603,0.39358390890006034
2023-05-04,27.562000274658203,-0.0086324642372132,1.3815538456449248,0.3815538456449248
2023-05-05,28.68000030517578,0.040563094818104384,1.4375939452821367,0.4375939452821367
2023-05-08,29.150999069213867,0.016422550872605246,1.4612029049826818,0.4612029049826818
2023-05-09,28.57099914550781,-0.019896399513750884,1.432130228214493,0.432130228214493
2023-05-10,28.88500022888184,0.010990203099824125,1.4478696302879677,0.44786963028796767
2023-05-11,28.577999114990234,-0.010628392295619182,1.4324811038643541,0.4324811038643541
2023-05-12,28.34000015258789,-0.008328048490893303,1.4205513317690834,0.42055133176908344
2023-05-15,28.952999114990234,0.02163016792878758,1.4512780956267115,0.4512780956267115
2023-05-16,29.21299934387207,0.008980079329578672,1.4643106880547192,0.4643106880547192
2023-05-17,30.17799949645996,0.0330332445918573,1.5126816211717016,0.5126816211717016
2023-05-18,31.67799949645996,0.04970508400253504,1.5878695882211318,0.5878695882211318
2023-05-19,31.263999938964844,-0.013068993120647687,1.5671177314961842,0.5671177314961842
2023-05-22,31.176000595092773,-0.0028147180157327423,1.5627067369845675,0.5627067369845675
2023-05-23,30.6879997253418,-0.01565309406068549,1.5382455414412812,0.5382455414412812
2023-05-24,30.538000106811523,-0.004887891679900225,1.5307267638576267,0.5307267638576267
2023-05-25,37.97999954223633,0.24369635894280006,1.9037593027460258,0.9037593027460258
2023-05-26,38.94599914550781,0.025434429039348228,1.9521803336397185,0.9521803336397185
2023-05-30,40.11100006103516,0.029913237330867926,2.0105763672725363,1.0105763672725363
2023-05-31,37.83399963378906,-0.056767480835214434,1.8964410118756576,0.8964410118756576
2023-06-01,39.77000045776367,0.05117092675143953,1.9934836559827727,0.9934836559827727
2023-06-02,39.32699966430664,-0.011139069357756326,1.971278103275227,0.9712781032752269
2023-06-05,39.17100143432617,-0.003966695433469725,1.9634586434248662,0.9634586434248662
2023-06-06,38.65399932861328,-0.013198593009670523,1.9375437518989815,0.9375437518989815
2023-06-07,37.47499847412109,-0.030501393774782004,1.8784459669664422,0.8784459669664422
2023-06-08,38.5099983215332,0.02761840932767079,1.9303256565820337,0.9303256565820337
2023-06-09,38.77000045776367,0.0067515488850355965,1.9433583446164857,0.9433583446164857
2023-06-12,39.48199844360352,0.018364662817466515,1.9790474653488774,0.9790474653488774
2023-06-13,41.02199935913086,0.039005140981581476,2.056240490744052,1.056240490744052
2023-06-14,42.99700164794922,0.04814495440673228,2.1552380954202013,1.1552380954202013
2023-06-15,42.65299987792969,-0.008000599037955025,2.1379948995874183,1.1379948995874183
2023-06-16,42.69200134277344,0.0009143897253502953,2.1399498601564524,1.1399498601564524
2023-06-20,43.80799865722656,0.026140665214844372,2.195889573027355,1.195889573027355
2023-06-21,43.04499816894531,-0.01741692183318644,2.1576439359796287,1.1576439359796287
2023-06-22,43.025001525878906,-0.00046455207148399236,2.1566415980196445,1.1566415980196445
2023-06-23,42.20899963378906,-0.018965760909945173,2.1157392491031617,1.1157392491031617
2023-06-26,40.63199996948242,-0.03736169248238297,2.0366916499052614,1.0366916499052614
2023-06-27,41.8759994506836,0.03061625029866888,2.0990475112399696,1.0990475112399696
2023-06-28,41.117000579833984,-0.01812491357354873,2.0610024565119724,1.0610024565119724
2023-06-29,40.821998596191406,-0.0071746960985102914,2.046215390228216,1.046215390228216
2023-06-30,42.30199813842773,0.03625495059358519,2.1204008281047737,1.1204008281047737
2023-07-03,42.41299819946289,0.002623990967800971,2.125964740725838,1.1259647407258382
2023-07-05,42.31700134277344,-0.0022633829430778185,2.1211528683940943,1.1211528683940943
2023-07-06,42.10300064086914,-0.005057085689292196,2.1104260165785376,1.1104260165785376
2023-07-07,42.50299835205078,0.009500456145478786,2.1304760263973193,1.1304760263973193
2023-07-10,42.18000030517578,-0.007599417909287642,2.1142856487270074,1.1142856487270074
2023-07-11,42.40499877929688,0.005334245436064977,2.1255637672992673,1.1255637672992673
2023-07-12,43.902000427246094,0.03530248062829999,2.200601441018566,1.200601441018566
2023-07-13,45.97700119018555,0.047264378450775135,2.3046115003461884,1.3046115003461884
2023-07-14,45.46900177001953,-0.011048989864838266,2.2791478712364737,1.2791478712364737
2023-07-17,46.46099853515625,0.021816990180567375,2.3288720179633007,1.3288720179633007
2023-07-18,47.49399948120117,0.02223372244708144,2.380651512025471,1.3806515120254712
2023-07-19,47.07699966430664,-0.008780052668750038,2.359749266363948,1.359749266363948
2023-07-20,45.52000045776367,-0.03307345875152434,2.28170419633892,1.2817041963389202
2023-07-21,44.30899810791016,-0.026603742040318124,2.2210023264872083,1.2210023264872083
2023-07-24,44.61199951171875,0.006838371814922528,2.236190366197536,1.236190366197536
2023-07-25,45.67900085449219,0.023917362020349664,2.2896741407323007,1.2896741407323007
2023-07-26,45.45199966430664,-0.004969486765015851,2.2782956353937327,1.2782956353937327
2023-07-27,45.900001525878906,0.00985659299659103,2.3007518681977186,1.3007518681977186
2023-07-28,46.75,0.018518484659349133,2.343358306373907,1.343358306373907
2023-07-31,46.729000091552734,-0.00044919590261527365,2.3423056794243244,1.3423056794243244
2023-08-01,46.50699996948242,-0.00475079975251691,2.3311778541821964,1.3311778541821964
2023-08-02,44.26900100708008,-0.04812176583892536,2.218997459354352,1.2189974593543522
2023-08-03,44.51499938964844,0.00555689934202519,2.2313282048761938,1.2313282048761938
2023-08-04,44.68000030517578,0.0037066363650386513,2.2395989271427243,1.2395989271427243
2023-08-07,45.41699981689453,0.0164950650556146,2.2765412571444283,1.2765412571444283
2023-08-08,44.66400146484375,-0.01657965860991717,2.238796980289582,1.2387969802895822
2023-08-09,42.55400085449219,-0.04724163848177376,2.133032542712655,1.1330325427126549
2023-08-10,42.38800048828125,-0.0039009344098702714,2.124711722669414,1.124711722669414
2023-08-11,40.85499954223633,-0.03616591791039403,2.0478695729241,1.0478695729241
2023-08-14,43.75299835205078,0.07093376189659417,2.1931326656051784,1.1931326656051784
2023-08-15,43.93999862670898,0.004273999078955315,2.2025061125980017,1.2025061125980017
2023-08-16,43.48600006103516,-0.010332238959102957,2.1797492931337543,1.1797492931337543
2023-08-17,43.34400177001953,-0.0032653794512332857,2.1726315845831152,1.1726315845831152
2023-08-18,43.29899978637695,-0.0010382517027697213,2.1703758461409306,1.1703758461409306
2023-08-21,46.96699905395508,0.08471325632635462,2.354235451519596,1.354235451519596
2023-08-22,45.667999267578125,-0.027657713129269346,2.289122682762711,1.2891226827627111
2023-08-23,47.11600112915039,0.031707144713919444,2.361704226932984,1.361704226932984
2023-08-24,47.16299819946289,0.0009974757871253903,2.364059969715701,1.3640599697157012
2023-08-25,46.01800155639648,-0.024277435421386162,2.306666656468644,1.3066666564686442
2023-08-28,46.834999084472656,0.017753868061282985,2.3476189119489494,1.3476189119489494
2023-08-29,48.78400039672852,0.04161420626358092,2.4453132095790764,1.4453132095790764
2023-08-30,49.26399993896485,0.009839282107510838,2.4693733360893475,1.4693733360893475
2023-08-31,49.35499954223633,0.0018471825954899934,2.4739347195375387,1.4739347195375387
2023-09-01,48.50899887084961,-0.017141134216053233,2.431528672468192,1.431528672468192
2023-09-05,48.54800033569336,0.0008040047362674052,2.4334836330372265,1.4334836330372265
2023-09-06,47.06100082397461,-0.030629469832673673,2.3589473195108077,1.3589473195108077
2023-09-07,46.24100112915039,-0.017424187341261943,2.317844579487484,1.3178445794874838
2023-09-08,45.571998596191406,-0.014467734621282813,2.28431061921808,1.28431061921808
2023-09-11,45.178001403808594,-0.008645598273491983,2.264561387272449,1.2645613872724488
2023-09-12,44.869998931884766,-0.006817532036684226,2.249122667465681,1.2491226674656808
2023-09-13,45.48500061035156,0.01370630026981745,2.279949818089618,1.279949818089618
2023-09-14,45.58100128173828,0.002110600639738669,2.28476188163425,1.28476188163425
2023-09-15,43.900001525878906,-0.036879395111771185,2.200501245465147,1.200501245465147
2023-09-18,43.96599960327149,0.0015033730090801,2.2038094196440263,1.2038094196440263
2023-09-19,43.52000045776367,-0.010144182994411777,2.181453573606349,1.181453573606349
2023-09-20,42.23899841308594,-0.029434789319934707,2.1172429472560275,1.1172429472560275
2023-09-21,41.016998291015625,-0.028930613129589,2.0559898106476124,1.0559898106476124
2023-09-22,41.61000061035156,0.014457477242205474,2.0857142365452566,1.0857142365452566
2023-09-25,42.22200012207031,0.014707990933470416,2.1163909026261742,1.1163909026261742
2023-09-26,41.9109992980957,-0.007365847735196329,2.1008018894892753,1.1008018894892753
2023-09-27,42.46799850463867,0.013290048337460503,2.1287216481480162,1.1287216481480162
2023-09-28,43.0890007019043,0.01462282704935558,2.159849576645104,1.159849576645104
2023-09-29,43.499000549316406,0.009515185795292425,2.180400946656766,1.180400946656766
2023-10-02,44.78200149536133,0.029494952294141452,2.2447117685605082,1.2447117685605082
2023-10-03,43.516998291015625,-0.028248027379409013,2.1813030890633294,1.1813030890633294
2023-10-04,44.04100036621094,0.012041319387221971,2.207568856239075,1.207568856239075
2023-10-05,44.6879997253418,0.014690841573781643,2.2399999005692974,1.2399999005692974
2023-10-06,45.762001037597656,0.024033327042087604,2.2938345507539233,1.2938345507539233
2023-10-09,45.27299880981445,-0.010685770217553237,2.2693231618274825,1.2693231618274825
2023-10-10,45.79800033569336,0.011596349693652197,2.2956390267799383,1.2956390267799383
2023-10-11,46.805999755859375,0.022009681924483937,2.3461653115727965,1.3461653115727965
2023-10-12,46.94499969482422,0.002969703450195871,2.353132726793304,1.3531327267933042
2023-10-13,45.46099853515625,-0.031611485127596706,2.2787467065970164,1.2787467065970164
2023-10-16,46.095001220703125,0.013946079188220661,2.3105262886171154,1.3105262886171154
2023-10-17,43.9379997253418,-0.04679469439719919,2.2024059170445827,1.2024059170445827
2023-10-18,42.19599914550781,-0.03964678844561198,2.1150875955801522,1.1150875955801522
2023-10-19,42.10100173950195,-0.0022513368075079976,2.110325821025119,1.110325821025119
2023-10-20,41.387001037597656,-0.01695923309193792,2.0745363135264188,1.0745363135264188
2023-10-23,42.97499847412109,0.0383694734267126,2.154135179481021,1.1541351794810208
2023-10-24,43.66299819946289,0.01600930191437011,2.188621379933698,1.1886213799336982
2023-10-25,41.77899932861328,-0.0431486372567238,2.0941853499186287,1.0941853499186287
2023-10-26,40.32600021362305,-0.03477821724646035,2.021353316864804,1.0213533168648041
2023-10-27,40.5,0.004314828781808444,2.030075110334616,1.0300751103346162
2023-10-30,41.1609992980957,0.01632097032335067,2.0632079059645605,1.0632079059645605
2023-10-31,40.77999877929688,-0.009256347642085716,2.044110136329053,1.0441101363290528
2023-11-01,42.32500076293945,0.03788626851129129,2.1215538418206674,1.1215538418206674
2023-11-02,43.50600051879883,0.027903124266296153,2.1807518223066276,1.1807518223066276
2023-11-03,45.005001068115234,0.0344550299140618,2.2558896915793474,1.2558896915793474
2023-11-06,45.7509994506836,0.01657589967477824,2.293283092784333,1.2932830927843328
2023-11-07,45.95500183105469,0.004458971013102886,2.303508775619897,1.303508775619897
2023-11-08,46.57400131225586,0.013469686792241031,2.334536317350676,1.334536317350676
2023-11-09,46.95000076293945,0.008073161851881672,2.3533834068897437,1.3533834068897437
2023-11-10,48.334999084472656,0.029499431289178313,2.42280687899838,1.4228068789983799
2023-11-13,48.619998931884766,0.005896345356581678,2.437092585089256,1.437092585089256
2023-11-14,49.65599822998047,0.021308089692620324,2.489022372481558,1.4890223724815579
2023-11-15,48.88800048828125,-0.015466363965582874,2.4505262465502797,1.4505262465502797
2023-11-16,49.47999954223633,0.012109291606168027,2.4802003834583255,1.4802003834583255
2023-11-17,49.29800033569336,-0.0036782378380503244,2.471077616561942,1.4710776165619421
2023-11-20,50.40900039672852,0.02253641229806158,2.5267668405492936,1.5267668405492936
2023-11-21,49.94400024414063,-0.00922454619072488,2.5034585631154544,1.5034585631154544
2023-11-22,48.71599960327149,-0.024587550754171072,2.441904648633889,1.441904648633889
2023-11-24,47.7760009765625,-0.019295480629855866,2.3947869247862186,1.3947869247862186
2023-11-27,48.242000579833984,0.009753842802793233,2.418145299996768,1.4181452999967679
2023-11-28,47.82099914550781,-0.008726865164504716,2.3970424720155155,1.3970424720155155
2023-11-29,48.13999938964844,0.006670714745419248,2.4130324585789857,1.4130324585789857
2023-11-30,46.77000045776367,-0.028458640408278835,2.3443608355467815,1.3443608355467815
2023-12-01,46.76499938964844,-0.00010692897298025805,2.344110155450341,1.3441101554503412
2023-12-04,45.5099983215332,-0.0268363323959121,2.2812028361460426,1.2812028361460426
2023-12-05,46.56600189208984,0.023203770808688073,2.3341353439241046,1.3341353439241046
2023-12-06,45.50299835205078,-0.022827889379518074,2.280851960496182,1.2808519604961819
2023-12-07,46.59600067138672,0.02402044610070564,2.335639042076969,1.335639042076969
2023-12-08,47.50600051879883,0.019529569797841262,2.3812530677717745,1.3812530677717745
2023-12-11,46.62699890136719,-0.01850295979102279,2.3371928380065436,1.3371928380065436
2023-12-12,47.65700149536133,0.022090261399258404,2.388822038738583,1.3888220387385828
2023-12-13,48.0880012512207,0.009043786691055766,2.4104260356998273,1.4104260356998273
2023-12-14,48.34999847412109,0.005448286809253355,2.4235587280748114,1.4235587280748114
2023-12-15,48.88999938964844,0.011168581852518233,2.4506264421037,1.4506264421037
2023-12-18,50.07699966430664,0.024278999580219507,2.5101252004628107,1.5101252004628107
2023-12-19,49.604000091552734,-0.009445445532373697,2.4864159496024008,1.4864159496024008
2023-12-20,48.11100006103516,-0.030098379722642954,2.411578858202832,1.411578858202832
2023-12-21,48.9900016784668,0.018270283642337626,2.4556390879680623,1.4556390879680623
2023-12-22,48.83000183105469,-0.003265969420908066,2.447619045797972,1.447619045797972
2023-12-26,49.27899932861328,0.009195115312755187,2.4701251851657804,1.4701251851657804
2023-12-27,49.41699981689453,0.0028003914479066694,2.4770425026095775,1.4770425026095775
2023-12-28,49.52199935913086,0.002124765619632596,2.482305637357491,1.482305637357491
2023-12-29,49.52199935913086,0.0,2.482305637357491,1.482305637357491
2024-01-02,48.167999267578125,-0.02734138583003487,2.4144359611784294,1.4144359611784294
2024-01-03,47.56900024414063,-0.012435621834944621,2.3844109486205234,1.3844109486205234
2024-01-04,47.99800109863281,0.009018496337749315,2.405914750028347,1.405914750028347
2024-01-05,49.09700012207031,0.022896766496153242,2.461002418269397,1.461002418269397
2024-01-08,52.25299835205078,0.06428087708278873,2.619197812218618,1.619197812218618
2024-01-09,53.13999938964844,0.016975122300572076,2.6636590154104196,1.6636590154104196
2024-01-10,54.34999847412109,0.022770024433014013,2.7243105962725327,1.7243105962725327
2024-01-11,54.821998596191406,0.008684455111715561,2.7479697493562325,1.7479697493562325
2024-01-12,54.709999084472656,-0.0020429665934603713,2.742355738958458,1.7423557389584579
2024-01-16,56.38199996948242,0.030561157247109172,2.8261653039242796,1.8261653039242796
2024-01-17,56.053001403808594,-0.0058351701935351885,2.809674148380817,1.8096741483808172
2024-01-18,57.10699844360352,0.018803578994849524,2.8625060781796825,1.8625060781796825
2024-01-19,59.49100112915039,0.04174624390215875,2.9820049550907832,1.9820049550907832
2024-01-22,59.65399932861328,0.0027398799208140368,2.9901752905910044,1.9901752905910044
2024-01-23,59.87300109863281,0.0036712001288148333,3.001152822503001,2.001152822503001
2024-01-24,61.36199951171875,0.024869279738174654,3.0757893315828406,2.0757893315828406
2024-01-25,61.617000579833984,0.004155683813180433,3.0885713395208523,2.0885713395208523
2024-01-26,61.03099822998047,-0.009510400446939404,3.059197789273069,2.059197789273069
2024-01-29,62.46500015258789,0.023496288184632563,3.13107758214362,2.13107758214362
2024-01-30,62.77399826049805,0.004946739888823215,3.14656620851421,2.14656620851421
2024-01-31,61.527000427246094,-0.019864878258625374,3.0840600538493708,2.0840600538493708
2024-02-01,63.027000427246094,0.02437954052016078,3.1592480208988007,2.1592480208988007
2024-02-02,66.16000366210938,0.049708905923260494,3.316290783557906,2.316290783557906
2024-02-05,69.33200073242188,0.04794433033154655,3.4752881243602696,2.4752881243602696
2024-02-06,68.2229995727539,-0.015995516470785565,3.4196990959263394,2.4196990959263394
2024-02-07,70.0989990234375,0.027498049960160476,3.5137341525148376,2.5137341525148376
2024-02-08,69.64099884033203,-0.006533619445155514,3.4907767507308596,2.4907767507308596
2024-02-09,72.13300323486328,0.03578358202823506,3.615689246932893,2.615689246932893
2024-02-12,72.24800109863281,0.0015942475512229493,3.621453550660799,2.621453550660799
2024-02-13,72.12799835205078,-0.0016609836224839025,3.6154383756235653,2.6154383756235653
2024-02-14,73.9000015258789,0.024567480233946393,3.7042605864537483,2.7042605864537483
2024-02-15,72.65799713134766,-0.016806554382767014,3.6420047294595728,2.6420047294595728
2024-02-16,72.61299896240234,-0.000619314744720656,3.639749182230276,2.639749182230276
2024-02-20,69.4520034790039,-0.04353208831155897,3.481303299397503,2.481303299397503
2024-02-21,67.47200012207031,-0.028508945138381314,3.3820550146249135,2.3820550146249135
2024-02-22,78.53800201416016,0.1640088017558281,3.9367418050458354,2.9367418050458354
2024-02-23,78.81700134277344,0.0035524118446885744,3.950726733263561,2.950726733263561
2024-02-26,79.09200286865234,0.0034891142925232987,3.9645112703744445,2.9645112703744445
2024-02-27,78.70099639892578,-0.004943691593901178,3.944911949333168,2.944911949333168
2024-02-28,77.66300201416016,-0.013189088223281908,3.892882157600334,2.892882157600334
2024-02-29,79.11199951171875,0.018657500482590184,3.9655136083344287,2.9655136083344287
2024-03-01,82.27899932861328,0.040031851507247085,4.1242604602532404,3.1242604602532404
2024-03-04,85.23699951171875,0.03595085267495213,4.272531140452935,3.2725311404529354
2024-03-05,85.96399688720703,0.008529129129989377,4.3089721102617595,3.3089721102617595
2024-03-06,88.69999694824219,0.03182727839685073,4.446114965219326,3.4461149652193264
2024-03-07,92.66899871826172,0.04474635745856337,4.645062414754898,3.6450624147548982
2024-03-08,87.52799987792969,-0.055477008616031664,4.387368247149536,3.387368247149536
2024-03-11,85.77400207519531,-0.020039276633540992,4.299448561151692,3.299448561151692
2024-03-12,91.91300201416016,0.07157180253269502,4.607167844569921,3.607167844569921
2024-03-13,90.88800048828124,-0.011151866476094563,4.555789323934321,3.555789323934321
2024-03-14,87.94400024414062,-0.03239151734359258,4.408220395034348,3.4082203950343484
2024-03-15,87.83699798583984,-0.0012167090194183938,4.402856873520126,3.4028568735201263
2024-03-18,88.45500183105469,0.007035803356058246,4.433834508687084,3.4338345086870836
2024-03-19,89.39800262451172,0.010660796720779242,4.481102717077773,3.481102717077773
2024-03-20,90.37200164794922,0.010895087080731392,4.529924721398038,3.5299247213980376
2024-03-21,91.43499755859376,0.01176244734276799,4.583207722400185,3.583207722400185
2024-03-22,94.28900146484376,0.031213473860718155,4.726265556841565,3.7262655568415646
2024-03-25,95.0019989013672,0.007561830387919466,4.7620047753506665,3.7620047753506665
2024-03-26,92.56099700927734,-0.02569421612511702,4.639648795463967,3.639648795463967
2024-03-27,90.25,-0.024967287345075917,4.523809350807383,3.523809350807383
2024-03-28,90.3560028076172,0.0011745463447889737,4.529122774544896,3.529122774544896
2024-04-01,90.36299896240234,7.742877692407113e-05,4.529473458981868,3.529473458981868
2024-04-02,89.4520034790039,-0.010081510063399746,4.48380952672324,3.48380952672324
2024-04-03,88.96399688720703,-0.005455513267642154,4.459348044360621,3.4593480443606213
2024-04-04,85.90499877929688,-0.03438467486784014,4.306014811732743,3.3060148117327426
2024-04-05,88.00800323486328,0.024480583033000824,4.411428564872697,3.411428564872697
2024-04-08,87.13300323486328,-0.009942277609286565,4.367568917427196,3.367568917427196
2024-04-09,85.35399627685547,-0.020417142666511512,4.2783956397342635,3.2783956397342635
2024-04-10,87.03900146484375,0.01974137429397893,4.362857049435985,3.362857049435985
2024-04-11,90.61599731445312,0.041096471574920024,4.54215508015357,3.54215508015357
2024-04-12,88.18599700927734,-0.026816460417505072,4.420350558236462,3.4203505582364624
2024-04-15,86.0009994506836,-0.024777148670937943,4.310826875277374,3.3108268752773737
2024-04-16,87.41500091552734,0.01644168642080257,4.381704138975053,3.381704138975053
2024-04-17,84.03500366210938,-0.03866610098973966,4.2122807242302835,3.2122807242302835
2024-04-18,84.6709976196289,0.007568202889319364,4.244160119378027,3.2441601193780274
2024-04-19,76.19999694824219,-0.10004607137666377,3.8195485731407435,2.8195485731407435
2024-04-22,79.51799774169922,0.043543319243316114,3.9858643960263636,2.9858643960263636
2024-04-23,82.4229965209961,0.036532594655278805,4.131478364357302,3.131478364357302
2024-04-24,79.677001953125,-0.0333158788660588,3.9938345316326314,2.9938345316326314
2024-04-25,82.63200378417969,0.03708726180225952,4.141954918502195,3.1419549185021953
2024-04-26,87.73500061035156,0.06175569503917644,4.397744223315234,3.397744223315234
2024-04-29,87.75700378417969,0.0002507912882550034,4.398847139254415,3.398847139254415
2024-04-30,86.4020004272461,-0.015440401318462804,4.330927174085755,3.3309271740857547
2024-05-01,83.04100036621094,-0.03889956302418307,4.1624559995242585,3.1624559995242585
2024-05-02,85.81700134277344,0.03342928149131552,4.30160391282757,3.30160391282757
2024-05-03,88.78900146484375,0.034631833734197315,4.450576344326987,3.4505763443269872
2024-05-06,92.13999938964844,0.0377411376355159,4.618546158695604,3.6185461586956036
2024-05-07,90.5540008544922,-0.01721292105124994,4.539047488294423,3.5390474882944227
2024-05-08,90.41200256347656,-0.0015681062092862685,4.531929779743783,3.531929779743783
2024-05-09,88.74700164794922,-0.018415706635392604,4.448471090427822,3.448471090427822
2024-05-10,89.87799835205078,0.012744055383280717,4.505162652375158,3.505162652375158
2024-05-13,90.39900207519533,0.0057967882317959685,4.531278126220773,3.531278126220773
2024-05-14,91.3560028076172,0.010586408151119109,4.579248085911185,3.5792480859111846
2024-05-15,94.62999725341795,0.03583775937193012,4.743358076918441,3.743358076918441
2024-05-16,94.35900115966795,-0.0028637440728680463,4.729774313340175,3.729774313340175
2024-05-17,92.47899627685548,-0.01992395913169165,4.635538483219061,3.6355384832190607
2024-05-20,94.77999877929688,0.024881352470055518,4.750876950108541,3.750876950108541
2024-05-21,95.38600158691406,0.006393783661343022,4.781253029529196,3.7812530295291964
2024-05-22,94.9499969482422,-0.00457094994462659,4.759398161258624,3.7593981612586242
2024-05-23,103.79900360107422,0.09319649223006987,5.202957375014172,4.202957375014172
2024-05-24,106.46900177001952,0.025722772630908608,5.336791864579971,4.336791864579971
2024-05-28,113.9010009765625,0.0698043475846295,5.709323138881934,4.709323138881934
2024-05-29,114.8249969482422,0.00811227262058778,5.755638724663574,4.755638724663574
2024-05-30,110.5,-0.037665987922400834,5.538846905974693,4.538846905974693
2024-05-31,109.63300323486328,-0.007846124571373014,5.495388423168651,4.495388423168651
2024-06-03,115.0,0.048954207280440754,5.764410807122984,4.764410807122984
2024-06-04,116.43699645996094,0.012495621390964606,5.836440702110778,4.836440702110778
2024-06-05,122.44000244140624,0.05155582988186702,6.137343246064406,5.137343246064406
2024-06-06,120.9980010986328,-0.011777207726400563,6.065062479767284,5.065062479767284
2024-06-07,120.88800048828124,-0.0009091109716919954,6.0595486649229295,5.0595486649229295
2024-06-10,121.79000091552734,0.0074614554265337585,6.104761717191164,5.104761717191164
2024-06-11,120.91000366210938,-0.007225529573879674,6.060651580862111,5.060651580862111
2024-06-12,125.1999969482422,0.03548087963111368,6.275688830088798,5.275688830088798
2024-06-13,129.61000061035156,0.03522367228117784,6.496741636778495,5.496741636778495
2024-06-14,131.8800048828125,0.017514113585149094,6.610526307738401,5.610526307738401
2024-06-17,130.97999572753906,-0.00682445497384665,6.565413068597811,5.565413068597811
2024-06-18,135.5800018310547,0.03511991337275977,6.795989806823352,5.795989806823352
2024-06-20,130.77999877929688,-0.03540347386732645,6.555388159294864,5.555388159294864
2024-06-21,126.56999969482422,-0.032191459885065554,6.34436064433389,5.34436064433389
2024-06-24,118.11000061035156,-0.06684047645469504,5.920300556066197,4.920300556066197
2024-06-25,126.08999633789062,0.06756409860554746,6.320300326610731,5.320300326610731
2024-06-26,126.4000015258789,0.0024586025615984664,6.335839433183808,5.335839433183808
2024-06-27,123.98999786376952,-0.01906648443841963,6.215037249226683,5.215037249226683
2024-06-28,123.54000091552734,-0.003629300395154411,6.192481012082165,5.192481012082165
2024-07-01,124.3000030517578,0.006151870896861311,6.2305763557997595,5.2305763557997595
2024-07-02,122.66999816894533,-0.01311347419785458,6.148871853520217,5.148871853520217
2024-07-03,128.27999877929688,0.0457324585806651,6.430074880879148,5.430074880879148
2024-07-05,125.83000183105467,-0.01909882266570151,6.307268021002055,5.307268021002055
2024-07-08,128.1999969482422,0.01883489694587759,6.426064764187658,5.426064764187658
2024-07-09,131.3800048828125,0.024805054682287997,6.585463652055258,5.585463652055258
2024-07-10,134.91000366210938,0.026868615071566904,6.762405939990126,5.762405939990126
2024-07-11,127.4000015258789,-0.055666755113577326,6.385964744550095,5.385964744550095
2024-07-12,129.24000549316406,0.014442731124389985,6.478195516325465,5.478195516325465
2024-07-15,128.44000244140625,-0.006190057395193516,6.438095114262126,5.438095114262126
2024-07-16,126.36000061035156,-0.01619434593209057,6.333834374838062,5.333834374838062
2024-07-17,117.98999786376952,-0.06623933765552992,5.914285381028962,4.914285381028962
2024-07-18,121.08999633789062,0.026273400544513548,6.069673769779296,5.069673769779296
2024-07-19,117.93000030517578,-0.02609626004031884,5.911277984723234,4.911277984723234
2024-07-22,123.54000091552734,0.04757059777693695,6.192481012082165,5.192481012082165
2024-07-23,122.58999633789062,-0.007689854060194623,6.1448617368287275,5.1448617368287275
2024-07-24,114.25,-0.06803162237564131,5.726816823598268,4.726816823598268
2024-07-25,112.27999877929688,-0.01724289908711707,5.628069899018559,4.628069899018559
2024-07-26,113.05999755859376,0.006946907621811604,5.667167580696139,4.667167580696139
2024-07-29,111.58999633789062,-0.013001956947162552,5.593483311799573,4.593483311799573
2024-07-30,103.7300033569336,-0.07043635844522522,5.199498716292273,4.199498716292273
2024-07-31,117.0199966430664,0.12812101471164627,5.8656637678155406,4.8656637678155406
2024-08-01,109.20999908447266,-0.06674070913209607,5.474185208421089,4.474185208421089
2024-08-02,107.2699966430664,-0.01776396353511256,5.376941981994244,4.376941981994244
2024-08-05,100.4499969482422,-0.06357788671810338,5.035087373773199,4.035087373773199
2024-08-06,104.25,0.037829797582928704,5.2255637099353995,4.2255637099353995
2024-08-07,98.91000366210938,-0.05122298645458634,4.957894730803801,3.957894730803801
2024-08-08,104.97000122070312,0.061267792278074884,5.261653995307251,4.261653995307251
2024-08-09,104.75,-0.0020958485104765057,5.250626365618543,4.250626365618543
2024-08-12,109.0199966430664,0.04076369110325917,5.464661276885246,4.464661276885246
2024-08-13,116.13999938964844,0.06530914479747296,5.821553631486488,4.821553631486488
2024-08-14,118.08000183105467,0.016703999066657094,5.918796857913332,4.918796857913332
2024-08-15,122.86000061035156,0.04048101884463007,6.158395785056059,5.158395785056059
2024-08-16,124.58000183105467,0.01399968429235221,6.244611381794196,5.244611381794196
2024-08-19,130.0,0.043506165430110544,6.516290477617286,5.516290477617286
2024-08-20,127.25,-0.02115384615384619,6.378445871359997,5.378445871359997
2024-08-21,128.5,0.00982318271119853,6.441102510567856,5.441102510567856
2024-08-22,123.73999786376952,-0.03704281818078192,6.2025059213851135,5.2025059213851135
2024-08-23,129.3699951171875,0.045498604740694004,6.484711286704028,5.484711286704028
2024-08-26,126.45999908447266,-0.02249359312473398,6.338846829489538,5.338846829489538
2024-08-27,128.3000030517578,0.014550086830667164,6.43107760126491,5.43107760126491
2024-08-28,125.61000061035156,-0.020966503331422914,6.29624039131335,5.29624039131335
2024-08-29,117.58999633789062,-0.06384845341526102,5.8942351799972945,4.8942351799972945
2024-08-30,119.37000274658205,0.015137396582415308,5.983458555466938,4.983458555466938
2024-09-03,108.0,-0.09525008364723031,5.4135336275589765,4.4135336275589765
2024-09-04,106.20999908447266,-0.016574082551179092,5.32380927432223,4.32380927432223
2024-09-05,107.20999908447266,0.009415309374070091,5.373934585688517,4.373934585688517
2024-09-06,102.83000183105467,-0.04085437264081038,5.154385859577459,4.154385859577459
2024-09-09,106.47000122070312,0.03539822352263311,5.336841962356682,4.336841962356682
2024-09-10,108.0999984741211,0.015309450875642616,5.41854608221045,4.41854608221045
2024-09-11,116.91000366210938,0.08149866153881002,5.860150335396964,4.860150335396964
2024-09-12,119.13999938964844,0.019074464611122055,5.971929565585349,4.971929565585349
2024-09-13,119.0999984741211,-0.0003357471523608435,5.969924507239604,4.969924507239604
2024-09-16,116.77999877929688,-0.019479426738433836,5.8536338001668495,4.8536338001668495
2024-09-17,115.58999633789062,-0.010190122057247453,5.79398455726472,4.79398455726472
2024-09-18,113.37000274658205,-0.019205758816871477,5.682706687269215,4.682706687269215
2024-09-19,117.87000274658205,0.03969303952526948,5.908270588417506,4.908270588417506
2024-09-20,116.0,-0.015864958878490154,5.814536118489269,4.814536118489269
2024-09-23,116.26000213623048,0.0022413977261248608,5.827568806523722,4.827568806523722
2024-09-24,120.87000274658205,0.03965250753177929,6.058646522516366,5.058646522516366
2024-09-25,123.51000213623048,0.021841642505655345,6.1909773139293005,5.1909773139293005
2024-09-26,124.04000091552734,0.004291140556473172,6.217543667765308,5.217543667765308
2024-09-27,121.4000015258789,-0.02128345187167735,6.085212876352373,5.085212876352373
2024-09-30,121.44000244140624,0.0003294968288678479,6.087217934698117,5.087217934698117
2024-10-01,117.0,-0.03656128419091975,5.8646614298555555,4.8646614298555555
2024-10-02,118.8499984741211,0.015811952770265814,5.957393179398031,4.957393179398031
2024-10-03,122.8499984741211,0.03365586917420926,6.157894424863178,5.157894424863178
2024-10-04,124.91999816894533,0.01684981457496959,6.261653804094362,5.261653804094362
2024-10-07,127.72000122070312,0.022414369939159018,6.402004828890275,5.402004828890275
2024-10-08,132.88999938964844,0.04047915846799466,6.6611525968717915,5.6611525968717915
2024-10-09,132.64999389648438,-0.0018060463109819125,6.649122246797323,5.649122246797323
2024-10-10,134.80999755859375,0.016283481051608373,6.757393102912875,5.757393102912875
2024-10-11,134.8000030517578,-7.41377272972521e-05,6.756892125145771,5.756892125145771
2024-10-14,138.07000732421875,0.02425819138301799,6.920802107471964,5.920802107471964
2024-10-15,131.60000610351562,-0.04686029461496399,6.596491281743964,5.596491281743964
2024-10-16,135.72000122070312,0.031306952326026094,6.803007319820568,5.803007319820568
2024-10-17,136.92999267578125,0.008915351047709352,6.863658518256905,5.863658518256905
2024-10-18,138.0,0.007814265547740673,6.917292968547577,5.917292968547577
2024-10-21,143.7100067138672,0.041376860245414315,7.203508832983757,6.203508832983757
2024-10-22,143.58999633789062,-0.0008350871224681589,7.197493275520746,6.197493275520746
2024-10-23,139.55999755859375,-0.028066013525159694,6.9954883319027354,5.9954883319027354
2024-10-24,140.41000366210938,0.006090614204537825,7.038095152504701,6.038095152504701
2024-10-25,141.5399932861328,0.008047785731440493,7.094736234249549,6.094736234249549
2024-10-28,140.52000427246094,-0.007206366130100728,7.043608967349054,6.043608967349054
2024-10-29,141.25,0.005194959474407845,7.080200230488008,6.080200230488008
2024-10-30,139.33999633789062,-0.013522149820243357,6.984460702214028,5.984460702214028
2024-10-31,132.75999450683594,-0.047222635309237426,6.654636061641674,5.654636061641674
2024-11-01,135.39999389648438,0.019885503908427138,6.78696685305461,5.78696685305461
2024-11-04,136.0500030517578,0.004800658674847469,6.819548764353629,5.819548764353629
2024-11-05,139.91000366210938,0.02837192593728277,7.013032496821558,6.013032496821558
2024-11-06,145.61000061035156,0.040740453141635324,7.298746618639083,6.298746618639083
2024-11-07,148.8800048828125,0.02245727806300457,7.462656600965275,6.462656600965275
2024-11-08,147.6300048828125,-0.008396023367838512,7.399999961757416,6.399999961757416
2024-11-11,145.25999450683594,-0.016053717385282607,7.281202453720261,6.281202453720261
2024-11-12,148.2899932861328,0.020859141497174383,7.433082085971985,6.433082085971985
2024-11-13,146.27000427246094,-0.013621883506152788,7.331829507705203,6.331829507705203
2024-11-14,146.75999450683594,0.003349902372753677,7.35639042076969,6.35639042076969
2024-11-15,141.97999572753906,-0.032570175512470656,7.116791493626963,6.116791493626963
2024-11-18,140.14999389648438,-0.012889152599824594,7.025062082044472,6.025062082044472
2024-11-19,147.00999450683594,0.04894756267644507,7.368921748611261,6.368921748611261
2024-11-20,145.88999938964844,-0.007618496422264864,7.3127816446335165,6.3127816446335165
2024-11-21,146.6699981689453,0.0053464855888691876,7.351879326311097,6.351879326311097
2024-11-22,141.9499969482422,-0.032181095518023284,7.1152877954740985,6.1152877954740985
2024-11-25,136.02000427246094,-0.04177522228438968,6.818045066200763,5.818045066200763
2024-11-26,136.9199981689453,0.006616628938502345,6.8631575404898,5.8631575404898
2024-11-27,135.33999633789062,-0.011539598686709951,6.78395945674888,5.78395945674888
2024-11-29,138.25,0.021501431512117364,6.929824296389147,5.929824296389147
2024-12-02,138.6300048828125,0.0027486790800181904,6.948872159460834,5.948872159460834
2024-12-03,140.25999450683594,0.011757841496155885,7.030575896888824,6.030575896888824
2024-12-04,145.13999938964844,0.03479256433718647,7.275187661108801,6.275187661108801
2024-12-05,145.05999755859375,-0.0005512045706980162,7.271177544417313,6.271177544417313
2024-12-06,142.44000244140625,-0.018061458439837752,7.139849473390138,6.139849473390138
2024-12-09,138.80999755859375,-0.02548444833329544,6.95789434837802,5.95789434837802
2024-12-10,135.07000732421875,-0.026943233917976928,6.770426173373101,5.770426173373101
2024-12-11,139.30999755859375,0.03139105652224794,6.982957004061163,5.982957004061163
2024-12-12,137.33999633789062,-0.014141133122011151,6.884210079481454,5.884210079481454
2024-12-13,134.25,-0.02249888175538073,6.729323050924,5.729323050924
2024-12-16,132.0,-0.016759776536312887,6.616541100349854,5.616541100349854
2024-12-17,130.38999938964844,-0.01219697432084521,6.535839318456071,5.535839318456071
2024-12-18,128.91000366210938,-0.011350530979882478,6.461654071792401,5.461654071792401
2024-12-19,130.67999267578125,0.013730424043049805,6.55037532221761,5.55037532221761
2024-12-20,134.6999969482422,0.030762201544000778,6.751879288068517,5.751879288068517
2024-12-23,139.6699981689453,0.03689681761917796,7.001002146747086,6.001002146747086
2024-12-24,140.22000122070312,0.003937875413247527,7.028571220968855,6.028571220968855
2024-12-26,139.92999267578125,-0.0020682394979116836,7.014034452355762,6.014034452355762
2024-12-27,137.00999450683594,-0.02086756465221129,6.867668634948391,5.867668634948391
2024-12-30,137.49000549316406,0.0035034742396415908,6.891729335097327,5.891729335097327
2024-12-31,134.2899932861328,-0.0232745078127905,6.7313277268439675,5.7313277268439675
2025-01-02,138.30999755859375,0.029935248145373627,6.932831692694876,5.932831692694876
2025-01-03,144.47000122070312,0.04453766011744564,7.2416037942755755,6.2416037942755755
2025-01-06,149.42999267578125,0.03433232791007512,7.490224910335489,6.490224910335489
2025-01-07,140.13999938964844,-0.06216953584605567,7.024561104277368,6.024561104277368
2025-01-08,140.11000061035156,-0.0002140629329779875,7.0230574061245035,6.0230574061245035
2025-01-10,135.91000366210938,-0.029976425165555876,6.812531251356409,5.812531251356409
2025-01-13,133.22999572753906,-0.019718989495675188,6.6781950191719535,5.6781950191719535
2025-01-14,131.75999450683594,-0.011033560518228458,6.604510750275388,5.604510750275388
2025-01-15,136.24000549316406,0.034001299127981444,6.8290726958894705,5.8290726958894705
2025-01-16,133.57000732421875,-0.019597754413473556,6.695238206323671,5.695238206323671
2025-01-17,137.7100067138672,0.030994977634457133,6.902756964786036,5.902756964786036
2025-01-21,140.8300018310547,0.02265627016975036,7.059147691496355,6.059147691496355
2025-01-22,147.07000732421875,0.044308779464831805,7.371929909768543,6.371929909768543
2025-01-23,147.22000122070312,0.0010198809343477944,7.379448400532864,6.379448400532864
2025-01-24,142.6199951171875,-0.031245795852287594,7.148871662307323,6.148871662307323
2025-01-27,118.41999816894533,-0.16968165598629847,5.935839280213495,4.935839280213495
2025-01-28,128.99000549316406,0.08925863441695814,6.465664188483891,5.465664188483891
2025-01-29,123.6999969482422,-0.04101099557827537,6.200500863039365,5.200500863039365
2025-01-30,124.6500015258789,0.007679907850233869,6.248120138292803,5.248120138292803
2025-01-31,120.06999969482422,-0.03674289430396693,6.018546120453023,5.018546120453023
2025-02-03,116.66000366210938,-0.028400066972448235,5.847619007555389,4.847619007555389
2025-02-04,118.6500015258789,0.01705809875965114,5.947368270095082,4.947368270095082
2025-02-05,124.83000183105467,0.052085969032438895,6.257142709635764,5.257142709635764
2025-02-06,128.67999267578125,0.030841871250928632,6.450124699485038,5.450124699485038
2025-02-07,129.83999633789062,0.009014638857122836,6.5082702442343034,5.5082702442343034
2025-02-10,133.57000732421875,0.0287277502428549,6.695238206323671,5.695238206323671
2025-02-11,132.8000030517578,-0.005764799208192617,6.656641502413195,5.656641502413195
2025-02-12,131.13999938964844,-0.012500027288872895,6.573433301980787,5.573433301980787
2025-02-13,135.2899932861328,0.031645523225554806,6.781453038210255,5.781453038210255
2025-02-14,138.85000610351562,0.026313940380302325,6.95989978914954,5.95989978914954
2025-02-18,139.39999389648438,0.003961021021192668,6.987468098519757,5.987468098519757
2025-02-19,139.22999572753906,-0.0012194991132606914,6.978946887369674,5.978946887369674
2025-02-20,140.11000061035156,0.006320512172783399,7.0230574061245035,6.0230574061245035
2025-02-21,134.42999267578125,-0.04053963250179782,6.738345239841187,5.738345239841187
2025-02-24,130.27999877929688,-0.030871041602251292,6.530325503611717,5.530325503611717
2025-02-25,126.62999725341795,-0.028016591649361877,6.347368040639614,5.347368040639614
2025-02-26,131.27999877929688,0.03672116897051736,6.580450814978002,5.580450814978002
2025-02-27,120.1500015258789,-0.08478060143898469,6.02255623714451,5.02255623714451
2025-02-28,124.91999816894533,0.039700346088127336,6.261653804094357,5.261653804094357
2025-03-03,114.05999755859376,-0.08693564496906403,5.717292892062421,4.717292892062421
2025-03-04,115.98999786376952,0.016920921852416226,5.814034758296384,4.814034758296384
2025-03-05,117.3000030517578,0.01129412201151081,5.879699176235748,4.879699176235748
2025-03-06,110.56999969482422,-0.05737428117511656,5.542355662473297,4.542355662473297
2025-03-07,112.69000244140624,0.019173399226130705,5.6486214602431035,4.6486214602431035
2025-03-10,106.9800033569336,-0.05066997036797105,5.3624059782327,4.3624059782327
2025-03-11,108.76000213623048,0.016638612109199702,5.451628971276567,4.451628971276567
2025-03-12,115.73999786376952,0.06417796607613191,5.8015034304548125,4.8015034304548125
2025-03-13,115.58000183105467,-0.0013823745953681632,5.793483579497611,4.793483579497611
2025-03-14,121.66999816894533,0.052690744431658,6.098746542153926,5.098746542153926
2025-03-17,119.52999877929688,-0.01758855446580143,5.991478406424134,4.991478406424134
2025-03-18,115.43000030517578,-0.03430099988281132,5.785964706307514,4.785964706307514
2025-03-19,117.5199966430664,0.018106179783115905,5.890726423498681,4.890726423498681
2025-03-20,118.52999877929688,0.008594300247455555,5.941353095057849,4.941353095057849
2025-03-21,117.6999969482422,-0.007002462158125389,5.899748994841645,4.899748994841645
2025-03-24,121.41000366210938,0.03152087349244903,6.085714236545252,5.085714236545252
2025-03-25,120.69000244140624,-0.005930328630142756,6.0496239511734,5.0496239511734
2025-03-26,113.76000213623048,-0.05741983731038702,5.702255528108003,4.702255528108003
2025-03-27,111.43000030517578,-0.020481731604263365,5.585463460842368,4.585463460842368
2025-03-28,109.66999816894533,-0.015794688426907455,5.497242805758487,4.497242805758487
2025-03-31,108.37999725341795,-0.011762568952906727,5.432581108204882,4.432581108204882
2025-04-01,110.1500015258789,0.016331466297440977,5.521303123481645,4.521303123481645
2025-04-02,110.41999816894533,0.002451172395154133,5.534836789283202,4.534836789283202
2025-04-03,101.8000030517578,-0.07806552490608376,5.102756850058305,4.102756850058305
2025-04-04,94.30999755859376,-0.07357569026158006,4.727317992578259,3.727317992578259
2025-04-07,97.63999938964844,0.0353091073826588,4.89423537121018,3.89423537121018
2025-04-08,96.3000030517578,-0.013723846233787529,4.827067637543728,3.8270676375437276
2025-04-09,114.33000183105467,0.18722739572091607,5.730826940289755,4.730826940289755
2025-04-10,107.56999969482422,-0.05912710599112647,5.39197972837444,4.39197972837444
2025-04-11,110.93000030517578,0.031235480337304722,5.560400805159225,4.560400805159225
2025-04-14,110.70999908447266,-0.0019832436680599086,5.549373175470518,4.549373175470518
2025-04-15,112.1999969482422,0.013458566309197284,5.624059782327069,4.624059782327069
2025-04-16,104.48999786376952,-0.06871657124936736,5.23759367758409,4.23759367758409
2025-04-17,101.48999786376952,-0.02871088201103511,5.08721774348523,4.08721774348523
2025-04-21,96.91000366210938,-0.04512754259595009,4.857644108071227,3.857644108071227
2025-04-22,98.88999938964844,0.020431283177354986,4.9568920104180405,3.9568920104180405
2025-04-23,102.70999908447266,0.0386287766043214,5.148370684540224,4.148370684540224
2025-04-24,106.43000030517578,0.036218491421109444,5.334836904010936,4.334836904010936
2025-04-25,111.01000213623048,0.04303299650401282,5.564410921850717,4.564410921850717
2025-04-28,108.7300033569336,-0.02053867881651683,5.450125273123707,4.450125273123707
2025-04-29,109.0199966430664,0.0026670953479219772,5.464661276885247,4.464661276885247
2025-04-30,108.91999816894533,-0.000917248919466318,5.459648822233774,4.459648822233774
2025-05-01,111.61000061035156,0.024697048169554536,5.594486032185333,4.594486032185333
2025-05-02,114.5,0.02589373151011709,5.739348151439841,4.739348151439841
2025-05-05,113.81999969482422,-0.005938867294111638,5.705262924413734,4.705262924413734
2025-05-06,113.54000091552734,-0.00246001388198569,5.6912278984192985,4.6912278984192985
2025-05-07,117.05999755859376,0.0310022601257971,5.867668826161287,4.867668826161287
2025-05-08,117.37000274658205,0.002648258965092687,5.883207932734363,4.883207932734363
2025-05-09,116.6500015258789,-0.006134456878711392,5.847117647362511,4.847117647362511
2025-05-12,123.0,0.05443633425681815,6.165413298053277,5.165413298053277
2025-05-13,129.92999267578125,0.05634140386814024,6.512781338692899,5.512781338692899
2025-05-14,135.33999633789062,0.041637835504302334,6.7839594567488835,5.7839594567488835
2025-05-15,134.8300018310547,-0.0037682467905694184,6.7583958232986365,5.7583958232986365
2025-05-16,135.39999389648438,0.004227486892300902,6.786966853054612,5.786966853054612
2025-05-19,135.57000732421875,0.001255638370739831,6.795488829056247,5.795488829056247
2025-05-20,134.3800048828125,-0.008777770724466616,6.735839586154118,5.735839586154118
2025-05-21,131.8000030517578,-0.01919929853630087,6.606516191046912,5.606516191046912
2025-05-22,132.8300018310547,0.007814861573959053,6.658145200566063,5.658145200566063
2025-05-23,131.2899932861328,-0.011593830638356839,6.580951792745111,5.580951792745111
2025-05-27,135.5,0.032066470631100685,6.791979690131861,5.791979690131861
2025-05-28,134.80999755859375,-0.005092268940267486,6.757393102912875,5.757393102912875
2025-05-29,139.19000244140625,0.0324902081606282,6.976942211449708,5.976942211449708
2025-05-30,135.1300048828125,-0.0291687440719951,6.773433569678832,5.773433569678832
2025-06-02,137.3800048828125,0.01665063212238649,6.886215520252978,5.886215520252978
2025-06-03,141.22000122070312,0.027951639259047978,7.0786965323351465,6.0786965323351465
2025-06-04,141.9199981689453,0.004956783332328518,7.113784097321237,6.113784097321237
2025-06-05,139.99000549316406,-0.01359915939037526,7.017042613513049,6.017042613513049
2025-06-06,141.72000122070312,0.012357994568573227,7.10375918801829,6.10375918801829
2025-06-09,142.6300048828125,0.006421137837080648,7.149373404925983,6.149373404925983
2025-06-10,143.9600067138672,0.009324838992661011,7.21604016082533,6.21604016082533
2025-06-11,142.8300018310547,-0.007849436163604007,7.1593983142289295,6.1593983142289295
2025-06-12,145.0,0.01519287363387467,7.268170148111585,6.268170148111585
2025-06-13,141.97000122070312,-0.02089654330549573,7.11629051585986,6.11629051585986
2025-06-16,144.69000244140625,0.019158985682296903,7.252631423964284,6.252631423964284
2025-06-17,144.1199951171875,-0.003939507323248437,7.224059629356755,6.224059629356755
2025-06-18,145.47999572753906,0.009436585181991752,7.292230083408968,6.292230083408968
2025-06-20,143.85000610351562,-0.011204218256069765,7.210526345980976,6.210526345980976
2025-06-23,144.1699981689453,0.0022244841977929752,7.226566047895381,6.226566047895381
2025-06-24,147.89999389648438,0.02587220486170838,7.413533245133197,6.413533245133197
2025-06-25,154.30999755859375,0.04334012120781927,7.734836674555467,6.734836674555467
2025-06-26,155.02000427246094,0.00460117118203951,7.770425982160214,6.770425982160214
2025-06-27,157.75,0.01761060284026872,7.9072678680317425,6.9072678680317425
2025-06-30,157.99000549316406,0.0015214294336867162,7.919298218106211,6.919298218106211
2025-07-01,153.3000030517578,-0.029685437548827576,7.684210385422078,6.684210385422078
2025-07-02,157.25,0.025766450551919284,7.8822052123486,6.8822052123486
2025-07-03,159.33999633789062,0.013290914708366408,7.986966929539767,6.986966929539767
2025-07-07,158.24000549316406,-0.006903419543163314,7.931829545947783,6.931829545947783
2025-07-08,160.0,0.011122310703610028,8.020049818605887,7.020049818605887
2025-07-09,162.8800048828125,0.018000030517578036,8.164410960093289,7.164410960093289
2025-07-10,164.10000610351562,0.007490184087241891,8.225563901148282,7.225563901148282
2025-07-11,164.9199981689453,0.004996904539494196,8.266666258745829,7.266666258745829
2025-07-14,164.07000732421875,-0.005153958611228138,8.224060202995418,7.2240602029954175
2025-07-15,170.6999969482422,0.04040951623121414,8.556390497254844,7.556390497254844
2025-07-16,171.3699951171875,0.003925003989006859,8.58997436408807,7.58997436408807
2025-07-17,173.0,0.009511611888054494,8.671678866367612,7.671678866367612
2025-07-18,172.41000366210938,-0.003410383456015187,8.642105116225876,7.642105116225876
2025-07-21,171.3800048828125,-0.005974124223762978,8.590476106706724,7.590476106706724
2025-07-22,167.02999877929688,-0.025382226511722283,8.372430696322755,7.3724306963227555
2025-07-23,170.77999877929688,0.022451056860480545,8.56040061394633,7.56040061394633
2025-07-24,173.74000549316406,0.01733227974601692,8.708771872125222,7.708771872125222
2025-07-25,173.5,-0.001381406041071509,8.696741522050754,7.696741522050754
2025-07-28,176.75,0.018731988472622474,8.859648783991187,7.859648783991187
2025-07-29,175.50999450683594,-0.007015589777448761,8.797493122550431,7.797493122550431
2025-07-30,179.27000427246094,0.021423337036675427,8.985964782792664,7.985964782792664
2025-07-31,177.8699951171875,-0.007809500317440987,8.915788887968931,7.915788887968931
2025-08-01,173.72000122070312,-0.023331613034284993,8.707769151739463,7.707769151739463
2025-08-04,180.0,0.036150119359707134,9.02255604593162,8.02255604593162
2025-08-05,178.25999450683594,-0.009666697184244843,8.93533772880772,7.9353377288077205
2025-08-06,179.4199981689453,0.006507369560503795,8.993483273556985,7.9934832735569845
2025-08-07,180.7700042724609,0.0075242788835858665,9.061152749842092,8.061152749842092
2025-08-08,182.6999969482422,0.010676509543432688,9.157894233650282,8.157894233650282
2025-08-11,182.0599975585937,-0.0035030071173444144,9.125814064969918,8.125814064969918
2025-08-12,183.16000366210932,0.006041997793400977,9.180952213413454,8.180952213413454
2025-08-13,181.58999633789065,-0.008571780371412263,9.102255107439643,8.102255107439643
2025-08-14,182.0200042724609,0.0023680155473440045,9.123809389049951,8.123809389049951
2025-08-15,180.4499969482422,-0.00862546581346424,9.045112283076136,8.045112283076136
2025-08-18,182.009994506836,0.008645040648248115,9.123307646431298,8.123307646431298
2025-08-19,175.63999938964844,-0.03499805125782973,8.804009657780545,7.804009657780545
2025-08-20,175.39999389648438,-0.0013664626167051441,8.791979307706077,7.791979307706077
2025-08-21,174.97999572753906,-0.002394516439910399,8.770926768714423,7.770926768714423
2025-08-22,177.99000549316406,0.017202022168933517,8.92180444543194,7.92180444543194
2025-08-25,179.80999755859375,0.010225248661501984,9.013032114395775,8.013032114395775
2025-08-26,181.7700042724609,0.010900432347920264,9.11127806120838,8.11127806120838
2025-08-27,181.6000061035156,-0.0009352377452249705,9.102756850058297,8.102756850058297
2025-08-28,180.1699981689453,-0.007874492767115604,9.031077257081702,8.031077257081702
2025-08-29,174.17999267578125,-0.033246409247044806,8.730826366651085,7.730826366651085
2025-09-02,170.77999877929688,-0.019520002522982804,8.560400613946332,7.560400613946332
2025-09-03,170.6199951171875,-0.0009368993046788843,8.552380380563353,7.552380380563353
2025-09-04,171.66000366210938,0.006095466971544283,8.60451113270116,7.604511132701161
2025-09-05,167.02000427246094,-0.027030171796929903,8.371929718555652,7.371929718555652
2025-09-08,168.30999755859375,0.007723585517507514,8.436591033683479,7.436591033683479
2025-09-09,170.75999450683594,0.014556455253879275,8.559397893560572,7.559397893560572
2025-09-10,177.3300018310547,0.0384750968351415,8.888721556365821,7.888721556365821
2025-09-11,177.1699981689453,-0.00090229324117308,8.880701322982842,7.880701322982842
2025-09-12,177.82000732421875,0.003668844397986648,8.913283234281861,7.913283234281861
2025-09-15,177.75,-0.00039369767931174415,8.909774095357477,7.909774095357477
2025-09-16,174.8800048828125,-0.016146245385021074,8.765914696488732,7.765914696488732
2025-09-17,170.2899932861328,-0.026246634655319623,8.535838936030295,7.535838936030295
2025-09-18,176.24000549316406,0.03494046885675561,8.834085150540943,7.834085150540943
2025-09-19,176.6699981689453,0.0024398131092768782,8.8556386672997,7.855638667299701
2025-09-22,183.6100006103516,0.03928229191902588,9.203508450557981,8.203508450557981
2025-09-23,178.42999267578125,-0.028212014146021924,8.943858939957808,7.943858939957808
2025-09-24,176.97000122070312,-0.008182432970958109,8.870676413679899,7.870676413679899
2025-09-25,177.69000244140625,0.004068493053832389,8.906766699051751,7.906766699051751
2025-09-26,178.19000244140625,0.0028138893192084513,8.931829354734894,7.931829354734894
2025-09-29,181.8500061035156,0.020539893439379897,9.115288177899874,8.115288177899874
2025-09-30,186.5800018310547,0.026010423804146532,9.352380686503976,8.352380686503976
2025-10-01,187.2400054931641,0.003537376222704891,9.3854635755701,8.3854635755701
2025-10-02,188.88999938964844,0.008812186755381202,9.468170033383851,8.468170033383851
2025-10-03,187.6199951171875,-0.0067235125023275,9.404510673790233,8.404510673790233
2025-10-06,185.5399932861328,-0.011086248188821868,9.30024993436617,8.30024993436617
2025-10-07,185.0399932861328,-0.002694836790410604,9.275187278683026,8.275187278683026
2025-10-08,189.1100006103516,0.02199528465138445,9.47919766307256,8.47919766307256
2025-10-09,192.57000732421875,0.01829626515097038,9.652631576934594,8.652631576934594
2025-10-10,183.16000366210932,-0.04886536482426551,9.180952213413459,8.180952213413459
2025-10-13,188.32000732421875,0.028172109406748636,9.439599003627874,8.439599003627874
2025-10-14,180.02999877929688,-0.04402085929536681,9.024059744084488,8.024059744084488
2025-10-15,179.8300018310547,-0.0011109090129327592,9.01403483478154,8.01403483478154
2025-10-16,181.8099975585937,0.011010374839450554,9.11328273712835,8.11328273712835
2025-10-17,183.22000122070312,0.007755369237354648,9.18395960971919,8.18395960971919
2025-10-20,182.63999938964844,-0.0031656032485013474,9.154886837344558,8.154886837344558
2025-10-21,181.16000366210932,-0.008103349389427361,9.080701590680885,8.080701590680885
2025-10-22,180.27999877929688,-0.004857611310572607,9.03659107192606,8.03659107192606
2025-10-23,182.16000366210932,0.010428249919803845,9.130826902047172,8.130826902047172
2025-10-24,186.259994506836,0.022507634839159296,9.336340219738021,8.336340219738021
2025-10-27,191.4900054931641,0.02807908912579804,9.598496148876817,8.598496148876817
2025-10-28,201.02999877929688,0.049819797443545255,10.07669128277651,9.07669128277651
2025-10-29,207.0399932861328,0.029896008274039154,10.377944128741335,9.377944128741335
2025-10-30,202.88999938964844,-0.020044407027916655,10.169924392511867,9.169924392511867
2025-10-31,202.4900054931641,-0.0019714815796127994,10.149874573905974,9.149874573905974
2025-11-03,206.8800048828125,0.02168007936469052,10.369924660209909,9.369924660209909
2025-11-04,198.69000244140625,-0.03958817792007252,9.959398237743772,8.959398237743772
2025-11-05,195.2100067138672,-0.017514699706973502,9.784962368347529,8.784962368347529
2025-11-06,188.0800018310547,-0.03652479195527836,9.427568653553408,8.427568653553408
2025-11-07,188.1499938964844,0.000372139859359244,9.431077027626241,8.431077027626241
2025-11-10,199.0500030517578,0.05793255120311258,9.977443380429698,8.977443380429698
2025-11-11,193.16000366210932,-0.029590551616906824,9.682205327076327,8.682205327076327
2025-11-12,193.8000030517578,0.003313312163568005,9.714285495756691,8.714285495756691
2025-11-13,186.8600006103516,-0.035810125552747096,9.366415712498414,8.366415712498414
2025-11-14,190.1699981689453,0.01771378330184148,9.532330370744575,8.532330370744575
2025-11-17,186.6000061035156,-0.018772635535591498,9.353383406889737,8.353383406889737
2025-11-18,181.3600006103516,-0.02808148618310946,9.090726499983838,8.090726499983838
2025-11-19,186.5200042724609,0.02845171837639926,9.349373290198248,8.349373290198248
2025-11-20,180.63999938964844,-0.03152479491810001,9.054636214611985,8.054636214611985
2025-11-21,178.8800048828125,-0.009743105141622355,8.96641594195388,7.96641594195388
2025-11-24,182.5500030517578,0.02051653660983299,9.150375742885966,8.150375742885966
2025-11-25,177.82000732421875,-0.02591068555719489,8.913283234281865,7.913283234281865
2025-11-26,180.259994506836,0.013721668440652035,9.035588351540303,8.035588351540303
2025-11-28,177.0,-0.018084958427713516,8.872180111832764,7.872180111832764
2025-12-01,179.9199981689453,0.016497164796301256,9.018545929240135,8.018545929240135
2025-12-02,181.4600067138672,0.008559407295434696,9.095739337061087,8.095739337061087
2025-12-03,179.58999633789062,-0.01030535824307155,9.002004484707074,8.002004484707074
2025-12-04,183.3800048828125,0.021103672933937556,9.191979843102171,8.191979843102171
2025-12-05,182.41000366210932,-0.0052895691726208005,9.143358229888745,8.143358229888745
2025-12-08,185.5500030517578,0.017213964840793183,9.300751676984827,8.300751676984827
2025-12-09,184.97000122070312,-0.0031258519079242486,9.271678904610194,8.271678904610194
2025-12-10,183.77999877929688,-0.006433488855235314,9.212029661708064,8.212029661708064
2025-12-11,180.92999267578125,-0.015507705530775517,9.069172218373525,8.069172218373525
2025-12-12,175.02000427246094,-0.032664503634346365,8.772932209485951,7.772932209485951
2025-12-15,176.2899932861328,0.007256250615185866,8.836590804228017,7.836590804228017
2025-12-16,177.72000122070312,0.00811167955658898,8.908270397204616,7.908270397204616
2025-12-17,170.94000244140625,-0.038149891586355955,8.568420847329316,7.568420847329316
2025-12-18,174.13999938964844,0.018720000599854014,8.728821690731122,7.728821690731122
2025-12-19,180.9900054931641,0.039336201490321354,9.07218037953081,8.07218037953081
2025-12-22,183.69000244140625,0.014917933953784823,9.207518567249473,8.207518567249473
2025-12-23,189.2100067138672,0.030050651636426062,9.48421050014981,8.48421050014981
2025-12-24,188.6100006103516,-0.003171111898024326,9.454135007389418,8.454135007389418
2025-12-26,190.52999877929688,0.01017972622200336,9.5503755134305,8.5503755134305
2025-12-29,188.22000122070312,-0.012124062212741427,9.434586166550627,8.434586166550627
2025-12-30,187.5399932861328,-0.003612835671873982,9.400500557098743,8.400500557098743
2025-12-31,186.5,-0.005545448029029565,9.348370569812488,8.348370569812488
2026-01-02,188.8500061035156,0.012600568919654664,9.46616535746388,8.46616535746388
2026-01-05,188.1199951171875,-0.0038655597709006395,9.429573329473374,8.429573329473374
2026-01-06,187.2400054931641,-0.004677810157688089,9.3854635755701,8.3854635755701
2026-01-07,189.1100006103516,0.009987155855193386,9.47919766307256,8.47919766307256
2026-01-08,185.0399932861328,-0.021521904241356138,9.275187278683026,8.275187278683026
2026-01-09,184.8600006103516,-0.0009727230993944458,9.266165089765842,8.266165089765842
2026-01-12,184.94000244140625,0.0004327698300903293,9.27017520645733,8.27017520645733
2026-01-13,185.8099975585937,0.0047042019341547725,9.313783982593499,8.313783982593499
2026-01-14,183.13999938964844,-0.014369507583160579,9.179949493027703,8.179949493027703
2026-01-15,187.0500030517578,0.021349807115541353,9.375939644034256,8.375939644034256
2026-01-16,186.22999572753903,-0.004383893669287375,9.334836521585153,8.334836521585153
2026-01-20,178.07000732421875,-0.043816724429606047,8.925814562123435,7.925814562123435
2026-01-21,183.32000732421875,0.029482786455111043,9.188972446796441,8.188972446796441
2026-01-22,184.83999633789065,0.00829145184891722,9.26516236938008,8.26516236938008
2026-01-23,187.6699981689453,0.01531054905390361,9.407017092328855,8.407017092328855
2026-01-26,186.47000122070312,-0.0063941863907406304,9.346866871659621,8.346866871659621
2026-01-27,188.5200042724609,0.010993741826233139,9.449623912930818,8.449623912930818
2026-01-28,191.5200042724609,0.015913430575061005,9.599999847029679,8.599999847029679
2026-01-29,192.509994506836,0.005169121826912093,9.649623415777313,8.649623415777313
2026-01-30,191.1300048828125,-0.007168405087531693,9.58045100619089,8.58045100619089
2026-02-02,185.6100006103516,-0.028880888041861286,9.303759073290554,8.303759073290554
2026-02-03,180.33999633789065,-0.028392889688762968,9.039598468231787,8.039598468231787
2026-02-04,174.19000244140625,-0.034102218151106034,8.731328109269743,7.731328109269743
2026-02-05,171.8800048828125,-0.013261367048724715,8.61553876238987,7.615538762389869
2026-02-06,185.41000366210932,0.07871770069195394,9.293734163987603,8.293734163987603
2026-02-09,190.0399932861328,0.02497162791960883,9.525813835514459,8.525813835514459
2026-02-10,188.5399932861328,-0.007893075420927542,9.450625868465028,8.450625868465028
2026-02-11,190.0500030517578,0.008008962657240382,9.526315578133115,8.526315578133115
2026-02-12,186.94000244140625,-0.01636411765541823,9.370425829189902,8.370425829189902
2026-02-13,182.8099975585937,-0.022092675879294754,9.163408048494638,8.163408048494638
2026-02-17,184.97000122070312,0.011815566385624532,9.271678904610193,8.271678904610193
2026-02-18,187.97999572753903,0.016272879315410993,9.422555816476157,8.422555816476157
2026-02-19,187.8999938964844,-0.0004255869394240719,9.418545699784671,8.418545699784671
2026-02-20,189.82000732421875,0.01021827296488409,9.514786970677306,8.514786970677306
2026-02-23,191.5500030517578,0.009113874516842646,9.601503545182549,8.601503545182549
2026-02-24,192.8500061035156,0.006786755578419568,9.666666602929032,8.666666602929032
2026-02-25,195.5599975585937,0.014052327556699495,9.802505768414798,8.802505768414798
2026-02-26,184.88999938964844,-0.054561251289381496,9.267668787918707,8.267668787918707
2026-02-27,177.19000244140625,-0.04164636796831145,8.88170404336861,7.881704043368609
2026-03-02,182.47999572753903,0.02985491965260345,9.146866603961582,8.146866603961582
2026-03-03,180.0500030517578,-0.013316488013346062,9.025062464470253,8.025062464470253
2026-03-04,183.0399932861328,0.016606443675068805,9.174936655950455,8.174936655950455
2026-03-05,183.33999633789065,0.0016390027467323431,9.189974402330654,8.189974402330654
2026-03-06,177.82000732421875,-0.030107936751011533,8.913283234281867,7.913283234281867
2026-03-09,182.6499938964844,0.027162222322143714,9.155387815111666,8.155387815111666
2026-03-10,184.7700042724609,0.011606955635476313,9.261653995307247,8.261653995307247
2026-03-11,186.02999877929688,0.006819258958169261,9.324811612282211,8.324811612282211
2026-03-12,183.13999938964844,-0.015535125563684415,9.179949493027705,8.179949493027705
2026-03-13,180.25,-0.015780274103308733,9.035087373773198,8.035087373773198
2026-03-16,183.22000122070312,0.01647712189016981,9.183959609719194,8.183959609719194
2026-03-17,181.92999267578125,-0.00704076266961684,9.119297529739814,8.119297529739814
2026-03-18,180.3999938964844,-0.00840982158463266,9.04260586453752,8.04260586453752
2026-03-19,178.55999755859375,-0.01019953658616235,8.950375475187924,7.950375475187924
2026-03-20,172.6999969482422,-0.03281810422532416,8.656641119987421,7.656641119987421
2026-03-23,175.63999938964844,0.01702375502813336,8.804009657780552,7.8040096577805524
2026-03-24,175.1999969482422,-0.002505138026276832,8.781954398403139,7.781954398403139
2026-03-25,178.67999267578125,0.019862989658425256,8.956390267799382,7.956390267799382
2026-03-26,171.24000549316406,-0.04163861365338872,8.583458593709512,7.583458593709512
2026-03-27,167.52000427246094,-0.02172390271764868,8.3969923742388,7.396992374238801
2026-03-30,165.1699981689453,-0.014028211816980884,8.279197586587406,7.279197586587406
2026-03-31,174.39999389648438,0.05588179348466227,8.741853996339797,7.741853996339797
2026-04-01,175.75,0.0077408609562046315,8.809523472624905,7.809523472624905
2026-04-02,177.38999938964844,0.009331433227018238,8.891728952671555,7.891728952671555
2026-04-06,177.63999938964844,0.0014093240930164175,8.904260280513126,7.904260280513126
2026-04-07,178.10000610351562,0.0025895446715138437,8.927318260276301,7.9273182602763015
2026-04-08,182.0800018310547,0.02234697131467711,9.12681678535569,8.12681678535569
2026-04-09,183.91000366210932,0.010050537196021336,9.21854619693818,8.21854619693818
2026-04-10,188.6300048828125,0.025664733438726106,9.45513772777518,8.45513772777518
2026-04-13,189.3099975585937,0.0036049019677630856,9.489222572375507,8.489222572375507
2026-04-14,196.509994506836,0.03803284053191014,9.850124661242466,8.850124661242466
2026-04-15,198.8699951171875,0.01200957038482553,9.968420426660963,8.968420426660963
2026-04-16,198.3500061035156,-0.0026147182905369437,9.94235581544361,8.94235581544361
2026-04-17,201.67999267578125,0.016788436953855124,10.10927242922398,9.10927242922398
2026-04-20,202.0599975585937,0.0018841972263621276,10.128320292295662,9.128320292295662
2026-04-21,199.8800048828125,-0.010788838474320106,10.019047480645906,9.019047480645906
2026-04-22,202.5,0.013107839969903834,10.150375551673081,9.150375551673081
2026-04-23,199.63999938964844,-0.014123459804205263,10.007017130571437,9.007017130571437
2026-04-24,208.2700042724609,0.04322783464835034,10.439598812414989,9.439598812414989
2026-04-27,216.6100006103516,0.040044155023784445,10.85764372564545,9.85764372564545
2026-04-28,213.1699981689453,-0.01588108781548969,10.685212532169174,9.685212532169174
2026-04-29,209.25,-0.01838907070702589,10.488721403395516,9.488721403395516
2026-04-30,199.57000732421875,-0.04626041900014932,10.003508756498606,9.003508756498606
2026-05-01,198.4499969482422,-0.005612117727474941,9.947367887669309,8.947367887669309
2026-05-04,198.47999572753903,0.00015116543088011802,9.948871585822172,8.948871585822172
2026-05-05,196.5,-0.009975794891980194,9.84962368347536,8.84962368347536
2026-05-06,207.8300018310547,0.05765904239722497,10.417543553037577,9.417543553037577
2026-05-07,211.5,0.017658654364679505,10.601503353969663,9.601503353969663
2026-05-08,215.1999969482422,0.01749407540540049,10.786966853054615,9.786966853054615
2026-05-11,219.44000244140625,0.019702628035742187,10.999498448594231,9.999498448594231
2026-05-12,220.77999877929688,0.006106436032548013,11.066666182260683,10.066666182260683
2026-05-13,225.8300018310547,0.02287346263103318,11.31979915763074,10.31979915763074
2026-05-14,235.7400054931641,0.043882582392764435,11.816541176835017,10.816541176835017
2026-05-15,225.32000732421875,-0.044201229855521884,11.294235524180493,10.294235524180493
2026-05-18,222.32000732421875,-0.013314396868819633,11.143859590081632,10.143859590081632
2026-05-19,220.6100006103516,-0.007691645634814059,11.0581449711106,10.0581449711106
2026-05-20,223.47000122070312,0.012964056944104518,11.201503392212242,10.201503392212242
2026-05-21,219.509994506836,-0.01772052934280044,11.003006822667066,10.003006822667066
2026-05-22,215.3300018310547,-0.01904237975665901,10.793483388284729,9.793483388284729
2026-05-26,214.8600006103516,-0.002182701976995549,10.769924430754452,9.769924430754452
2026-05-27,212.6000061035156,-0.01051845155178277,10.6566415024132,9.6566415024132
2026-05-28,214.25,0.007761024690098095,10.739347960226953,9.739347960226953
2026-05-29,211.13999938964844,-0.014515755474219683,10.583458211283737,9.583458211283737
2026-06-01,224.3600006103516,0.06261249056985307,11.246114888734175,10.246114888734175
2026-06-02,222.82000732421875,-0.006863938678656756,11.168922245764774,10.168922245764774
2026-06-03,214.75,-0.03621760640406191,10.764410615910094,9.764410615910094
2026-06-04,218.66000366210932,0.018207234747889656,10.960400766916646,9.960400766916646
2026-06-05,205.1000061035156,-0.062014073591381114,10.280701667166047,9.280701667166047
2026-06-08,208.63999938964844,0.017259839984335112,10.45814493286802,9.45814493286802
2026-06-09,208.19000244140625,-0.0021568105327770537,10.435588695723501,9.435588695723501
2026-06-10,200.4199981689453,-0.03732169739825886,10.046114812249018,9.046114812249018
2026-06-11,204.8699951171875,0.022203357892913722,10.269172294858684,9.269172294858684
2026-06-12,205.19000244140625,0.0015620019126554308,10.285212761624642,9.285212761624642
2026-06-15,212.4499969482422,0.03538181402824003,10.649122246797326,9.649122246797326
2026-06-16,207.41000366210932,-0.02372319773372711,10.396491014045921,9.396491014045921
2026-06-17,204.6499938964844,-0.013307023368656967,10.25814466516998,9.25814466516998
2026-06-18,210.69000244140625,0.029513846689763312,10.56090197413922,9.56090197413922
2026-06-22,208.6499938964844,-0.009682512322762848,10.458645910635127,9.458645910635127
2026-06-23,200.0399932861328,-0.04126528091164572,10.027066949177334,9.027066949177334
2026-06-24,199.0,-0.00519892681982459,9.974936961891078,8.974936961891078
2026-06-25,195.7400054931641,-0.016381881943899,9.811528722183544,8.811528722183544
2026-06-26,192.52999877929688,-0.016399339040476968,9.650626136163078,8.650626136163078
2026-06-29,194.97000122070312,0.012673362368860186,9.772932018273066,8.772932018273066
2026-06-30,200.08999633789065,0.026260425117358377,10.02957336771596,9.02957336771596
2026-07-01,197.5800018310547,-0.012544327816355949,9.903759111533137,8.903759111533137
2026-07-02,194.8300018310547,-0.013918412665829716,9.765914505275848,8.765914505275848
2026-07-06,195.5500030517578,0.0036955356666652506,9.802004790647699,8.802004790647699
2026-07-07,196.92999267578125,0.007056965494693257,9.871177200234117,8.871177200234117
2026-07-08,204.1199951171875,0.03651044893523969,10.231578311333967,9.231578311333967
2026-07-09,202.77999877929688,-0.006564748040099211,10.164410577667516,9.164410577667516
2026-07-10,210.9600067138672,0.04033932332484791,10.57443602236655,9.57443602236655
2026-07-13,203.52999877929688,-0.03521998340020871,10.202004561192231,9.202004561192231
2026-07-14,211.8000030517578,0.040632851776453593,10.616541100349858,9.616541100349858
2026-07-15,212.5,0.0033049902651376417,10.651628665335949,9.651628665335949
2026-07-16,207.3999938964844,-0.024000028722426348,10.395989271427267,9.395989271427267
2026-07-17,202.8099975585937,-0.02213113053504534,10.165914275820379,9.165914275820379
2026-07-20,203.27999877929688,0.002317446015290159,10.189473233350661,9.189473233350661
2026-07-21,207.2899932861328,0.019726458731385677,10.390475456582912,9.390475456582912
2026-07-22,212.0599975585937,0.02301126164771783,10.629573405958531,9.629573405958531
2026-07-23,208.759994506836,-0.015561648070121725,10.46415972547948,9.46415972547948
2026-07-24,206.83999633789065,-0.009197155678611013,10.367919219438393,9.367919219438393
2026-07-27,196.509994506836,-0.049941993879074165,9.850124661242466,8.850124661242466
2026-07-28,197.009994506836,0.002544399847217882,9.875187316925608,8.875187316925608
2026-07-29,190.009994506836,-0.03553119230079016,9.5243101373616,8.5243101373616
2026-07-30,195.0399932861328,0.02647228527295109,9.776440392345895,8.776440392345895
2026-07-31,200.75,0.029276081370092744,10.062656256782075,9.062656256782075
2026-08-03,206.63999938964844,0.029339972053043173,10.35789431013544,9.35789431013544
2026-08-04,211.94000244140625,0.025648485614655492,10.623558613347072,9.623558613347072
2026-08-05,219.22000122070312,0.0343493379986608,10.988470818905515,9.988470818905515
2026-08-06,218.9900054931641,-0.0010491548501885273,10.976942211449705,9.976942211449705
2026-08-07,223.9600067138672,0.022695105237842572,11.226065070128273,10.226065070128273
2026-08-10,217.5500030517578,-0.028621197847608748,10.904761640706003,9.904761640706003
2026-08-11,217.5,-0.00022984624709898593,10.902255222167378,9.902255222167378
2026-08-12,224.08999633789065,0.030298833737428366,11.232580840506838,10.232580840506838
2026-08-13,225.3000030517578,0.005399646274448999,11.293232803794728,10.293232803794728
2026-08-14,225.16000366210932,-0.0006213909798142847,11.286215290797507,10.286215290797507
