Date,Close,Daily Return,Cumulative Growth,Cumulative Return
2021-08-16,446.9700012207031,,1.0,0.0
2021-08-17,444.0400085449219,-0.00655523338877162,0.9934447666112284,-0.00655523338877162
2021-08-18,439.1799926757813,-0.010944995440988259,0.9825715181697948,-0.017428481830205178
2021-08-19,439.8599853515625,0.0015483234371360677,0.9840928566800394,-0.01590714331996057
2021-08-20,443.3599853515625,0.00795707751684338,0.9919233598244144,-0.008076640175585625
2021-08-23,447.260009765625,0.008796518727259395,1.000648832235116,0.0006488322351159148
2021-08-24,447.9700012207031,0.0015874244054374653,1.0022372866126785,0.002237286612678524
2021-08-25,448.9100036621094,0.0020983602447592897,1.004340341490722,0.004340341490721933
2021-08-26,446.260009765625,-0.005903174076911433,0.9984115456224375,-0.0015884543775624982
2021-08-27,450.25,0.008940954033659798,1.007338297358523,0.007338297358522983
2021-08-30,452.2300109863281,0.004397581313332788,1.0117681494311912,0.0117681494311912
2021-08-31,451.55999755859375,-0.0014815766566952382,1.0102691373590063,0.010269137359006253
2021-09-01,451.7999877929688,0.0005314692082394323,1.0108060642975472,0.010806064297547158
2021-09-02,453.1900024414063,0.0030766150641741152,1.0139159254619234,0.01391592546192344
2021-09-03,453.0799865722656,-0.00024275881759971973,1.0136697884307129,0.01366978843071287
2021-09-07,451.4599914550781,-0.003575516829695813,1.0100453950424246,0.010045395042424632
2021-09-08,450.9100036621094,-0.0012182425981892564,1.008814914716079,0.008814914716078981
2021-09-09,448.9800109863281,-0.004280217028024724,1.004496967939986,0.004496967939985996
2021-09-10,445.4400024414063,-0.007884557125706015,0.9965769542136647,-0.0034230457863353436
2021-09-13,446.5799865722656,0.0025592316015876637,0.9991274254483022,-0.0008725745516977579
2021-09-14,444.1700134277344,-0.005396509510041114,0.9937356247951276,-0.006264375204872441
2021-09-15,447.8800048828125,0.008352638275707758,1.0020359390107256,0.002035939010725629
2021-09-16,447.1700134277344,-0.0015852269521696716,1.0004474846331632,0.00044748463316324205
2021-09-17,441.3999938964844,-0.012903413372959749,0.9875382971810037,-0.012461702818996279
2021-09-20,434.0400085449219,-0.016674185440266553,0.9710719004844426,-0.028928099515557415
2021-09-21,433.6300048828125,-0.0009446218183523092,0.9701546047800561,-0.029845395219943893
2021-09-22,437.8599853515625,0.00975481498309394,0.9796182834546822,-0.02038171654531784
2021-09-23,443.1799926757813,0.012150019417616509,0.9915206646205087,-0.008479335379491304
2021-09-24,443.9100036621094,0.0016472110618543923,0.9931539084273289,-0.006846091572671131
2021-09-27,442.6400146484375,-0.002860915508086981,0.9903125790087919,-0.009687420991208118
2021-09-28,433.7200012207031,-0.02015184604315312,0.9703559523820088,-0.02964404761799122
2021-09-29,434.4500122070313,0.001683138855191224,0.9719891961888291,-0.028010803811170937
2021-09-30,429.1400146484375,-0.012222344134872332,0.9601092097376313,-0.03989079026236875
2021-10-01,434.239990234375,0.0118841762871158,0.9715193168410367,-0.02848068315896335
2021-10-04,428.6400146484375,-0.01289603839322806,0.958990566431292,-0.04100943356870801
2021-10-05,433.1000061035156,0.010404981575824479,0.9689688456063991,-0.031031154393600935
2021-10-06,434.8999938964844,0.004156055801436631,0.9729959341985929,-0.02700406580140713
2021-10-07,438.6600036621094,0.008645688246479821,0.9814081537107663,-0.018591846289233716
2021-10-08,437.8599853515625,-0.001823777649815339,0.979618283454682,-0.02038171654531795
2021-10-11,434.6900024414063,-0.0072397182117726055,0.9725261231273697,-0.027473876872630254
2021-10-12,433.6199951171875,-0.0024615411401439635,0.970132210065427,-0.029867789934572953
2021-10-13,435.1799926757813,0.003597614446197772,0.9736223717190802,-0.02637762828091983
2021-10-14,442.5,0.01682064306130049,0.9899993261102636,-0.010000673889736356
2021-10-15,445.8699951171875,0.007615808174435079,0.9975389710707394,-0.002461028929260589
2021-10-18,447.1900024414063,0.0029605206420582064,1.0004922057858519,0.0004922057858518514
2021-10-19,450.6400146484375,0.007714868821297571,1.0082108719102203,0.008210871910220296
2021-10-20,452.4100036621094,0.003927722696912994,1.0121708446350965,0.012170844635096545
2021-10-21,453.5899963378906,0.0026082373648450563,1.0148108264516806,0.014810826451680636
2021-10-22,453.1199951171875,-0.001036180745822679,1.013759299012659,0.013759299012658932
2021-10-25,455.5499877929688,0.005362801690428354,1.0191958890950914,0.0191958890950914
2021-10-26,455.9599914550781,0.0009000190387353779,1.0201131847994778,0.020113184799477768
2021-10-27,453.9400024414063,-0.004430189164679854,1.015593890421432,0.01559389042143211
2021-10-28,458.3200073242188,0.00964886297584644,1.0253932167092152,0.02539321670921524
2021-10-29,459.25,0.0020291339259019825,1.0274738768726297,0.0274738768726297
2021-11-01,460.0400085449219,0.0017202145779464662,1.029241352414085,0.029241352414085098
2021-11-02,461.8999938964844,0.004043094767878008,1.0334026727409142,0.03340267274091424
2021-11-03,464.7200012207031,0.006105233516956243,1.0397118373750442,0.039711837375044245
2021-11-04,466.9100036621094,0.004712520303954415,1.0446115005189358,0.04461150051893581
2021-11-05,468.5299987792969,0.0034696089278050124,1.048235893907224,0.04823589390722405
2021-11-08,468.9299926757813,0.0008537209944434743,1.049130794896982,0.04913079489698191
2021-11-09,467.3800048828125,-0.003305371414023539,1.0456630279579577,0.045663027957957736
2021-11-10,463.6199951171875,-0.008044866546158214,1.0372508084457843,0.03725080844578432
2021-11-11,463.7699890136719,0.0003235276693500655,1.0375863877823723,0.03758638778237233
2021-11-12,467.2699890136719,0.007546844519723317,1.0454168909267472,0.04541689092674717
2021-11-15,467.4299926757813,0.00034242229518555156,1.0457748649779641,0.045774864977964125
2021-11-16,469.2799987792969,0.003957824984497149,1.049913858866733,0.04991385886673294
2021-11-17,468.1400146484375,-0.002429219514628267,1.0473633876320951,0.04736338763209513
2021-11-18,469.7300109863281,0.0033964119454403807,1.0509206651530656,0.05092066515306559
2021-11-19,468.8900146484375,-0.0017882535035962377,1.049041352591604,0.049041352591604026
2021-11-22,467.5700073242188,-0.0028151747381705006,1.046088117876492,0.04608811787649203
2021-11-23,468.1900024414063,0.0013259941986774049,1.0474752246521015,0.04747522465210152
2021-11-24,469.4400024414063,0.00266985624101701,1.0502718329179497,0.05027183291794968
2021-11-26,458.9700012207031,-0.022303172218498757,1.0268474393521423,0.02684743935214229
2021-11-29,464.6000061035156,0.012266607551340236,1.0394433739057736,0.03944337390577357
2021-11-30,455.55999755859375,-0.019457616070086114,1.0192182838097201,0.019218283809720127
2021-12-01,450.5,-0.011107203410551714,1.0078976190116922,0.00789761901169217
2021-12-02,457.3999938964844,0.015316301657013032,1.0233348829838604,0.02333488298386044
2021-12-03,453.4200134277344,-0.008701312903057756,1.0144305259624038,0.014430525962403795
2021-12-06,458.7900085449219,0.01184331295081531,1.0264447441482367,0.02644474414823672
2021-12-07,468.2799987792969,0.020684823247291373,1.0476765722540542,0.047676572254054195
2021-12-08,469.5199890136719,0.0026479675356780863,1.0504507858052734,0.0504507858052734
2021-12-09,466.3500061035156,-0.006751539837133391,1.043358625477961,0.04335862547796099
2021-12-10,470.739990234375,0.009413496458462456,1.053180278203804,0.053180278203804
2021-12-13,466.5700073242188,-0.008858357047762166,1.0438508312638133,0.043850831263813284
2021-12-14,463.3599853515625,-0.006880043556733995,1.0366690920779853,0.0366690920779853
2021-12-15,470.6000061035156,0.015625045279773042,1.052867093581845,0.05286709358184494
2021-12-16,466.4500122070313,-0.008818516452742009,1.0435823677945428,0.04358236779454283
2021-12-17,459.8699951171875,-0.014106585738330568,1.0288609836482392,0.02886098364823919
2021-12-20,454.9800109863281,-0.010633405490204417,1.017920687616057,0.01792068761605692
2021-12-21,463.05999755859375,0.017758992432985066,1.0359979334048095,0.0359979334048095
2021-12-22,467.6900024414063,0.009998714868966196,1.0463565813457625,0.04635658134576248
2021-12-23,470.6000061035156,0.006222077972414919,1.0528670935818454,0.05286709358184538
2021-12-27,477.260009765625,0.014152153794584565,1.067767430615473,0.06776743061547297
2021-12-28,476.8699951171875,-0.0008171953242616103,1.0668948560637752,0.06689485606377521
2021-12-29,477.4800109863281,0.0012792079086265673,1.068259636401325,0.06825963640132504
2021-12-30,476.1600036621094,-0.0027645289726202504,1.0653064016862128,0.06530640168621282
2021-12-31,474.9599914550781,-0.0025201869073463445,1.062621630440371,0.06262163044037106
2022-01-03,477.7099914550781,0.005789961364061735,1.068774168625237,0.068774168625237
2022-01-04,477.5499877929688,-0.00033493890638958135,1.0684161945740203,0.06841619457402026
2022-01-05,468.3800048828125,-0.01920214248677088,1.0479003145706365,0.04790031457063648
2022-01-06,467.9400024414063,-0.0009394133755054046,1.0469159029989326,0.04691590299893256
2022-01-07,466.0899963378906,-0.003953511334494952,1.0427769091101633,0.0427769091101633
2022-01-10,465.510009765625,-0.001244366059822366,1.0414793129165,0.04147931291650009
2022-01-11,469.75,0.009108268663244656,1.050965386305755,0.05096538630575509
2022-01-12,471.0199890136719,0.002703542338843734,1.0538067157242919,0.053806715724291854
2022-01-13,464.5299987792969,-0.013778587715492119,1.03928674745651,0.03928674745650995
2022-01-14,464.7200012207031,0.0004090208208415991,1.0397118373750445,0.03971183737504447
2022-01-18,456.489990234375,-0.017709612163689825,1.021298943973135,0.02129894397313503
2022-01-19,451.75,-0.010383557878106742,1.0106942272775408,0.010694227277540769
2022-01-20,446.75,-0.011068068622025473,0.9995077942141479,-0.0004922057858520734
2022-01-21,437.9800109863281,-0.01963064132886827,0.9798868152005217,-0.020113184799478323
2022-01-24,439.8399963378906,0.004246735706896265,0.9840481355273506,-0.015951864472649402
2022-01-25,434.4700012207031,-0.012208974085799573,0.9720339173415178,-0.027966082658482216
2022-01-26,433.3800048828125,-0.0025087953939929575,0.9695952831268865,-0.030404716873113524
2022-01-27,431.239990234375,-0.004937963506221665,0.9648074570030013,-0.0351925429969987
2022-01-28,441.9500122070313,0.024835410015744408,0.9887688457839185,-0.011231154216081451
2022-01-31,449.9100036621094,0.018011067394991365,1.0065776281034005,0.006577628103400457
2022-02-01,452.9500122070313,0.006756925874457753,1.0133789985233825,0.013378998523382535
2022-02-02,457.3500061035156,0.009714082741812957,1.0232230459638543,0.023223045963854272
2022-02-03,446.6000061035156,-0.02350497399483331,0.9991722148775597,-0.0008277851224403054
2022-02-04,448.7000122070313,0.004702207959730531,1.0038705304194986,0.0038705304194985857
2022-02-07,447.260009765625,-0.0032092765817485214,1.000648832235116,0.0006488322351159148
2022-02-08,450.9400024414063,0.008227859847585561,1.0088820305833965,0.008882030583396539
2022-02-09,457.5400085449219,0.014636106949445393,1.0236481358823888,0.023648135882388788
2022-02-10,449.3200073242188,-0.017965644680657533,1.0052576371951083,0.0052576371951083
2022-02-11,440.4599914550781,-0.019718721011120044,0.9854352423029602,-0.014564757697039799
2022-02-14,439.0199890136719,-0.003269314964678527,0.9822135441185775,-0.01778645588142247
2022-02-15,446.1000061035156,0.01612686726577106,0.9980535715712204,-0.0019464284287795675
2022-02-16,446.6000061035156,0.0011208249118113134,0.9991722148775597,-0.0008277851224403054
2022-02-17,437.05999755859375,-0.02136141606480546,0.977828481475167,-0.02217151852483301
2022-02-18,434.2300109863281,-0.006475052825868022,0.971496990402977,-0.02850300959702301
2022-02-22,429.5700073242188,-0.010731648076383271,0.9610712265947068,-0.038928773405293216
2022-02-23,421.9500122070313,-0.01773865723226875,0.9440231135303472,-0.05597688646965282
2022-02-24,428.2999877929688,0.01504911814725074,0.9582298288996008,-0.041770171100399156
2022-02-25,437.75,0.02206400298007738,0.9793722147000407,-0.020627785299959345
2022-02-28,436.6300048828125,-0.0025585268239577408,0.9768664646180917,-0.02313353538190832
2022-03-01,429.9800109863281,-0.015230272363598085,0.961988522299093,-0.03801147770090696
2022-03-02,437.8900146484375,0.018396212521518462,0.9796854675985687,-0.02031453240143133
2022-03-03,435.7099914550781,-0.004978472037343917,0.974808130892737,-0.02519186910726301
2022-03-04,432.1700134277344,-0.008124619808514866,0.9668881854429845,-0.033111814557015506
2022-03-07,419.4299926757813,-0.02947918725527998,0.9383851075693929,-0.06161489243060714
2022-03-08,416.25,-0.007581700715998729,0.9312705525274515,-0.0687294474725485
2022-03-09,427.4100036621094,0.026810819608671155,0.9562386793181326,-0.043761320681867444
2022-03-10,425.4800109863281,-0.004515553354495161,0.9519207325420396,-0.04807926745796043
2022-03-11,420.0700073242188,-0.012715059514942006,0.9398170037742604,-0.06018299622573964
2022-03-14,417.0,-0.007308323066848477,0.9329485174869605,-0.0670514825130395
2022-03-15,426.1700134277344,0.02199043987466287,0.9534644657669133,-0.04653553423308665
2022-03-16,435.6199951171875,0.02217420604853415,0.9746067832907844,-0.02539321670921557
2022-03-17,441.0700073242188,0.01251093216133281,0.9868000226405103,-0.013199977359489745
2022-03-18,444.5199890136719,0.00782184603841607,0.9945186204883099,-0.005481379511690143
2022-03-21,444.3900146484375,-0.0002923926222593298,0.9942278305809795,-0.005772169419020479
2022-03-22,449.5899963378906,0.011701391836103525,1.0058616800009668,0.0058616800009667624
2022-03-23,443.7999877929688,-0.01287841943122403,0.9929077713961186,-0.0070922286038813676
2022-03-24,450.489990234375,0.015074363734608909,1.0078752242970637,0.007875224297063665
2022-03-25,452.6900024414063,0.004883598425542646,1.0127972821555842,0.012797282155584178
2022-03-28,455.9100036621094,0.007113038068738531,1.0200013477794718,0.020001347779471823
2022-03-29,461.5499877929688,0.012370827763278136,1.0326196087711632,0.03261960877116321
2022-03-30,458.7000122070313,-0.006174792896356585,1.0262433965462845,0.026243396546284492
2022-03-31,451.6400146484375,-0.015391317572948537,1.0104481585228993,0.010448158522899265
2022-04-01,452.9200134277344,0.0028341128726010467,1.013311882656065,0.013311882656064977
2022-04-04,456.7999877929688,0.008566577431344813,1.02199249736094,0.02199249736094
2022-04-05,451.0299987792969,-0.01263132479829887,1.0090833781853494,0.009083378185349433
2022-04-06,446.5199890136719,-0.00999935653466788,0.998993193713667,-0.001006806286332984
2022-04-07,448.7699890136719,0.005038968143330047,1.0040270885921938,0.004027088592193806
2022-04-08,447.5700073242188,-0.002673934796955657,1.001342385622921,0.001342385622921105
2022-04-11,439.9200134277344,-0.017092284494708787,0.9842271566912437,-0.01577284330875628
2022-04-12,438.2900085449219,-0.003705230116974989,0.9805803685883266,-0.019419631411673355
2022-04-13,443.30999755859375,0.01145357848867623,0.9918115228044081,-0.008188477195591903
2022-04-14,437.7900085449219,-0.01245175846263713,0.9794617252819873,-0.020538274718012728
2022-04-18,437.9700012207031,0.0004111392957082405,0.9798644204858928,-0.02013557951410716
2022-04-19,445.0400085449219,0.01614267485104759,0.9956820532239068,-0.004317946776093207
2022-04-20,444.7099914550781,-0.0007415447679024467,0.9949437104068443,-0.005056289593155738
2022-04-21,438.05999755859375,-0.014953551807383003,0.9800657680878456,-0.019934231912154377
2022-04-22,426.0400085449219,-0.027439138658316153,0.9531736075830141,-0.04682639241698594
2022-04-25,428.510009765625,0.005797580441186945,0.9586997082473929,-0.04130029175260708
2022-04-26,416.1000061035156,-0.028960825603343676,0.9309349731908637,-0.06906502680913629
2022-04-27,417.2699890136719,0.002811782968023202,0.933552560292819,-0.06644743970718103
2022-04-28,427.80999755859375,0.02525944549675363,0.9571335803078902,-0.0428664196921098
2022-04-29,412.0,-0.03695565238965315,0.9217620844235677,-0.07823791557643234
2022-05-02,414.4800109863281,0.0060194441415730715,0.9273105798025753,-0.07268942019742475
2022-05-03,416.3800048828125,0.00458404228460374,0.9315614107113507,-0.06843858928864932
2022-05-04,429.05999755859375,0.030452933683378758,0.9599301885737382,-0.04006981142626176
2022-05-05,413.80999755859375,-0.03554281472701826,0.9258115677303902,-0.0741884322696098
2022-05-06,411.3399963378906,-0.0059689259207744705,0.9202854670660114,-0.07971453293398856
2022-05-09,398.1700134277344,-0.03201726802014637,0.8908204406119133,-0.10917955938808666
2022-05-10,399.0899963378906,0.0023105278627999493,0.8928787060606989,-0.10712129393930114
2022-05-11,392.75,-0.015886131940332726,0.8786943171295051,-0.12130568287049492
2022-05-12,392.3399963378906,-0.0010439303936584654,0.8777770214251186,-0.1222229785748814
2022-05-13,401.7200012207031,0.02390784770955201,0.8987627807762945,-0.10123721922370554
2022-05-16,400.0899963378906,-0.004057564666582247,0.8951159926733774,-0.10488400732662262
2022-05-17,408.3200073242188,0.020570399314302268,0.9135288860752868,-0.08647111392471318
2022-05-18,391.8599853515625,-0.04031157346543279,0.876703099271468,-0.12329690072853206
2022-05-19,389.4599914550781,-0.006124621002910446,0.8713336250563533,-0.12866637494364674
2022-05-20,389.6300048828125,0.0004365363104414932,0.8717139938221989,-0.12828600617780106
2022-05-23,396.9200134277344,0.01871007995678986,0.8880238323460649,-0.11197616765393514
2022-05-24,393.8900146484375,-0.007633776773134482,0.8812448566407116,-0.11875514335928838
2022-05-25,397.3699951171875,0.008834904007038569,0.8890305703558288,-0.11096942964417122
2022-05-26,405.30999755859375,0.01998138394687965,0.906794631522622,-0.09320536847737804
2022-05-27,415.260009765625,0.02454914082298898,0.9290556606294013,-0.07094433937059874
2022-05-31,412.9299926757813,-0.005610983564631633,0.9238427445869817,-0.07615725541301832
2022-06-01,409.5899963378906,-0.00808852928373538,0.9163702154938234,-0.08362978450617664
2022-06-02,417.3900146484375,0.019043478552421167,0.9338210920386576,-0.0661789079613424
2022-06-03,410.5400085449219,-0.016411523666384986,0.9184956650864957,-0.08150433491350428
2022-06-06,411.7900085449219,0.003044770239154948,0.9212922733523439,-0.07870772664765613
2022-06-07,415.739990234375,0.009592223238758413,0.9301295145064828,-0.06987048549351715
2022-06-08,411.2200012207031,-0.010872153557139663,0.9200170035967405,-0.07998299640325945
2022-06-09,401.4400024414063,-0.023782886898168765,0.8981363432558072,-0.10186365674419284
2022-06-10,389.7999877929688,-0.028995652096570623,0.8720942943114757,-0.12790570568852433
2022-06-13,375.0,-0.037968158687653464,0.8389824797544604,-0.1610175202455396
2022-06-14,373.8699951171875,-0.003013346354166613,0.8364543349578826,-0.16354566504211743
2022-06-15,379.2000122070313,0.014256338190961726,0.8483791108383382,-0.15162088916166183
2022-06-16,366.6499938964844,-0.03309603878307632,0.8203011228832807,-0.17969887711671928
2022-06-17,365.8599853515625,-0.0021546667341413306,0.8185336473418253,-0.18146635265817468
2022-06-21,375.0700073242188,0.025173624723693777,0.8391391062037248,-0.16086089379627522
2022-06-22,374.3900146484375,-0.0018129753446094465,0.8376177676934798,-0.16238223230652016
2022-06-23,378.05999755859375,0.0098025662185528,0.8458285713271315,-0.15417142867286848
2022-06-24,390.0799865722656,0.03179386629448655,0.872720731831963,-0.12727926816803703
2022-06-27,388.5899963378906,-0.0038197043828572808,0.869387196627574,-0.13061280337242598
2022-06-28,380.6499938964844,-0.02043285343481205,0.8516231354607807,-0.14837686453921928
2022-06-29,380.3399963378906,-0.000814390026440015,0.8509295820729759,-0.14907041792702413
2022-06-30,377.25,-0.008124300277758567,0.8440163746329874,-0.1559836253670126
2022-07-01,381.239990234375,0.010576514869118592,0.8529431263690728,-0.14705687363092723
2022-07-05,381.9599914550781,0.00188857737683934,0.854553975461264,-0.145446024538736
2022-07-06,383.25,0.0033773394433473936,0.8574400943090587,-0.14255990569094135
2022-07-07,388.989990234375,0.014977143468688947,0.8702820976173316,-0.12971790238266845
2022-07-08,388.6700134277344,-0.0008225836516971841,0.8695662177914668,-0.1304337822085332
2022-07-11,384.2300109863281,-0.0114235785834087,0.8596326597690485,-0.14036734023095154
2022-07-12,380.8299865722656,-0.008848929851508869,0.8520258306646862,-0.14797416933531382
2022-07-13,378.8299865722656,-0.005251687289652196,0.8475512574393291,-0.15244874256067087
2022-07-14,377.9100036621094,-0.0024284849213771498,0.8454929919905435,-0.1545070080094565
2022-07-15,385.1300048828125,0.019105080973613298,0.8616462040651455,-0.13835379593485453
2022-07-18,381.9500122070313,-0.008256933075751371,0.8545316490232043,-0.14546835097679567
2022-07-19,392.2699890136719,0.027019181769385003,0.8776203949758546,-0.12237960502414535
2022-07-20,394.7699890136719,0.006373161521445958,0.883213611507551,-0.11678638849244904
2022-07-21,398.7900085449219,0.010183194374258298,0.892207547387523,-0.10779245261247705
2022-07-22,395.0899963378906,-0.009278096561475047,0.8839295596099846,-0.11607044039001535
2022-07-25,395.5700073242188,0.001214940876199,0.8850034817636354,-0.11499651823636459
2022-07-26,390.8900146484375,-0.011831009907547041,0.8745329968026763,-0.12546700319732373
2022-07-27,401.0400085449219,0.025966367817333857,0.8972414422660498,-0.10275855773395015
2022-07-28,406.0700073242188,0.0125423864754719,0.9084949911967605,-0.09150500880323953
2022-07-29,411.989990234375,0.014578724858715031,0.9217396897089388,-0.07826031029106117
2022-08-01,410.7699890136719,-0.002961239956361772,0.9190101973104082,-0.08098980268959177
2022-08-02,408.05999755859375,-0.006597345296781021,0.9129471697074886,-0.08705283029251143
2022-08-03,414.4500122070313,0.01565949783529086,0.9272434639352579,-0.07275653606474208
2022-08-04,414.1700134277344,-0.0006755911956809468,0.9266170264147705,-0.0733829735852295
2022-08-05,413.4700012207031,-0.00169015666112049,0.9250508984752679,-0.07494910152473211
2022-08-08,412.989990234375,-0.0011609330420851993,0.9239769763216173,-0.07602302367838265
2022-08-09,411.3500061035156,-0.003971002129927292,0.9203078617806404,-0.07969213821935961
2022-08-10,419.989990234375,0.021003972292843898,0.9396379826103674,-0.06036201738963265
2022-08-11,419.989990234375,0.0,0.9396379826103674,-0.06036201738963265
2022-08-12,427.1000061035156,0.016929012677594724,0.9555451259303278,-0.04445487406967219
2022-08-15,428.8599853515625,0.004120766150540245,0.9594827039405752,-0.04051729605942478
2022-08-16,429.7000122070313,0.0019587438421893033,0.961362084778606,-0.03863791522139404
2022-08-17,426.6499938964844,-0.0070980177423811686,0.9545383196439948,-0.045461680356005174
2022-08-18,427.8900146484375,0.002906412210693654,0.9573126014717831,-0.0426873985282169
2022-08-19,422.1400146484375,-0.013438032679318979,0.9444482034488814,-0.05555179655111864
2022-08-22,413.3500061035156,-0.020822495475209313,0.9247824350059974,-0.07521756499400256
2022-08-23,412.3500061035156,-0.0024192572522898637,0.9225451483933189,-0.07745485160668109
2022-08-24,413.6700134277344,0.003201181774415529,0.925498383108431,-0.07450161689156898
2022-08-25,419.510009765625,0.014117523988503633,0.9385641287332857,-0.06143587126671435
2022-08-26,405.30999755859375,-0.033849042636585946,0.9067946315226225,-0.09320536847737748
2022-08-29,402.6300048828125,-0.006612204712255654,0.9007987197870205,-0.09920128021297947
2022-08-30,398.2099914550781,-0.010977854044983193,0.8909098829172909,-0.1090901170827091
2022-08-31,395.1799926757813,-0.007609047598793439,0.8841309072119378,-0.11586909278806223
2022-09-01,396.4200134277344,0.0031378631887633013,0.886905189039726,-0.11309481096027396
2022-09-02,392.239990234375,-0.010544430280438832,0.8775532791085372,-0.1224467208914628
2022-09-06,390.760009765625,-0.003773150381391921,0.8742421386187771,-0.1257578613812229
2022-09-07,397.7799987792969,0.017964962734754897,0.8899478660602158,-0.11005213393978419
2022-09-08,400.3800048828125,0.006536291697658347,0.895764824908494,-0.10423517509150604
2022-09-09,406.6000061035156,0.01553524437995768,0.9096807503704174,-0.0903192496295826
2022-09-12,410.9700012207031,0.010747651381183054,0.9194576819435717,-0.08054231805642831
2022-09-13,393.1000061035156,-0.043482480629019826,0.8794773810992569,-0.12052261890074312
2022-09-14,394.6000061035156,0.003815822886568565,0.8828333110182748,-0.11716668898172522
2022-09-15,390.1199951171875,-0.011353296799374357,0.8728102424139099,-0.12718975758609008
2022-09-16,385.55999755859375,-0.011688705054002657,0.8626082209222211,-0.13739177907777889
2022-09-19,388.5499877929688,0.007754928554071894,0.869297686045628,-0.13070231395437204
2022-09-20,384.0899963378906,-0.011478552554876398,0.8593194068705208,-0.14068059312947923
2022-09-21,377.3900146484375,-0.017443780763191308,0.8443296275315159,-0.15567037246848414
2022-09-22,374.2200012207031,-0.008399833871300055,0.8372373989276345,-0.1627626010723655
2022-09-23,367.9500122070313,-0.016754820675589643,0.8232096364457049,-0.17679036355429512
2022-09-26,364.30999755859375,-0.009892687940419087,0.8150658804028017,-0.1849341195971983
2022-09-27,363.3800048828125,-0.0025527509044867003,0.8129852202393872,-0.18701477976061276
2022-09-28,370.5299987792969,0.019676354781243965,0.8289818058647251,-0.17101819413527486
2022-09-29,362.7900085449219,-0.020888970555351105,0.8116652293310951,-0.18833477066890492
2022-09-30,357.17999267578125,-0.015463534653672784,0.7991140159301524,-0.2008859840698476
2022-10-03,366.6099853515625,0.02640123430525132,0.8202116123013347,-0.17978838769866534
2022-10-04,377.9700012207031,0.030986651545366062,0.845627223725179,-0.15437277627482104
2022-10-05,377.0899963378906,-0.0023282400189708063,0.8436584005817708,-0.15634159941822923
2022-10-06,373.2000122070313,-0.010315797736977661,0.8349553911622671,-0.16504460883773286
2022-10-07,362.7900085449219,-0.027893899575583414,0.8116652293310949,-0.18833477066890514
2022-10-10,360.0199890136719,-0.00763532474987394,0.805467901716971,-0.19453209828302898
2022-10-11,357.739990234375,-0.006332978303630554,0.8003668909711266,-0.19963310902887343
2022-10-12,356.5599975585937,-0.0032984645496529907,0.7977269091545424,-0.20227309084545764
2022-10-13,365.9700012207031,0.026391080677980572,0.818779784373036,-0.181220215626964
2022-10-14,357.6300048828125,-0.022788743093893893,0.8001208222164851,-0.19987917778351494
2022-10-17,366.8200073242188,0.02569695583685072,0.8206814916491267,-0.17931850835087326
2022-10-18,371.1300048828125,0.011749625081884485,0.8303241914876457,-0.1696758085123543
2022-10-19,368.5,-0.007086478722309053,0.82444011677205,-0.17555988322795002
2022-10-20,365.4100036621094,-0.008385336059404724,0.8175269093320615,-0.1824730906679385
2022-10-21,374.2900085449219,0.02430148270112431,0.8373940253768982,-0.16260597462310178
2022-10-24,378.8699951171875,0.012236464954195947,0.8476407680212757,-0.15235923197872425
2022-10-25,384.9200134277344,0.015968586556123432,0.8611763929939225,-0.13882360700607754
2022-10-26,382.0199890136719,-0.007534096209333541,0.8546882071958994,-0.14531179280410056
2022-10-27,379.9800109863281,-0.00533997718970336,0.8501241916651648,-0.14987580833483516
2022-10-28,389.0199890136719,0.023790667313994707,0.8703492134846494,-0.12965078651535056
2022-10-31,386.2099914550781,-0.007223272936998093,0.8640624435651482,-0.13593755643485184
2022-11-01,384.5199890136719,-0.004375864112264538,0.8602814237275959,-0.13971857627240414
2022-11-02,374.8699951171875,-0.025096208707478307,0.8386916215705615,-0.16130837842943846
2022-11-03,371.010009765625,-0.010296863984421645,0.8300557280183755,-0.16994427198162454
2022-11-04,376.3500061035156,0.014393132792465568,0.8420028303368906,-0.1579971696631094
2022-11-07,379.9500122070313,0.009565580032236065,0.8500570757978474,-0.1499429242021526
2022-11-08,382.0,0.00539541446797398,0.8546434860432107,-0.14535651395678928
2022-11-09,374.1300048828125,-0.02060208145860598,0.8370360513256815,-0.16296394867431852
2022-11-10,394.6900024414063,0.054954153075837286,0.8830346586202273,-0.11696534137977266
2022-11-11,398.510009765625,0.009678500343534235,0.8915811098670359,-0.10841889013296413
2022-11-14,395.1199951171875,-0.00850672396016161,0.8839966754773024,-0.11600332452269757
2022-11-15,398.489990234375,0.008529042212070292,0.8915363204377782,-0.1084636795622218
2022-11-16,395.4500122070313,-0.007628743762310597,0.8847350182943652,-0.11526498170563482
2022-11-17,394.239990234375,-0.0030598607543418366,0.8820278523338944,-0.11797214766610564
2022-11-18,396.0299987792969,0.004540403280391958,0.8860326144880283,-0.11396738551197172
2022-11-21,394.5899963378906,-0.0036360943510462818,0.8828109163036456,-0.11718908369635439
2022-11-22,399.8999938964844,0.01345699994392846,0.8946909027548432,-0.1053090972451568
2022-11-23,402.4200134277344,0.006301624330362854,0.9003289087157974,-0.0996710912842026
2022-11-25,402.3299865722656,-0.0002237136634978265,0.9001274928372756,-0.09987250716272444
2022-11-28,395.9100036621094,-0.015957008238070003,0.8857641510187578,-0.11423584898124217
2022-11-29,395.2300109863281,-0.0017175435565947028,0.884242812508513,-0.115757187491487
2022-11-30,407.6799926757813,0.03150059798946758,0.9120969898704199,-0.08790301012958013
2022-12-01,407.3800048828125,-0.0007358413421267862,0.9114258311972439,-0.08857416880275615
2022-12-02,406.9100036621094,-0.0011537169597666264,0.9103743037582221,-0.08962569624177785
2022-12-05,399.5899963378906,-0.017989253786685366,0.8939973493670385,-0.10600265063296155
2022-12-06,393.8299865722656,-0.014414799715742554,0.8811105566295079,-0.11888944337049212
2022-12-07,393.1600036621094,-0.0017011983165312605,0.8796116128338919,-0.12038838716610811
2022-12-08,396.239990234375,0.007833926502128774,0.8865024255592515,-0.11349757444074848
2022-12-09,393.2799987792969,-0.007470198687737906,0.8798800763031623,-0.12011992369683766
2022-12-12,398.9500122070313,0.014417243300787197,0.8925655214387402,-0.10743447856125976
2022-12-13,401.9700012207031,0.007569843141412402,0.8993221024294644,-0.10067789757053558
2022-12-14,399.3999938964844,-0.006393530155021865,0.8935722594485039,-0.10642774055149606
2022-12-15,389.6300048828125,-0.024461665405543398,0.8717139938221992,-0.12828600617780084
2022-12-16,383.2699890136719,-0.01632321892420352,0.8574848154617476,-0.1425151845382524
2022-12-19,380.0199890136719,-0.008479662100243535,0.8502136339705423,-0.14978636602945772
2022-12-20,380.5400085449219,0.001368400469142994,0.8513770667061393,-0.14862293329386067
2022-12-21,386.2300109863281,0.014952442091866303,0.8641072329944058,-0.13589276700559416
2022-12-22,380.7200012207031,-0.014266135745262032,0.8517797619100449,-0.1482202380899551
2022-12-23,382.9100036621094,0.005752265272075174,0.8566794250539365,-0.14332057494606354
2022-12-27,381.3999938964844,-0.0039435108803203,0.8533011004202897,-0.14669889957971027
2022-12-28,376.6600036621094,-0.01242787181496774,0.8426963837246955,-0.15730361627530454
2022-12-29,383.4400024414063,0.018000315173837933,0.8578651842275935,-0.1421348157724065
2022-12-30,382.4299926757813,-0.002634075107433076,0.8556055029002861,-0.14439449709971386
2023-01-03,380.8200073242188,-0.004209882546862387,0.8520035042266269,-0.14799649577337315
2023-01-04,383.760009765625,0.007720189025948843,0.8585811323300272,-0.1414188676699728
2023-01-05,379.3800048828125,-0.011413395797773451,0.8487818060422441,-0.15121819395775593
2023-01-06,388.0799865722656,0.022932103899730993,0.8682461586066061,-0.13175384139339386
2023-01-09,387.8599853515625,-0.0005668965891446609,0.8677539528207541,-0.13224604717924593
2023-01-10,390.5799865722656,0.007012843096556365,0.8738393751383026,-0.12616062486169743
2023-01-11,395.5199890136719,0.01264786371867066,0.8848915764670602,-0.11510842353293982
2023-01-12,396.9599914550781,0.003640782972808232,0.8881132746514429,-0.11188672534855715
2023-01-13,398.5,0.0038795056884117773,0.8915587151524071,-0.10844128484759286
2023-01-17,397.7699890136719,-0.0018318970798698597,0.889925471345587,-0.11007452865441303
2023-01-18,391.489990234375,-0.015788015568668268,0.8758753141490284,-0.12412468585097158
2023-01-19,388.6400146484375,-0.007279817254666643,0.8694991019241498,-0.1305008980758502
2023-01-20,395.8800048828125,0.018629039629190602,0.8856970351514404,-0.11430296484855962
2023-01-23,400.6300048828125,0.011998585281936869,0.8963241465616636,-0.10367585343833641
2023-01-24,400.2000122070313,-0.0010732912426441032,0.8953621297045885,-0.1046378702954115
2023-01-25,400.3500061035156,0.000374797331107235,0.8956977090411763,-0.1043022909588237
2023-01-26,404.75,0.010990368001509987,0.9055417564816483,-0.09445824351835175
2023-01-27,405.6799926757813,0.0022976965430050456,0.9076224166450628,-0.09237758335493718
2023-01-30,400.5899963378906,-0.012546826143232104,0.8962346359797171,-0.10376536402028291
2023-01-31,406.4800109863281,0.014703349315466685,0.909412286901147,-0.09058771309885305
2023-02-01,410.7999877929688,0.010627771821197785,0.919077313177726,-0.08092268682227399
2023-02-02,416.7799987792969,0.014556989201620407,0.9324563117011084,-0.06754368829889157
2023-02-03,412.3500061035156,-0.010629091340170427,0.9225451483933189,-0.07745485160668109
2023-02-06,409.8299865722656,-0.006111360480051453,0.9169071424323648,-0.08309285756763518
2023-02-07,415.1900024414063,0.013078632712971494,0.928899034180138,-0.07110096581986203
2023-02-08,410.6499938964844,-0.010934773280246946,0.9187417338411378,-0.08125826615886222
2023-02-09,407.0899963378906,-0.00866917718618343,0.9107769989621276,-0.0892230010378724
2023-02-10,408.0400085449219,0.0023336663037101246,0.9129024485547997,-0.08709755144520026
2023-02-13,412.8299865722656,0.011738991096546858,0.9236190022704004,-0.07638099772959961
2023-02-14,412.6400146484375,-0.00046016987623753725,0.9231939806284349,-0.07680601937156506
2023-02-15,413.9800109863281,0.0032473737163669636,0.9261919364962359,-0.07380806350376412
2023-02-16,408.2799987792969,-0.013768810222142602,0.9134393754933404,-0.08656062450665958
2023-02-17,407.260009765625,-0.002498258589011204,0.9111573677279732,-0.08884263227202682
2023-02-21,399.0899963378906,-0.0200609272499801,0.892878706060699,-0.10712129393930103
2023-02-22,398.5400085449219,-0.0013781046831931043,0.8916482257343533,-0.10835177426564668
2023-02-23,400.6600036621094,0.005319403502116682,0.8963912624289807,-0.1036087375710193
2023-02-24,396.3800048828125,-0.01068237093839386,0.8868156784577792,-0.1131843215422208
2023-02-27,397.7300109863281,0.0034058380515806785,0.8898360290402091,-0.11016397095979091
2023-02-28,396.260009765625,-0.0036959776232566854,0.8865472149885089,-0.11345278501149114
2023-03-01,394.739990234375,-0.003835914535380569,0.8831464956402333,-0.11685350435976671
2023-03-02,397.80999755859375,0.007777289862108905,0.890014981927533,-0.10998501807246697
2023-03-03,404.1900024414063,0.016037819365946948,0.9042888814406733,-0.09571111855932668
2023-03-06,404.4700012207031,0.0006927404874081944,0.9049153189611604,-0.0950846810388396
2023-03-07,398.2699890136719,-0.015328731891906533,0.8910441146519257,-0.10895588534807432
2023-03-08,398.9200134277344,0.0016321199989792756,0.8924984055714219,-0.1075015944285781
2023-03-09,391.55999755859375,-0.01844985365837981,0.8760319405982918,-0.12396805940170819
2023-03-10,385.9100036621094,-0.01442944614289643,0.8633912848919717,-0.1366087151080283
2023-03-13,385.3599853515625,-0.001425250201672501,0.8621607362890571,-0.1378392637109429
2023-03-14,391.7300109863281,0.016530065073970368,0.8764123093641374,-0.12358769063586261
2023-03-15,389.2799987792969,-0.006254338800497861,0.8709309298524474,-0.12906907014755264
2023-03-16,396.1099853515625,0.01754517723408111,0.8862115673753516,-0.11378843262464844
2023-03-17,389.989990234375,-0.015450241961852518,0.8725193842300099,-0.12748061576999015
2023-03-20,393.739990234375,0.009615631410812231,0.8809092090275544,-0.11909079097244557
2023-03-21,398.9100036621094,0.013130526631691453,0.892476010856793,-0.10752398914320704
2023-03-22,392.1099853515625,-0.017046497325513887,0.8772624209246374,-0.12273757907536265
2023-03-23,393.1700134277344,0.0027033947508923184,0.8796340075485201,-0.12036599245147994
2023-03-24,395.75,0.006562012575101583,0.8854061769675404,-0.11459382303245957
2023-03-27,396.489990234375,0.0018698426642451693,0.8870617472124206,-0.11293825278757941
2023-03-28,395.6000061035156,-0.002244657249312332,0.8850705976309525,-0.11492940236904747
2023-03-29,401.3500061035156,0.014534883496678752,0.8979349956538543,-0.10206500434614574
2023-03-30,403.7000122070313,0.005855253688247242,0.9031926328489628,-0.09680736715103722
2023-03-31,409.3900146484375,0.014094630342711412,0.9159227991372292,-0.08407720086277082
2023-04-03,410.9500122070313,0.003810541299922532,0.9194129607908822,-0.0805870392091178
2023-04-04,408.6700134277344,-0.0055481170740258046,0.9143119500450377,-0.08568804995496226
2023-04-05,407.6000061035156,-0.0026182672793729767,0.9119180369830951,-0.08808196301690485
2023-04-06,409.1900024414063,0.003900874175862601,0.9154753145040658,-0.08452468549593417
2023-04-10,409.6099853515625,0.0010263762742257487,0.9164149366465122,-0.08358506335348781
2023-04-11,409.7200012207031,0.0002685868828276039,0.9166610736777228,-0.08333892632227724
2023-04-12,408.0499877929688,-0.00407598707106982,0.9129247749928594,-0.0870752250071406
2023-04-13,413.4700012207031,0.013282719249790187,0.9250508984752674,-0.07494910152473255
2023-04-14,412.4599914550781,-0.0024427643181926806,0.92279121714796,-0.07720878285204003
2023-04-17,413.9400024414063,0.003588253447581735,0.9261024259142893,-0.07389757408571074
2023-04-18,414.2099914550781,0.0006522418999841406,0.9267064687201475,-0.0732935312798525
2023-04-19,414.1400146484375,-0.0001689404120717164,0.9265499105474524,-0.0734500894525476
2023-04-20,411.8800048828125,-0.005457115192173623,0.9214936209542968,-0.07850637904570323
2023-04-21,412.2000122070313,0.0007769430912525355,0.9222095690567305,-0.07779043094326954
2023-04-24,412.6300048828125,0.0010431651214148907,0.9231715859138055,-0.07682841408619445
2023-04-25,406.0799865722656,-0.015873829418699414,0.9085173176348196,-0.09148268236518042
2023-04-26,404.3599853515625,-0.004235621743444495,0.9046691819299497,-0.09533081807005028
2023-04-27,412.4100036621094,0.01990804877378749,0.9226793801279536,-0.07732061987204641
2023-04-28,415.9299926757813,0.008535168842693563,0.9305546044250175,-0.06944539557498253
2023-05-01,415.510009765625,-0.0010097442299230597,0.929614982282571,-0.070385017717429
2023-05-02,410.8399963378906,-0.011239232071373118,0.9191668237596717,-0.08083317624032826
2023-05-03,408.0199890136719,-0.006864003868551016,0.9128576591255416,-0.08714234087445838
2023-05-04,405.1300048828125,-0.007082947425800068,0.9063919363187165,-0.0936080636812835
2023-05-05,412.6300048828125,0.018512575986983304,0.9231715859138057,-0.07682841408619434
2023-05-08,412.739990234375,0.0002665471494098792,0.9234176546684472,-0.07658234533155284
2023-05-09,410.9299926757813,-0.004385321513347584,0.9193681713616246,-0.08063182863837537
2023-05-10,412.8500061035156,0.0046723613801760155,0.9236637916996577,-0.07633620830034227
2023-05-11,412.1300048828125,-0.001743977740241598,0.9220529426074664,-0.0779470573925336
2023-05-12,411.5899963378906,-0.001310286896183177,0.9208447887191807,-0.07915521128081926
2023-05-15,413.010009765625,0.0034500678839837207,0.9240217657508746,-0.07597823424912542
2023-05-16,410.25,-0.006682670396272572,0.9178468328513797,-0.08215316714862031
2023-05-17,415.2300109863281,0.01213896645052559,0.9289885447620838,-0.07101145523791619
2023-05-18,419.2300109863281,0.009633215071565893,0.937937691212798,-0.06206230878720198
2023-05-19,418.6199951171875,-0.0014550863563069782,0.9365729108752482,-0.06342708912475181
2023-05-22,418.7900085449219,0.0004061283018428341,0.936953279641094,-0.06304672035890602
2023-05-23,414.0899963378906,-0.011222837486886017,0.9264380052508772,-0.07356199474912284
2023-05-24,411.0899963378906,-0.007244801918740551,0.9197261454128415,-0.08027385458715852
2023-05-25,414.6499938964844,0.008659898295524604,0.9276908802918515,-0.07230911970814846
2023-05-26,420.0199890136719,0.012950669712364915,0.9397050984776844,-0.06029490152231565
2023-05-30,420.1799926757813,0.0003809429700838418,0.9400630725289014,-0.05993692747109858
2023-05-31,417.8500061035156,-0.005545210654671839,0.9348502247630506,-0.06514977523694943
2023-06-01,421.8200073242188,0.00950101989401353,0.9437322553464473,-0.056267744653552665
2023-06-02,427.9200134277344,0.014461158782416383,0.9573797173391002,-0.04262028266089979
2023-06-05,427.1000061035156,-0.0019162630830240612,0.9555451259303273,-0.044454874069672745
2023-06-06,428.0299987792969,0.0021774588210983215,0.9576257860937417,-0.042374213906258285
2023-06-07,426.5499877929688,-0.003457727240027353,0.9543145773274128,-0.04568542267258724
2023-06-08,429.1300048828125,0.006048569132994341,0.9600868150230019,-0.03991318497699814
2023-06-09,429.8999938964844,0.0017943024372815142,0.9618095011351995,-0.038190498864800526
2023-06-12,433.7999877929688,0.00907186311201369,0.9705349052693322,-0.02946509473066783
2023-06-13,436.6600036621094,0.006592936721117493,0.9769335804854087,-0.02306641951459132
2023-06-14,437.1799926757813,0.0011908327057916779,0.9780969449444369,-0.021903055055563114
2023-06-15,442.6000061035156,0.012397670338390565,0.9902230684268449,-0.009776931573155068
2023-06-16,439.4599914550781,-0.007094474932526573,0.9831979556902811,-0.016802044309718878
2023-06-20,437.1799926757813,-0.0051881828235321725,0.9780969449444369,-0.021903055055563114
2023-06-21,434.9400024414063,-0.005123725403500368,0.9730854447805389,-0.026914555219461067
2023-06-22,436.510009765625,0.0036097101103735874,0.9765980011488207,-0.02340199885117933
2023-06-23,433.2099914550781,-0.007560006040454259,0.96921491436104,-0.030785085638959986
2023-06-26,431.4400024414063,-0.0040857529802734716,0.9652549416361639,-0.03474505836383612
2023-06-27,436.1700134277344,0.010963311143060928,0.9758373318936983,-0.024162668106301743
2023-06-28,436.3900146484375,0.0005043932731050305,0.9763295376795502,-0.02367046232044978
2023-06-29,438.1099853515625,0.003941361271775801,0.9801776051078511,-0.019822394892148876
2023-06-30,443.2799987792969,0.011800720368392525,0.9917444069370895,-0.00825559306291046
2023-07-03,443.7900085449219,0.0011505363811348257,0.9928854449580576,-0.007114555041942361
2023-07-05,443.1300048828125,-0.00148719811037068,0.9914088276005014,-0.008591172399498581
2023-07-06,439.6600036621094,-0.007830661842952336,0.983645440323444,-0.01635455967655597
2023-07-07,438.5499877929688,-0.002524714233486769,0.981162016679555,-0.01883798332044495
2023-07-10,439.6600036621094,0.0025311045491684947,0.983645440323444,-0.01635455967655597
2023-07-11,442.4599914550781,0.006368529703967729,0.9899098155283163,-0.01009018447168375
2023-07-12,446.0199890136719,0.008045919692956538,0.9978745504073265,-0.0021254495926734673
2023-07-13,449.55999755859375,0.007936883171425269,1.005794564133648,0.005794564133648095
2023-07-14,449.2799987792969,-0.0006228285007950918,1.005168126613161,0.005168126613160906
2023-07-17,450.8399963378906,0.003472216797614669,1.008658288266814,0.00865828826681403
2023-07-18,454.1900024414063,0.007430587638025177,1.016153212074601,0.016153212074601075
2023-07-19,455.2000122070313,0.002223760453105239,1.0184128934019083,0.018412893401908326
2023-07-20,452.1799926757813,-0.006634489126235876,1.0116562441346149,0.011656244134614857
2023-07-21,452.1799926757813,0.0,1.0116562441346149,0.011656244134614857
2023-07-24,454.2000122070313,0.004467290822171233,1.0161756067892296,0.01617560678922958
2023-07-25,455.4400024414063,0.00273005328280318,1.018949820340449,0.01894982034044901
2023-07-26,455.510009765625,0.00015371360408278356,1.019106446789713,0.019106446789713072
2023-07-27,452.489990234375,-0.006629974021435614,1.0123497975224198,0.012349797522419825
2023-07-28,456.9200134277344,0.009790323076682261,1.0222610291067782,0.022261029106778185
2023-07-31,457.7900085449219,0.0019040424836307412,1.0242074575355575,0.02420745753555753
2023-08-01,456.4800109863281,-0.002861568697747563,1.0212766175350743,0.02127661753507426
2023-08-02,450.1300048828125,-0.013910808689727716,1.0070698338892516,0.007069833889251642
2023-08-03,448.8399963378906,-0.0028658577098359395,1.004183715041457,0.004183715041456981
2023-08-04,446.80999755859375,-0.004522767123829707,0.9996420259487823,-0.0003579740512177354
2023-08-07,450.7099914550781,0.008728528720920004,1.0083674300829149,0.00836743008291485
2023-08-08,448.75,-0.004348675405997704,1.003982367439504,0.0039823674395040864
2023-08-09,445.75,-0.006685236768802283,0.9972705076014684,-0.0027294923985315966
2023-08-10,445.9100036621094,0.0003589538129207259,0.9976284816526854,-0.0023715183473146384
2023-08-11,445.6499938964844,-0.0005830991982453959,0.9970467652848869,-0.0029532347151131066
2023-08-14,448.1099853515625,0.005520007828496709,1.0025504712346367,0.0025504712346366976
2023-08-15,442.8900146484375,-0.011648860489082202,0.9908719006619608,-0.009128099338039153
2023-08-16,439.6400146484375,-0.007338164990194795,0.9836007191707554,-0.016399280829244578
2023-08-17,436.2900085449219,-0.007619884432481627,0.9761057953629685,-0.023894204637031513
2023-08-18,436.5,0.00048131162979969666,0.9765756064341916,-0.023424393565808388
2023-08-21,439.3399963378906,0.0065062917248353,0.9829294922210104,-0.017070507778989552
2023-08-22,438.1499938964844,-0.002708613946659777,0.9802671156897974,-0.019732884310202592
2023-08-23,443.0299987792969,0.011137749516813678,0.9911850852839198,-0.008814914716080202
2023-08-24,436.8900146484375,-0.013859070825400499,0.9774481809858894,-0.02255181901411063
2023-08-25,439.9700012207031,0.007049798505337934,0.984338993711249,-0.015661006288751
2023-08-28,442.760009765625,0.006341360859106304,0.9905810424780616,-0.009418957521938442
2023-08-29,449.1600036621094,0.014454769525983568,1.0048996631438905,0.004899663143890454
2023-08-30,451.010009765625,0.004118813092065299,1.0090386570326595,0.009038657032659492
2023-08-31,450.3500061035156,-0.0014633902747576144,1.0075620396751035,0.0075620396751034935
2023-09-01,451.1900024414063,0.0018652077861804894,1.0094413522365653,0.009441352236565281
2023-09-05,449.239990234375,-0.0043219313293284545,1.0050786160312144,0.0050786160312144
2023-09-06,446.2200012207031,-0.006722440297659893,0.9983220350404899,-0.0016779649595101143
2023-09-07,444.8500061035156,-0.003070223462506516,0.9952569633053713,-0.004743036694628722
2023-09-08,445.5199890136719,0.0015060872225780564,0.9967559071009874,-0.0032440928990126183
2023-09-11,448.4500122070313,0.006576636886363119,1.003311208766328,0.0033112087663280665
2023-09-12,445.989990234375,-0.005485610225651194,0.9978074345400091,-0.002192565459990914
2023-09-13,446.510009765625,0.001165989243338661,0.9989708672756061,-0.0010291327243938664
2023-09-14,450.3599853515625,0.008622372403159329,1.0075843661131634,0.007584366113163377
2023-09-15,443.3699951171875,-0.015520895420845227,0.9919457545390423,-0.008054245460957676
2023-09-18,443.6300048828125,0.0005864396970667318,0.9925274709068408,-0.007472529093159208
2023-09-19,442.7099914550781,-0.0020738304839804655,0.9904691371814861,-0.009530862818513897
2023-09-20,438.6400146484375,-0.009193324942280201,0.9813634325580768,-0.018636567441923213
2023-09-21,431.3900146484375,-0.016528359834683037,0.9651431046161572,-0.034856895383842845
2023-09-22,430.4200134277344,-0.0022485481530990503,0.9629729338707962,-0.03702706612920381
2023-09-25,432.2300109863281,0.004205189122549191,0.9670224171776189,-0.03297758282238106
2023-09-26,425.8800048828125,-0.014691266090073651,0.9528156335317963,-0.047184366468203676
2023-09-27,426.0499877929688,0.00039913334321273197,0.9531959340210733,-0.04680406597892672
2023-09-28,428.5199890136719,0.005797444646104211,0.958722034685452,-0.04127796531454797
2023-09-29,427.4800109863281,-0.0024269066881511536,0.9563953057673961,-0.043604694232603936
2023-10-02,427.30999755859375,-0.00039771082475204,0.9560149370015504,-0.04398506299844962
2023-10-03,421.5899963378906,-0.013386069255070021,0.9432176548459662,-0.0567823451540338
2023-10-04,424.6600036621094,0.007281973839242228,0.950086141133266,-0.04991385886673405
2023-10-05,424.5,-0.0003767806262175988,0.9497281670820491,-0.0502718329179509
2023-10-06,429.5400085449219,0.011872811648814707,0.9610041107273883,-0.03899588927261166
2023-10-09,432.2900085449219,0.00640219757250482,0.9671566489122544,-0.03284335108774561
2023-10-10,434.5400085449219,0.00520483924107662,0.9721905437907811,-0.02780945620921893
2023-10-11,436.3200073242188,0.004096282837700915,0.9761729112302864,-0.023827088769713622
2023-10-12,433.6600036621094,-0.006096451268467362,0.970221720647373,-0.029778279352627002
2023-10-13,431.5,-0.004980868984616693,0.9653891733707991,-0.0346108266292009
2023-10-16,436.0400085449219,0.010521456651035654,0.9755464737097991,-0.024453526290200922
2023-10-17,436.0199890136719,-4.591214305493807e-05,0.9755016842805414,-0.024498315719458597
2023-10-18,430.2099914550781,-0.013325071567788949,0.9625030545230046,-0.03749694547699545
2023-10-19,426.4299926757813,-0.00878640397567687,0.9540461138581425,-0.04595388614185747
2023-10-20,421.1900024414063,-0.01228804334679856,0.942322753856209,-0.057677246143790994
2023-10-23,420.4599914550781,-0.0017332106225140809,0.9406895100493887,-0.05931048995061128
2023-10-24,423.6300048828125,0.0075393937405647815,0.9477817386532701,-0.05221826134672991
2023-10-25,417.5499877929688,-0.014352187096675517,0.9341789978133059,-0.06582100218669407
2023-10-26,412.5499877929688,-0.011974614168780984,0.9229925647499131,-0.07700743525008691
2023-10-27,410.6799926757813,-0.004532772203415858,0.9188088497084552,-0.08119115029154478
2023-10-30,415.5899963378906,0.011955789786880722,0.9297939351698952,-0.07020606483010483
2023-10-31,418.2000122070313,0.006280266349382169,0.9356332887328023,-0.06436671126719773
2023-11-01,422.6600036621094,0.010664732962442303,0.9456115679079092,-0.054388432092090766
2023-11-02,430.760009765625,0.019164354406221662,0.9637336031259194,-0.03626639687408062
2023-11-03,434.6900024414063,0.009123392577504053,0.9725261231273696,-0.027473876872630365
2023-11-06,435.6900024414063,0.002300489991450494,0.9747634097400483,-0.02523659025995173
2023-11-07,436.9299926757813,0.0028460378421049093,0.9775376232912677,-0.0224623767087323
2023-11-08,437.25,0.0007323995367287672,0.9782535713937012,-0.02174642860629883
2023-11-09,433.8399963378906,-0.007798750513686392,0.970624415851279,-0.02937558414872099
2023-11-10,440.6099853515625,0.01560480608246917,0.9857708216395481,-0.0142291783604519
2023-11-13,440.1900024414063,-0.0009531851844463146,0.9848311994971019,-0.01516880050289815
2023-11-14,448.7300109863281,0.019400732632628426,1.003937646286816,0.003937646286815921
2023-11-15,449.6799926757813,0.0021170451411642865,1.0060630276029194,0.006063027602919435
2023-11-16,450.2300109863281,0.001223132715498343,1.007293576205834,0.007293576205833929
2023-11-17,450.7900085449219,0.0012438032670611943,1.0085464512468085,0.008546451246808529
2023-11-20,454.260009765625,0.00769760011297449,1.016309838523866,0.016309838523866027
2023-11-21,453.2699890136719,-0.0021794142796411897,1.0140948783492474,0.014094878349247386
2023-11-22,455.0199890136719,0.0038608335923762116,1.0180101299214348,0.018010129921434803
2023-11-24,455.2999877929688,0.0006153548988119262,1.0186365674419222,0.018636567441922214
2023-11-27,454.4800109863281,-0.0018009594303207699,1.016802044309718,0.0168020443097181
2023-11-28,454.9299926757813,0.000990102267592885,1.0178087823194821,0.01780878231948213
2023-11-29,454.6099853515625,-0.0007034210304240895,1.0170928342170482,0.017092834217048214
2023-11-30,456.3999938964844,0.003937459806426347,1.0210975963711821,0.021097596371182137
2023-12-01,459.1000061035156,0.005915890103284305,1.027138297536042,0.02713829753604191
2023-12-04,456.6900024414063,-0.005249408908885811,1.0217464286062985,0.021746428606298496
2023-12-05,456.6000061035156,-0.00019706220282811326,1.0215450810043456,0.0215450810043456
2023-12-06,454.760009765625,-0.004029777295871284,1.0174284818302053,0.01742848183020529
2023-12-07,458.2300109863281,0.007630400972353568,1.0251918691072628,0.025191869107262788
2023-12-08,460.2000122070313,0.004299153642213005,1.0295993264653025,0.0295993264653025
2023-12-11,461.989990234375,0.003889565362589442,1.0336040203428674,0.03360402034286736
2023-12-12,464.1000061035156,0.004567232870283933,1.038324730599435,0.038324730599434975
2023-12-13,470.5,0.013790118104538118,1.052643351265264,0.05264335126526398
2023-12-14,472.010009765625,0.003209372509298536,1.0560216758989105,0.056021675898910495
2023-12-15,469.3299865722656,-0.00567789482831127,1.0500256958867396,0.05002569588673955
2023-12-18,471.9700012207031,0.0056250713228847005,1.0559321653169642,0.05593216531696421
2023-12-19,474.8399963378906,0.0060808846108111325,1.0623531669711006,0.062353166971100604
2023-12-20,468.260009765625,-0.013857271129248727,1.047631851101366,0.04763185110136603
2023-12-21,472.7000122070313,0.009481916774461752,1.0575654091237845,0.057565409123784494
2023-12-22,473.6499938964844,0.0020096925426711376,1.0596907904398876,0.059690790439887564
2023-12-26,475.6499938964844,0.004222527236930729,1.0641653636652446,0.06416536366524461
2023-12-27,476.510009765625,0.0018080855254416495,1.066089465655964,0.06608946565596407
2023-12-28,476.6900024414063,0.00037773115379002853,1.0664921608598696,0.06649216085986964
2023-12-29,475.30999755859375,-0.002894973411954882,1.063404694410122,0.06340469441012209
2024-01-02,472.6499938964844,-0.005596355380219964,1.0574535038272088,0.05745350382720882
2024-01-03,468.7900085449219,-0.008166688673242328,1.0488176102750228,0.04881761027502285
2024-01-04,467.2799987792969,-0.0032210792425203527,1.0454392856413761,0.045439285641376115
2024-01-05,467.9200134277344,0.00136965984015891,1.0468711818462435,0.046871181846243504
2024-01-08,474.6000061035156,0.014275928543528549,1.0618162400325597,0.0618162400325597
2024-01-09,473.8800048828125,-0.0015170695563498926,1.0602053909403684,0.060205390940368364
2024-01-10,476.55999755859375,0.0056554246817059894,1.0662013026759702,0.06620130267597024
2024-01-11,476.3500061035156,-0.00044064012118916196,1.0657314916047471,0.06573149160474712
2024-01-12,476.6799926757813,0.00069273972507089,1.0664697661452407,0.0664697661452407
2024-01-16,474.9299926757813,-0.0036712260361014826,1.0625545145730533,0.06255451457305328
2024-01-17,472.2900085449219,-0.0055586805878180545,1.0566481134193977,0.05664811341939768
2024-01-18,476.489990234375,0.00889280233217904,1.0660446762267062,0.06604467622670618
2024-01-19,482.4299926757813,0.01246616416534696,1.0793341641681424,0.07933416416814243
2024-01-22,483.4500122070313,0.002114336891851476,1.0816162402100788,0.08161624021007885
2024-01-23,484.8599853515625,0.0029164817642561847,1.084770754250575,0.0847707542505749
2024-01-24,485.3900146484375,0.0010931594952936496,1.0859565817008008,0.08595658170080078
2024-01-25,488.0299987792969,0.0054388925424671,1.0918629828544564,0.09186298285445638
2024-01-26,487.4100036621094,-0.0012704037021049608,1.0904758760788467,0.09047587607884666
2024-01-29,491.2699890136719,0.007919380649885843,1.0991117696310329,0.09911176963103285
2024-01-30,490.8900146484375,-0.0007734532410523798,1.0982616580705329,0.09826165807053289
2024-01-31,482.8800048828125,-0.016317320635176435,1.0803409704544755,0.08034097045447552
2024-02-01,489.2000122070313,0.013088152875065928,1.0944806382329808,0.09448063823298081
2024-02-02,494.3500061035156,0.010527378920638375,1.1060026506329614,0.10600265063296144
2024-02-05,492.5499877929688,-0.00364118193248264,1.1019754937641988,0.10197549376419879
2024-02-06,493.9800109863281,0.0029033057127196837,1.1051748655105216,0.10517486551052158
2024-02-07,498.1000061035156,0.008340408570300495,1.1143924754305061,0.11439247543050612
2024-02-08,498.3200073242188,0.000441680823142665,1.1148846812163582,0.1148846812163582
2024-02-09,501.2000122070313,0.0057794285609300555,1.1213280775851233,0.12132807758512332
2024-02-12,500.9800109863281,-0.0004389489532021784,1.120835871799271,0.12083587179927102
2024-02-13,494.0799865722656,-0.01377305334094614,1.1053985395505337,0.10539853955053369
2024-02-14,498.5700073242188,0.009087639398436709,1.1154440028695276,0.1154440028695276
2024-02-15,502.010009765625,0.00689973803251509,1.1231402742792673,0.12314027427926733
2024-02-16,499.510009765625,-0.004979980381600746,1.1175470577475708,0.1175470577475708
2024-02-20,496.760009765625,-0.0055053951797489065,1.1113945195627049,0.11139451956270485
2024-02-21,497.2099914550781,0.0009058331600915182,1.1124012575724687,0.11240125757246866
2024-02-22,507.5,0.020695498324175388,1.1354229559343703,0.13542295593437026
2024-02-23,507.8500061035156,0.0006896671990455072,1.1362060199041215,0.1362060199041215
2024-02-26,505.989990234375,-0.003662529972996542,1.1320446313007235,0.13204463130072353
2024-02-27,506.9299926757813,0.0018577490850577583,1.134147686178767,0.13414768617876693
2024-02-28,506.260009765625,-0.0013216478011487398,1.1326487423831508,0.13264874238315083
2024-02-29,508.0799865722656,0.003594944833748892,1.1367205521280332,0.13672055212803325
2024-03-01,512.8499755859375,0.00938826393429193,1.1473923846909453,0.1473923846909453
2024-03-04,512.2999877929688,-0.0010724145835053767,1.1461619043645996,0.14616190436459964
2024-03-05,507.1799926757813,-0.00999413476319766,1.1347070078319366,0.13470700783193656
2024-03-06,509.75,0.005067249026642129,1.140456850812897,0.14045685081289694
2024-03-07,514.8099975585938,0.00992642973731006,1.1517775156109251,0.15177751561092512
2024-03-08,511.7200012207031,-0.00600220732414769,1.1448643081709367,0.14486430817093665
2024-03-11,511.2799987792969,-0.0008598499967885642,1.1438798965992325,0.1438798965992325
2024-03-12,516.780029296875,0.010757374688447952,1.1561850412455335,0.15618504124553345
2024-03-13,515.969970703125,-0.0015675114126452172,1.1543727079982513,0.1543727079982513
2024-03-14,514.9500122070312,-0.001976778793354672,1.152090768509453,0.15209076850945302
2024-03-15,509.8299865722656,-0.009942762430127261,1.1406358037002209,0.14063580370022088
2024-03-18,512.8599853515625,0.005943155285291102,1.147414779405574,0.14741477940557401
2024-03-19,515.7100219726562,0.005557143669806974,1.1537911281835906,0.15379112818359064
2024-03-20,520.47998046875,0.009249303470675319,1.1644628924699336,0.16446289246993362
2024-03-21,522.2000122070312,0.003304702971922424,1.1683110964513723,0.16831109645137232
2024-03-22,521.2100219726562,-0.001895806609024997,1.1660962045533225,0.16609620455332252
2024-03-25,519.77001953125,-0.0027628065092766274,1.1628745063689399,0.16287450636893985
2024-03-26,518.8099975585938,-0.0018470129799368351,1.1607266620616388,0.16072666206163877
2024-03-27,523.1699829101562,0.008403819070718743,1.170481198920164,0.170481198920164
2024-03-28,523.0700073242188,-0.00019109579907738983,1.1702575248801512,0.17025752488015122
2024-04-01,522.1599731445312,-0.0017397942282005863,1.1682215175928565,0.16822151759285653
2024-04-02,518.8400268554688,-0.006358101845817976,1.1607938462055252,0.16079384620552517
2024-04-03,519.4099731445312,0.0010985010013910834,1.1620689794079906,0.1620689794079906
2024-04-04,513.0700073242188,-0.012206091812080655,1.1478846587533658,0.14788465875336576
2024-04-05,518.4299926757812,0.010446888874904303,1.1598764822245695,0.15987648222456952
2024-04-08,518.719970703125,0.0005593388334788063,1.1605252461831166,0.1605252461831166
2024-04-09,519.3200073242188,0.0011567640634317922,1.1618677000826065,0.16186770008260654
2024-04-10,514.1199951171875,-0.010013117410638928,1.1502337823860505,0.15023378238605045
2024-04-11,518.0,0.007546885784763369,1.1589144653674943,0.15891446536749432
2024-04-12,510.8500061035156,-0.013803077020240084,1.1429178797421564,0.14291787974215642
2024-04-15,504.4500122070313,-0.012528127278102597,1.1285992590763276,0.12859925907632763
2024-04-16,503.5299987792969,-0.0018237950351299714,1.1265409253509728,0.12654092535097283
2024-04-17,500.5499877929688,-0.005918239218224319,1.119873786665626,0.11987378666562609
2024-04-18,499.5199890136719,-0.002057734101320041,1.1175693841856298,0.11756938418562979
2024-04-19,495.1600036621094,-0.00872835011101658,1.1078148473271043,0.10781484732710434
2024-04-22,499.7200012207031,0.00920913952029423,1.118016868818793,0.11801686881879303
2024-04-23,505.6499938964844,0.011866630635747333,1.1312839620456003,0.13128396204560033
2024-04-24,505.4100036621094,-0.00047461729906428385,1.1307470351070594,0.13074703510705943
2024-04-25,503.489990234375,-0.003798922486342393,1.1264514147690263,0.12645141476902633
2024-04-26,508.260009765625,0.009473911346339792,1.1371233156085072,0.1371233156085072
2024-04-29,510.05999755859375,0.0035414704253415863,1.141150404200701,0.14115040420070102
2024-04-30,501.9800109863281,-0.015841247325688257,1.1230731584119487,0.12307315841194866
2024-05-01,500.3500061035156,-0.0032471509764099293,1.1194263703090315,0.11942637030903147
2024-05-02,505.0299987792969,0.009353437830903255,1.1298968552699906,0.12989685526999062
2024-05-03,511.2900085449219,0.012395322615995186,1.1439022913138606,0.14390229131386056
2024-05-06,516.5700073242188,0.010326817835387025,1.1557151618977406,0.1557151618977406
2024-05-07,517.1400146484375,0.0011034464179817682,1.156990431653344,0.15699043165334392
2024-05-08,517.1900024414062,9.666200942248793e-05,1.15710226867335,0.1571022686733501
2024-05-09,520.1699829101562,0.005761867891264316,1.1637693390821282,0.1637693390821282
2024-05-10,520.8400268554688,0.0012881249732326072,1.1652684194308822,0.16526841943088222
2024-05-13,520.9099731445312,0.0001342951490974631,1.1654249093270082,0.16542490932700815
2024-05-14,523.2999877929688,0.004588152985457228,1.1707720571040632,0.17077205710406318
2024-05-15,529.780029296875,0.012383033929039389,1.185269767210354,0.18526976721035404
2024-05-16,528.6900024414062,-0.002057508390634233,1.1828310647191536,0.18283106471915356
2024-05-17,529.4500122070312,0.0014375338328991294,1.1845314243932914,0.1845314243932914
2024-05-20,530.0599975585938,0.0011521113183465825,1.1858961364542722,0.18589613645427217
2024-05-21,531.3599853515625,0.0024525295229904653,1.1888045817401265,0.1888045817401265
2024-05-22,529.8300170898438,-0.0028793441431358424,1.18538160423036,0.18538160423036
2024-05-23,525.9600219726562,-0.007304220207159928,1.1767233159635448,0.17672331596354485
2024-05-24,529.4400024414062,0.006616435324681147,1.184509029678662,0.184509029678662
2024-05-28,529.8099975585938,0.0006988423909817243,1.185336814801102,0.1853368148011021
2024-05-29,526.0999755859375,-0.007002551838871107,1.177036432308935,0.17703643230893507
2024-05-30,522.6099853515625,-0.0066337015706721125,1.169228323879189,0.16922832387918896
2024-05-31,527.3699951171875,0.009108149287317735,1.179877830004041,0.1798778300040409
2024-06-03,527.7999877929688,0.0008153529396106585,1.180839846861116,0.1808398468611161
2024-06-04,528.3900146484375,0.0011178985773303562,1.182159906045977,0.1821599060459771
2024-06-05,534.6699829101562,0.011885100186643571,1.1962099949659666,0.19620999496596658
2024-06-06,534.6599731445312,-1.8721390661391446e-05,1.1961876002513379,0.19618760025133786
2024-06-07,534.010009765625,-0.0012156574487586225,1.1947334458849797,0.19473344588497965
2024-06-10,535.6599731445312,0.003089761144422054,1.1984248868640166,0.1984248868640166
2024-06-11,536.9500122070312,0.0024083170801936227,1.2013110739883803,0.20131107398838033
2024-06-12,541.3599853515625,0.008213005017738695,1.211177447866912,0.21117744786691195
2024-06-13,542.4500122070312,0.002013497275312748,1.2136161503581122,0.2136161503581122
2024-06-14,542.780029296875,0.0006083824913212244,1.2143544931751749,0.21435449317517485
2024-06-17,547.0999755859375,0.007958926371441244,1.224019451175185,0.22401945117518496
2024-06-18,548.489990234375,0.0025406958699802917,1.2271293123395612,0.22712931233956124
2024-06-20,547.0,-0.002716531314889248,1.2237957771351724,0.2237957771351724
2024-06-21,544.510009765625,-0.004552084523537503,1.2182249553181048,0.21822495531810482
2024-06-24,542.739990234375,-0.003250664817000981,1.2142649143166597,0.21426491431665973
2024-06-25,544.8300170898438,0.0038508805193555595,1.2189409034205387,0.21894090342053873
2024-06-26,545.510009765625,0.0012480822540090752,1.2204622419307838,0.2204622419307838
2024-06-27,546.3699951171875,0.0015764795075565718,1.2223862756449342,0.22238627564493418
2024-06-28,544.219970703125,-0.003935107039692687,1.21757605480642,0.21757605480642006
2024-07-01,545.3400268554688,0.00205809454382333,1.2200819414415072,0.22008194144150717
2024-07-02,549.010009765625,0.006729714910746587,1.2282927450751586,0.22829274507515862
2024-07-03,551.4600219726562,0.004462600250361826,1.2337741245868485,0.23377412458684854
2024-07-05,554.6400146484375,0.005766497205737409,1.2408886796287897,0.24088867962878968
2024-07-08,555.280029296875,0.0011539280101222626,1.242320575833657,0.24232057583365707
2024-07-09,555.8200073242188,0.000972442729531453,1.2435286614453738,0.24352866144537377
2024-07-10,561.3200073242188,0.009895289711641775,1.2558337378151059,0.2558337378151059
2024-07-11,556.47998046875,-0.008622580332635743,1.245005210526361,0.24500521052636093
2024-07-12,559.989990234375,0.006307522083127459,1.2528581083853647,0.2528581083853647
2024-07-15,561.530029296875,0.002750118911688748,1.2563036171628978,0.25630361716289785
2024-07-16,564.8599853515625,0.005930147776526118,1.2637536832648582,0.26375368326485815
2024-07-17,556.9400024414062,-0.014021143496696697,1.2460344115273225,0.24603441152732253
2024-07-18,552.6599731445312,-0.007684901925006371,1.236458759279552,0.23645875927955196
2024-07-19,548.989990234375,-0.0066405802636198,1.2282479556459003,0.22824795564590028
2024-07-22,554.6500244140625,0.01030990415193389,1.2409110743434182,0.24091107434341819
2024-07-23,553.780029296875,-0.0015685478750434578,1.2389646459146388,0.23896464591463884
2024-07-24,541.22998046875,-0.022662516096977336,1.2108865896830125,0.21088658968301255
2024-07-25,538.4099731445312,-0.005210367913795921,1.2045774250488823,0.20457742504888232
2024-07-26,544.4400024414062,0.011199698366761712,1.2180683288688403,0.2180683288688403
2024-07-29,544.760009765625,0.0005877733502015481,1.218784276971274,0.218784276971274
2024-07-30,542.0,-0.005066469116946526,1.2126093440717791,0.21260934407177912
2024-07-31,550.8099975585938,0.01625460804168588,1.2323198336673518,0.23231983366735176
2024-08-01,543.010009765625,-0.014160940846283387,1.2148690253990866,0.2148690253990866
2024-08-02,532.9000244140625,-0.01861841433811906,1.1922500905176594,0.1922500905176594
2024-08-05,517.3800048828125,-0.0291236982927795,1.157527358591884,0.15752735859188394
2024-08-06,522.1500244140625,0.00921956682947278,1.1681992594313648,0.16819925943136482
2024-08-07,518.6599731445312,-0.0066840009697359815,1.1603910144484808,0.1603910144484808
2024-08-08,530.6500244140625,0.023117363765007726,1.1872161956391327,0.18721619563913272
2024-08-09,532.989990234375,0.004409621620005133,1.1924513698430432,0.19245136984304323
2024-08-12,533.27001953125,0.000525393163109511,1.1930778756400993,0.19307787564009926
2024-08-13,542.0399780273438,0.016445624495827982,1.2126987863771566,0.21269878637715656
2024-08-14,543.75,0.0031547893918812964,1.2165245956439665,0.21652459564396653
2024-08-15,553.0700073242188,0.017140243354885065,1.2373761232605072,0.23737612326050717
2024-08-16,554.3099975585938,0.0022420131591913695,1.2401503368117264,0.24015033681172637
2024-08-19,559.6099853515625,0.009561414761256382,1.252007928548295,0.252007928548295
2024-08-20,558.7000122070312,-0.0016260845380726696,1.2499720578141382,0.24997205781413823
2024-08-21,560.6199951171875,0.003436518468241667,1.2542676098756025,0.2542676098756025
2024-08-22,556.219970703125,-0.007848497114596786,1.2444234941585617,0.24442349415856168
2024-08-23,562.1300048828125,0.010625354160183287,1.2576459345092492,0.2576459345092492
2024-08-26,560.7899780273438,-0.002383837980234005,1.254647910364879,0.2546479103648791
2024-08-27,561.5599975585938,0.0013730978823098816,1.2563706647536457,0.25637066475364567
2024-08-28,558.2999877929688,-0.005805274200081922,1.2490770885478115,0.24907708854781152
2024-08-29,558.3499755859375,8.953572284031708e-05,1.249188925567818,0.2491889255678179
2024-08-30,563.6799926757812,0.009546014727143781,1.2611137014482732,0.26111370144827317
2024-09-03,552.0800170898438,-0.020579008899841544,1.2351612313624571,0.23516123136245715
2024-09-04,550.9500122070312,-0.0020468135919301522,1.2326330865658792,0.23263308656587922
2024-09-05,549.6099853515625,-0.0024322113182296823,1.2296350624215093,0.22963506242150933
2024-09-06,540.3599853515625,-0.01683011634892906,1.2089401612542328,0.20894016125423276
2024-09-09,546.4099731445312,0.011196217256969065,1.2224757179503103,0.2224757179503103
2024-09-10,548.7899780273438,0.0043557127427886755,1.2278004710127361,0.22780047101273615
2024-09-11,554.4199829101562,0.010258942597767273,1.2403964055663674,0.24039640556636743
2024-09-12,559.0900268554688,0.008423296578884854,1.2508446323658358,0.25084463236583576
2024-09-13,562.010009765625,0.005222741901835137,1.2573774710399783,0.2573774710399783
2024-09-16,562.8400268554688,0.0014768724318450221,1.2592344571633802,0.2592344571633802
2024-09-17,563.0700073242188,0.00040860716682655784,1.2597489893872922,0.2597489893872922
2024-09-18,561.4000244140625,-0.0029658530705484187,1.2560127589789976,0.25601275897899756
2024-09-19,570.97998046875,0.01706440263283948,1.2774458664101986,0.27744586641019864
2024-09-20,568.25,-0.004781219240837187,1.2713381176545904,0.27133811765459037
2024-09-23,569.6699829101562,0.0024988700574681832,1.2745150264097154,0.27451502640971537
2024-09-24,571.2999877929688,0.0028613143253319873,1.2781618145126323,0.27816181451263233
2024-09-25,570.0399780273438,-0.0022055133774685487,1.2753428115321552,0.27534281153215523
2024-09-26,572.2999877929688,0.003964651345061521,1.2803991011253106,0.28039910112531063
2024-09-27,571.469970703125,-0.0014503182029491635,1.278542115001909,0.27854211500190895
2024-09-30,573.760009765625,0.0040072780371684935,1.283665588738951,0.283665588738951
2024-10-01,568.6199951171875,-0.0089584749040581,1.27216590277703,0.27216590277703
2024-10-02,568.8599853515625,0.00042205732551758857,1.2727028297155707,0.2727028297155707
2024-10-03,567.8200073242188,-0.0018281792604923908,1.2703761007975147,0.27037610079751473
2024-10-04,572.97998046875,0.009087339434985742,1.2819204396355555,0.28192043963555546
2024-10-07,567.7999877929688,-0.009040442689714157,1.270331311368257,0.27033131136825705
2024-10-08,573.1699829101562,0.009457547081078044,1.28234552955409,0.28234552955409
2024-10-09,577.1400146484375,0.006926447400689373,1.2912276284140556,0.2912276284140556
2024-10-10,576.1300048828125,-0.0017500255397128184,1.2889679470867481,0.2889679470867481
2024-10-11,579.5800170898438,0.005988252959907792,1.2966866132111166,0.29668661321111656
2024-10-14,584.3200073242188,0.008178318945803564,1.3072913299067108,0.3072913299067108
2024-10-15,579.780029296875,-0.0077696775233381254,1.2971340978442798,0.2971340978442798
2024-10-16,582.2999877929688,0.00434640444437151,1.302771967252096,0.3027719672520961
2024-10-17,582.3499755859375,8.584543021927793e-05,1.3028838042721025,0.3028838042721025
2024-10-18,584.5900268554688,0.0038465722734466468,1.3078954409891383,0.30789544098913835
2024-10-21,583.6300048828125,-0.0016422140791901851,1.3057475966818373,0.30574759668183726
2024-10-22,583.3200073242188,-0.0005311542518380286,1.3050540432940325,0.3050540432940325
2024-10-23,577.989990234375,-0.009137380893711078,1.2931292674135773,0.29312926741357725
2024-10-24,579.239990234375,0.0021626672107126765,1.2959258756794254,0.2959258756794254
2024-10-25,579.0399780273438,-0.00034530110213959464,1.2954783910462622,0.29547839104626217
2024-10-28,580.8300170898438,0.003091391148152267,1.2994832214769652,0.29948322147696516
2024-10-29,581.77001953125,0.0016183778622804734,1.3015862763550083,0.30158627635500834
2024-10-30,580.010009765625,-0.0030252672130528513,1.297648630068192,0.297648630068192
2024-10-31,568.6400146484375,-0.01960310154264744,1.272210692206288,0.2722106922062879
2024-11-01,571.0399780273438,0.004220532001058652,1.2775800981448335,0.27758009814483353
2024-11-04,569.8099975585938,-0.0021539305759273875,1.274828279308243,0.27482827930824305
2024-11-05,576.7000122070312,0.012091775640930225,1.2902432168423514,0.29024321684235144
2024-11-06,591.0399780273438,0.024865554910313614,1.3223258303984047,0.3223258303984047
2024-11-07,595.6099853515625,0.0077321458684938005,1.3325502466047223,0.3325502466047223
2024-11-08,598.1900024414062,0.004331722357409529,1.3383224843003116,0.33832248430031164
2024-11-11,598.760009765625,0.0009528867448342915,1.3395977540559152,0.3395977540559152
2024-11-12,596.9000244140625,-0.003106395419244068,1.3354364337290863,0.33543643372908627
2024-11-13,597.1900024414062,0.000485806693723001,1.3360851976876333,0.33608519768763334
2024-11-14,593.3499755859375,-0.006430159312396544,1.3274939570115671,0.32749395701156714
2024-11-15,585.75,-0.012808588351979733,1.3104906333764652,0.3104906333764652
2024-11-18,588.1500244140625,0.004097352819568911,1.315860175868149,0.31586017586814896
2024-11-19,590.2999877929688,0.003655467635231613,1.3206702601535252,0.3206702601535252
2024-11-20,590.5,0.000338831460557909,1.3211177447866884,0.3211177447866884
2024-11-21,593.6699829101562,0.005368302980789608,1.3282099051140008,0.32820990511400083
2024-11-22,595.510009765625,0.003099410292649374,1.33232657256471,0.33232657256471
2024-11-25,597.530029296875,0.003392083253218603,1.336845935219325,0.33684593521932493
2024-11-26,600.6500244140625,0.005221486727384761,1.343826258526631,0.34382625852663096
2024-11-27,598.8300170898438,-0.0030300628489846604,1.3397543805051793,0.33975438050517925
2024-11-29,602.5499877929688,0.006212064520751737,1.348077021158837,0.3480770211588371
2024-12-02,603.6300048828125,0.0017924107737512518,1.3504933289354086,0.35049332893540863
2024-12-03,603.9099731445312,0.000463807728996235,1.3511196981793268,0.35111969817932676
2024-12-04,607.6599731445312,0.006209534809425099,1.3595095229768712,0.3595095229768712
2024-12-05,606.6599731445312,-0.00164565718361398,1.3572722363641927,0.3572722363641927
2024-12-06,607.8099975585938,0.0018956655539701384,1.3598451705900283,0.3598451705900283
2024-12-09,604.6799926757812,-0.005149643631043976,1.3528424525680935,0.35284245256809355
2024-12-10,602.7999877929688,-0.003109090602606557,1.348636342812007,0.34863634281200695
2024-12-11,607.4600219726562,0.007730647435394422,1.3590621748968463,0.35906217489684633
2024-12-12,604.3300170898438,-0.005152610492206833,1.3520594568749114,0.35205945687491136
2024-12-13,604.2100219726562,-0.00019855892276432474,1.351790993405641,0.3517909934056409
2024-12-16,606.7899780273438,0.004269965675617771,1.3575630945480923,0.3575630945480923
2024-12-17,604.2899780273438,-0.004120041679210651,1.351969878016396,0.351969878016396
2024-12-18,586.280029296875,-0.029803487374158943,1.311676460826691,0.3116764608266911
2024-12-19,586.0999755859375,-0.0003071121340316729,1.3112736290696474,0.3112736290696474
2024-12-20,591.1500244140625,0.008616360754965635,1.3225720357061845,0.32257203570618453
2024-12-23,594.6900024414062,0.005988290418921238,1.330491981155937,0.33049198115593703
2024-12-24,601.2999877929688,0.011115010046286677,1.3452804128929892,0.34528041289298916
2024-12-26,601.3400268554688,6.658749927290764e-05,1.3453699917515045,0.3453699917515045
2024-12-27,595.010009765625,-0.010526518786625139,1.3312079292583705,0.3312079292583705
2024-12-30,588.219970703125,-0.01141163837760406,1.316016665764275,0.3160166657642749
2024-12-31,586.0800170898438,-0.0036380159121820466,1.3112289761935276,0.31122897619352763
2025-01-02,584.6400146484375,-0.0024570065510107764,1.308007278009145,0.30800727800914496
2025-01-03,591.9500122070312,0.012503416419400448,1.3243618376856998,0.3243618376856998
2025-01-06,595.3599853515625,0.005760576187535671,1.3319909249515531,0.33199092495155313
2025-01-07,588.6300048828125,-0.011304052395755049,1.3169340297452305,0.31693402974523055
2025-01-08,589.489990234375,0.0014609947580461746,1.318858063459381,0.31885806345938095
2025-01-10,580.489990234375,-0.015267434815002923,1.2987224839452738,0.2987224839452738
2025-01-13,581.3900146484375,0.0015504563889190415,1.3007360965179395,0.30073609651793953
2025-01-14,582.1900024414062,0.0013759916283606621,1.3025258984974548,0.3025258984974548
2025-01-15,592.780029296875,0.018189984044830076,1.3262188238091015,0.3262188238091015
2025-01-16,591.6400146484375,-0.0019231664227786771,1.3236682842978948,0.32366828429789485
2025-01-17,597.5800170898438,0.010039892999691435,1.3369577722393309,0.3369577722393309
2025-01-21,603.0499877929688,0.00915353684308795,1.3491956644651764,0.34919566446517636
2025-01-22,606.4400024414062,0.005621448830210873,1.3567800988549097,0.3567800988549097
2025-01-23,609.75,0.005458079192118603,1.3641855120807502,0.36418551208075023
2025-01-24,607.969970703125,-0.0029192772396473554,1.3602030763646762,0.3602030763646762
2025-01-27,599.3699951171875,-0.01414539533258774,1.3409624661168957,0.34096246611689573
2025-01-28,604.52001953125,0.008592396109277312,1.3524845467934454,0.35248454679344543
2025-01-29,601.8099975585938,-0.0044829317228528565,1.346421450913957,0.34642145091395693
2025-01-30,605.0399780273438,0.005367110021191612,1.3536478429759047,0.3536478429759047
2025-01-31,601.8200073242188,-0.00532191395620385,1.3464438456285859,0.3464438456285859
2025-02-03,597.77001953125,-0.006729566554251942,1.3373828621578654,0.3373828621578654
2025-02-04,601.780029296875,0.006708281838506247,1.3463544033232084,0.34635440332320844
2025-02-05,604.219970703125,0.004054540342757651,1.3518132515671317,0.3518132515671317
2025-02-06,606.3200073242188,0.003475616038725038,1.3565116353856395,0.35651163538563946
2025-02-07,600.77001953125,-0.009153562023232031,1.3440947219959012,0.3440947219959012
2025-02-10,604.8499755859375,0.0067912111491030824,1.3532227530573704,0.3532227530573704
2025-02-11,605.3099975585938,0.000760555495121995,1.3542519540583322,0.3542519540583322
2025-02-12,603.3599853515625,-0.0032215099947072723,1.3498892178529813,0.3498892178529813
2025-02-13,609.72998046875,0.010557536581541571,1.3641407226514928,0.3641407226514928
2025-02-14,609.7000122070312,-4.9150054415414424e-05,1.364073675060744,0.36407367506074406
2025-02-18,611.489990234375,0.0029358340027980656,1.3680783689383091,0.36807836893830914
2025-02-19,612.9299926757812,0.0023549076262954216,1.3713000671226918,0.3713000671226918
2025-02-20,610.3800048828125,-0.00416032470826988,1.3655950135709891,0.3655950135709891
2025-02-21,599.9400024414062,-0.017104102948802602,1.3422377358724995,0.3422377358724995
2025-02-24,597.2100219726562,-0.004550422471648163,1.3361299871168912,0.33612998711689124
2025-02-25,594.239990234375,-0.004973177992678157,1.3294851748696042,0.32948517486960416
2025-02-26,594.5399780273438,0.0005048259926943022,1.33015633354278,0.33015633354277996
2025-02-27,585.0499877929688,-0.01596190430433686,1.3089245054369625,0.3089245054369625
2025-02-28,594.1799926757812,0.015605512474676564,1.3293509431349688,0.3293509431349688
2025-03-03,583.77001953125,-0.017519898469909534,1.3060608495803656,0.3060608495803656
2025-03-04,576.8599853515625,-0.011836911709231068,1.2906011226169996,0.29060112261699955
2025-03-05,583.0599975585938,0.010747863198125485,1.3044723269262342,0.30447232692623416
2025-03-06,572.7100219726562,-0.017751133038238276,1.2813164651062663,0.2813164651062663
2025-03-07,575.9199829101562,0.005604862520902865,1.2884980677389561,0.28849806773895614
2025-03-10,560.5800170898438,-0.02663558528182819,1.2541781675702244,0.2541781675702244
2025-03-11,555.9199829101562,-0.008312879584754462,1.243752335485385,0.243752335485385
2025-03-12,558.8699951171875,0.005306541044969082,1.2503523583034144,0.2503523583034144
2025-03-13,551.4199829101562,-0.01333049237232553,1.2336845457283314,0.23368454572833142
2025-03-14,562.8099975585938,0.020655788693630495,1.2591672730194934,0.2591672730194934
2025-03-17,567.1500244140625,0.007711353519474162,1.2688771570018988,0.26887715700189885
2025-03-18,561.02001953125,-0.010808436249554187,1.2551625791419283,0.2551625791419283
2025-03-19,567.1300048828125,0.010890850841058342,1.2688323675726412,0.2688323675726412
2025-03-20,565.489990234375,-0.0028917790177164227,1.2651631847550953,0.26516318475509526
2025-03-21,563.97998046875,-0.0026702678945725866,1.2617848601214485,0.2617848601214485
2025-03-24,574.0800170898438,0.017908502022889516,1.284381536841385,0.2843815368413849
2025-03-25,575.4600219726562,0.0024038545877420603,1.2874690032911322,0.28746900329113223
2025-03-26,568.5900268554688,-0.011938266525687413,1.2720988551862815,0.2720988551862815
2025-03-27,567.0800170898438,-0.0026557092004866334,1.2687205305526348,0.2687205305526348
2025-03-28,555.6599731445312,-0.020138328985595644,1.2431706191175864,0.24317061911758642
2025-03-31,559.3900146484375,0.0067128130226792315,1.2515157910390111,0.2515157910390111
2025-04-01,560.969970703125,0.0028244266313557365,1.255050605568784,0.255050605568784
2025-04-02,564.52001953125,0.006328411525621025,1.2629930822863031,0.26299308228630314
2025-04-03,536.7000122070312,-0.04928081620084812,1.2007517523352091,0.20075175233520914
2025-04-04,505.2799987792969,-0.058542971330535654,1.1304561769231585,0.13045617692315847
2025-04-07,504.3800048828125,-0.0017811785518102585,1.1284426326270616,0.12844263262706157
2025-04-08,496.4800109863281,-0.0156627816725603,1.1107680820422148,0.11076808204221478
2025-04-09,548.6199951171875,0.10501930183911301,1.2274201705234589,0.22742017052345886
2025-04-10,524.5800170898438,-0.04381899719533322,1.173635849513796,0.17363584951379596
2025-04-11,533.9400024414062,0.017842817199724692,1.1945768194357143,0.19457681943571425
2025-04-14,539.1199951171875,0.009701450822369617,1.2061659477030124,0.20616594770301244
2025-04-15,537.6099853515625,-0.0028008788011967267,1.2027876230693657,0.2027876230693657
2025-04-16,525.6599731445312,-0.02222803246337901,1.1760520207372294,0.17605202073722936
2025-04-17,526.4099731445312,0.001426777837987947,1.1777299856967383,0.17772998569673826
2025-04-21,513.8800048828125,-0.023802680232045126,1.1496968554475078,0.14969685544750777
2025-04-22,527.25,0.02601773758493775,1.179609366534769,0.1796093665347691
2025-04-23,535.4199829101562,0.015495463082325855,1.1978879599254744,0.19788795992547437
2025-04-24,546.6900024414062,0.02104893334386637,1.2231022237473657,0.22310222374736566
2025-04-25,550.6400146484375,0.00722532365580375,1.2319395331780736,0.2319395331780736
2025-04-28,550.8499755859375,0.00038130345037501456,1.2324092759727279,0.23240927597272787
2025-04-29,554.3200073242188,0.006299413437552026,1.2401727315263542,0.2401727315263542
2025-04-30,554.5399780273438,0.000396829809890642,1.2406648690356374,0.24066486903563744
2025-05-01,558.469970703125,0.007086942026725218,1.2494573890370877,0.2494573890370877
2025-05-02,566.760009765625,0.014844198430334021,1.2680045824502013,0.2680045824502013
2025-05-05,563.510009765625,-0.005734349537724115,1.2607334009589959,0.2607334009589959
2025-05-06,558.7999877929688,-0.008358364343191038,1.2501957318541503,0.25019573185415034
2025-05-07,561.1500244140625,0.0042055058561747405,1.2554534373258277,0.2554534373258277
2025-05-08,565.0599975585938,0.0069677857514378605,1.2642011678980203,0.2642011678980203
2025-05-09,564.3400268554688,-0.0012741491279434358,1.262590387082398,0.262590387082398
2025-05-12,582.989990234375,0.03304738719814848,1.30431570047697,0.3043157004769701
2025-05-13,586.8400268554688,0.006603949785734642,1.3129293358676652,0.31292933586766525
2025-05-14,587.5900268554688,0.0012780314322096142,1.3146073008271741,0.31460730082717414
2025-05-15,590.4600219726562,0.004884349607746863,1.3210283024813105,0.32102830248131053
2025-05-16,594.2000122070312,0.00633402786844095,1.3293957325642265,0.3293957325642265
2025-05-19,594.8499755859375,0.0010938461217664397,1.3308498869305847,0.3308498869305847
2025-05-20,592.8499755859375,-0.0033621922872737464,1.3263753137052277,0.32637531370522765
2025-05-21,582.8599853515625,-0.016850789652983478,1.304024842293071,0.3040248422930709
2025-05-22,583.0900268554688,0.00039467712604679406,1.3045395110701208,0.3045395110701208
2025-05-23,579.1099853515625,-0.006825775301577575,1.2956350174955262,0.29563501749552623
2025-05-27,591.1500244140625,0.02079059136787431,1.3225720357061843,0.3225720357061843
2025-05-28,587.72998046875,-0.005785407771406903,1.3149204171725644,0.31492041717256436
2025-05-29,590.0499877929688,0.003947403401760141,1.320110938500355,0.3201109385003551
2025-05-30,589.3900146484375,-0.0011185037847383228,1.318634389419368,0.31863438941936795
2025-06-02,592.7100219726562,0.005632954820585345,1.3260621973598374,0.32606219735983744
2025-06-03,596.0900268554688,0.005702628195088044,1.333624237034942,0.33362423703494204
2025-06-04,595.9299926757812,-0.0002684731709600152,1.3332661947071562,0.33326619470715624
2025-06-05,593.0499877929688,-0.004832790626766448,1.326822798338391,0.3268227983383909
2025-06-06,599.1400146484375,0.010268994150278488,1.340447933892984,0.340447933892984
2025-06-09,599.6799926757812,0.0009012551559597348,1.3416560195047007,0.3416560195047007
2025-06-10,603.0800170898438,0.005669731282665458,1.349262848609063,0.349262848609063
2025-06-11,601.3599853515625,-0.0028520788113346462,1.345414644627624,0.34541464462762406
2025-06-12,603.75,0.003974349319302073,1.3507617924046789,0.35076179240467886
2025-06-13,597.0,-0.011180124223602483,1.3356601077690986,0.3356601077690986
2025-06-16,602.6799926757812,0.00951422558757331,1.3483678793427363,0.3483678793427363
2025-06-17,597.530029296875,-0.008545104270081039,1.3368459352193245,0.3368459352193245
2025-06-18,597.4400024414062,-0.00015066498929716676,1.3366445193408028,0.33664451934080275
2025-06-20,594.280029296875,-0.005289189092826385,1.3295747537281193,0.3295747537281193
2025-06-23,600.1500244140625,0.00987749011881256,1.3427076152202915,0.3427076152202915
2025-06-24,606.780029296875,0.011047245877038092,1.3575408363866015,0.3575408363866015
2025-06-25,607.1199951171875,0.0005602785258216336,1.358301437365155,0.35830143736515496
2025-06-26,611.8699951171875,0.007823824018649228,1.3689285487753782,0.3689285487753782
2025-06-27,614.9099731445312,0.004968339764334306,1.3757298509187914,0.3757298509187914
2025-06-30,617.8499755859375,0.004781191670012452,1.3823074790221919,0.38230747902219187
2025-07-01,617.6500244140625,-0.00032362414789344207,1.3818601309421665,0.38186013094216653
2025-07-02,620.4500122070312,0.004533291803274775,1.3881245061470389,0.38812450614703886
2025-07-03,625.3400268554688,0.00788139987465386,1.39906487045579,0.39906487045579
2025-07-07,620.6799926757812,-0.007452000479036269,1.3886390383709506,0.3886390383709506
2025-07-08,620.3400268554688,-0.0005477312372305088,1.3878784373923971,0.38787843739239714
2025-07-09,624.0599975585938,0.005996663994070728,1.3962010780460552,0.3962010780460552
2025-07-10,625.8200073242188,0.002820257303000284,1.4001387243328716,0.40013872433287156
2025-07-11,623.6199951171875,-0.0035154072757080934,1.395216666474351,0.39521666647435105
2025-07-14,624.8099975585938,0.0019082172648787754,1.397879043005564,0.3978790430055641
2025-07-15,622.1400146484375,-0.004273271747553764,1.391905525984591,0.39190552598459094
2025-07-16,624.219970703125,0.0033432282214846953,1.396558983820703,0.3965589838207031
2025-07-17,628.0399780273438,0.006119649327969823,1.4051054350675116,0.4051054350675116
2025-07-18,627.5800170898438,-0.0007323752525193461,1.4040763706196877,0.4040763706196877
2025-07-21,628.77001953125,0.0018961764380651669,1.4067387471509007,0.40673874715090075
2025-07-22,628.8599853515625,0.00014308223598114012,1.4069400264762844,0.40694002647628436
2025-07-23,634.2100219726562,0.008507516372031176,1.4189095917859973,0.4189095917859973
2025-07-24,634.4199829101562,0.0003310590028946514,1.4193793345806516,0.4193793345806516
2025-07-25,637.0999755859375,0.004224319453948855,1.4253752463162537,0.4253752463162537
2025-07-28,636.9400024414062,-0.0002510958258695739,1.4250173405416058,0.4250173405416058
2025-07-29,635.260009765625,-0.002637599568784843,1.4212587154186824,0.42125871541868243
2025-07-30,634.4600219726562,-0.0012593076546151272,1.4194689134391671,0.41946891343916715
2025-07-31,632.0800170898438,-0.003751229077306739,1.414144160376741,0.41414416037674107
2025-08-01,621.719970703125,-0.01639040328219421,1.3909657672890063,0.39096576728900634
2025-08-04,631.1699829101562,0.01519978873502148,1.4121081530894464,0.41210815308944637
2025-08-05,627.969970703125,-0.0050699689365404366,1.4049488086182473,0.40494880861824734
2025-08-06,632.780029296875,0.007659695237280717,1.4157102883162438,0.4157102883162438
2025-08-07,632.25,-0.0008376201402309214,1.414524460866018,0.4145244608660179
2025-08-08,637.1799926757812,0.007797536853746623,1.4255542674801467,0.4255542674801467
2025-08-11,635.9199829101562,-0.0019774785462639555,1.4227352644996696,0.4227352644996696
2025-08-12,642.6900024414062,0.010646024206171889,1.4378817385645075,0.4378817385645075
2025-08-13,644.8900146484375,0.0034231312120525104,1.442803796423028,0.44280379642302803
2025-08-14,644.9500122070312,9.303533506632711e-05,1.4429380281576631,0.44293802815766314
2025-08-15,643.4400024414062,-0.002341281862229483,1.4395597035240164,0.4395597035240164
2025-08-18,643.2999877929688,-0.00021760326977848798,1.4392464506254883,0.4392464506254883
2025-08-19,639.8099975585938,-0.005425136484688009,1.4314383421957422,0.4314383421957422
2025-08-20,638.1099853515625,-0.0026570578976855552,1.4276349276435611,0.42763492764356115
2025-08-21,635.5499877929688,-0.004011843753210287,1.4219074793772295,0.4219074793772295
2025-08-22,645.3099975585938,0.015356793254796441,1.4437434185654743,0.4437434185654743
2025-08-25,642.469970703125,-0.0044010272058598865,1.4373894645020864,0.4373894645020864
2025-08-26,645.1599731445312,0.004186969919329098,1.4434077709523172,0.4434077709523172
2025-08-27,646.6300048828125,0.0022785538462906096,1.4466966532805863,0.4466966532805863
2025-08-28,648.9199829101562,0.003541403909580021,1.4518199904644904,0.4518199904644904
2025-08-29,645.0499877929688,-0.0059637477949624484,1.4431617021976755,0.4431617021976755
2025-09-02,640.27001953125,-0.007410229210411012,1.4324675431967038,0.4324675431967038
2025-09-03,643.739990234375,0.005419542688669621,1.440230862197192,0.440230862197192
2025-09-04,649.1199951171875,0.008357419089116691,1.4522674750976539,0.45226747509765386
2025-09-05,647.239990234375,-0.002896236284437803,1.4480613653415673,0.44806136534156726
2025-09-08,648.8300170898438,0.002456626412859597,1.4516187111391068,0.4516187111391068
2025-09-09,650.3300170898438,0.002311853583358836,1.4549746410581246,0.4549746410581246
2025-09-10,652.2100219726562,0.0028908474672986184,1.4591807508142112,0.45918075081421117
2025-09-11,657.6300048828125,0.008310180352278485,1.4713068060200505,0.4713068060200505
2025-09-12,657.4099731445312,-0.00033458287585352853,1.4708145319576293,0.47081453195762935
2025-09-15,660.9099731445312,0.005323922883704979,1.4786450351020044,0.4786450351020044
2025-09-16,660.0,-0.0013768488621856978,1.4766091643678476,0.4766091643678476
2025-09-17,659.1799926757812,-0.0012424353397253451,1.4747745729590747,0.47477457295907466
2025-09-18,662.260009765625,0.004672497836806455,1.481665453961003,0.481665453961003
2025-09-19,663.7000122070312,0.0021743762573189773,1.4848871521453855,0.48488715214538547
2025-09-22,666.8400268554688,0.004731075170536503,1.4919122648819492,0.49191226488194917
2025-09-23,663.2100219726562,-0.005443591771073009,1.483790903553675,0.48379090355367493
2025-09-24,661.0999755859375,-0.0031815658943793457,1.4790701250205383,0.47907012502053825
2025-09-25,658.0499877929688,-0.004613504621998388,1.4722464281624963,0.4722464281624963
2025-09-26,661.8200073242188,0.0057290777314567,1.4806810423892987,0.48068104238929865
2025-09-29,663.6799926757812,0.0028104096748033935,1.4848423627161276,0.4848423627161276
2025-09-30,666.1799926757812,0.003766875644270362,1.4904355792478239,0.4904355792478239
2025-10-01,668.4500122070312,0.0034075168215907947,1.4955142635556082,0.49551426355560824
2025-10-02,669.219970703125,0.0011518565068935338,1.497236881391237,0.4972368813912369
2025-10-03,669.2100219726562,-1.4866158967619114e-05,1.4972146232297459,0.49721462322974586
2025-10-06,671.6099853515625,0.003586263355458641,1.5025840291682915,0.5025840291682915
2025-10-07,669.1199951171875,-0.003707494362329311,1.497013207351224,0.4970132073512239
2025-10-08,673.1099853515625,0.005963041402874625,1.5059399590873095,0.5059399590873095
2025-10-09,671.1599731445312,-0.0028970186885769467,1.5015772228819588,0.5015772228819588
2025-10-10,653.02001953125,-0.027027764376787222,1.4609929475083547,0.46099294750835473
2025-10-13,663.0399780273438,0.015344029580113494,1.4834104665112602,0.4834104665112602
2025-10-14,662.22998046875,-0.0012216421112398734,1.481598269817116,0.48159826981711595
2025-10-15,665.1699829101562,0.00443954899070742,1.4881758979205164,0.4881758979205164
2025-10-16,660.6400146484375,-0.006810241559458086,1.4780410605727143,0.47804106057271434
2025-10-17,664.3900146484375,0.0056763137515907225,1.486430885370259,0.486430885370259
2025-10-20,671.2999877929688,0.010400477117627371,1.501890475780487,0.501890475780487
2025-10-21,671.2899780273438,-1.4911017141350236e-05,1.5018680810658582,0.5018680810658582
2025-10-22,667.7999877929688,-0.005198930936866852,1.4940599726361121,0.4940599726361121
2025-10-23,671.760009765625,0.005929952148911788,1.5029196767814488,0.5029196767814488
2025-10-24,677.25,0.008172546972973871,1.515202358436552,0.5152023584365519
2025-10-27,685.239990234375,0.011797696913067535,1.5330782566233514,0.5330782566233514
2025-10-28,687.0599975585938,0.002656014462314449,1.5371501346448029,0.5371501346448029
2025-10-29,687.3900146484375,0.00048033227231458753,1.5378884774618655,0.5378884774618655
2025-10-30,679.8300170898438,-0.010998119550020391,1.520974596132141,0.520974596132141
2025-10-31,682.0599975585938,0.0032802030105936186,1.52596370158141,0.52596370158141
2025-11-03,683.3400268554688,0.0018767107020742912,1.5288274939911448,0.5288274939911448
2025-11-04,675.239990234375,-0.011853596017736279,1.5107053904965657,0.5107053904965657
2025-11-05,677.5800170898438,0.0034654743340312155,1.5159407012536141,0.5159407012536141
2025-11-06,670.3099975585938,-0.010729388925125316,1.499675583882437,0.49967558388243694
2025-11-07,670.969970703125,0.0009845789961884233,1.501152132963424,0.5011521329634241
2025-11-10,681.4400024414062,0.01560432239211762,1.5245765948058003,0.5245765948058003
2025-11-11,683.0,0.0022892661907207845,1.5280667564594534,0.5280667564594534
2025-11-12,683.3800048828125,0.0005563761095350728,1.5289169362965223,0.5289169362965223
2025-11-13,672.0399780273438,-0.016594027882646856,1.5035460460253667,0.5035460460253667
2025-11-14,671.9299926757812,-0.00016365894166792128,1.5032999772707252,0.5032999772707252
2025-11-17,665.6699829101562,-0.009316461288915168,1.4892945412268555,0.48929454122685545
2025-11-18,660.0800170898438,-0.008397503213040225,1.4767881855317397,0.47678818553173974
2025-11-19,662.6300048828125,0.003863149507556951,1.4824932390834427,0.48249323908344266
2025-11-20,652.530029296875,-0.015242255122032589,1.4598966989166444,0.4598966989166444
2025-11-21,659.030029296875,0.009961227389035265,1.474439061899055,0.47443906189905505
2025-11-24,668.72998046875,0.014718526835907575,1.4961406327995266,0.4961406327995266
2025-11-25,675.02001953125,0.009405947461920139,1.510213252987283,0.5102132529872829
2025-11-26,679.6799926757812,0.006903459171132775,1.5206389485189842,0.5206389485189842
2025-11-28,683.3900146484375,0.0054584834225450685,1.5289393310111514,0.5289393310111514
2025-12-01,680.27001953125,-0.004565467815318525,1.5219590077038454,0.5219590077038454
2025-12-02,681.530029296875,0.0018522200441719594,1.5247780106843225,0.5247780106843225
2025-12-03,683.8900146484375,0.00346277529986061,1.5300579743174907,0.5300579743174907
2025-12-04,684.3900146484375,0.0007311117128343536,1.5311766176238297,0.5311766176238297
2025-12-05,685.6900024414062,0.0018994838690575833,1.5340850629096843,0.5340850629096843
2025-12-08,683.6300048828125,-0.0030042694967975514,1.5294762579496919,0.5294762579496919
2025-12-09,683.0399780273438,-0.0008630792259767261,1.5281561987648309,0.5281561987648309
2025-12-10,687.5700073242188,0.006632158354709983,1.5382911726657709,0.5382911726657709
2025-12-11,689.1699829101562,0.0023270002601829542,1.5418707766248012,0.5418707766248012
2025-12-12,681.760009765625,-0.010752025375860397,1.5252925429082338,0.5252925429082338
2025-12-15,680.72998046875,-0.0015108385386657375,1.5229880721516686,0.5229880721516686
2025-12-16,678.8699951171875,-0.0027323394075896568,1.5188267518248397,0.5188267518248397
2025-12-17,671.4000244140625,-0.011003536401451242,1.5021142863736372,0.5021142863736372
2025-12-18,676.469970703125,0.007551304892321253,1.5134572093331562,0.5134572093331562
2025-12-19,680.5900268554688,0.0060905233502994705,1.5226749558062789,0.5226749558062789
2025-12-22,684.8300170898438,0.006229874178387496,1.5321610291955337,0.5321610291955337
2025-12-23,687.9600219726562,0.0045704843606495515,1.5391637472174686,0.5391637472174686
2025-12-24,690.3800048828125,0.003517621421107009,1.5445779425852721,0.5445779425852721
2025-12-26,690.3099975585938,-0.0001014040437492536,1.544421316136008,0.5444213161360081
2025-12-29,687.8499755859375,-0.003563648189011559,1.5389175419096892,0.5389175419096892
2025-12-30,687.010009765625,-0.0012211468345215692,1.5370382976247965,0.5370382976247965
2025-12-31,681.9199829101562,-0.007408955885817803,1.525650448682882,0.5256504486828819
2026-01-02,683.1699829101562,0.0018330596423725698,1.52844705694873,0.5284470569487301
2026-01-05,687.719970703125,0.006660110816910869,1.5386266837257898,0.5386266837257898
2026-01-06,691.8099975585938,0.005947227112347964,1.5477772460550259,0.5477772460550259
2026-01-07,689.5800170898438,-0.0032234001772446508,1.5427881406057569,0.5427881406057569
2026-01-08,689.510009765625,-0.00010152168346500012,1.5426315141564928,0.5426315141564928
2026-01-09,694.0700073242188,0.006613388484590255,1.5528335356481813,0.5528335356481813
2026-01-12,695.1599731445312,0.0015703975230316747,1.5552721015862436,0.5552721015862436
2026-01-13,693.77001953125,-0.001999473023445053,1.5521623769750053,0.5521623769750053
2026-01-14,690.3599853515625,-0.004915222744839132,1.544533153156014,0.544533153156014
2026-01-15,692.239990234375,0.0027232240029890775,1.5487392629121008,0.5487392629121008
2026-01-16,691.6599731445312,-0.0008378844014015341,1.5474415984418688,0.5474415984418688
2026-01-20,677.5800170898438,-0.020356759970762806,1.5159407012536141,0.5159407012536141
2026-01-21,685.4000244140625,0.011541083159159804,1.5334362989511372,0.5334362989511372
2026-01-22,688.97998046875,0.005223163010167564,1.5414456867062671,0.5414456867062671
2026-01-23,689.22998046875,0.00036285524556167736,1.542005008359437,0.542005008359437
2026-01-26,692.72998046875,0.00507813081145958,1.549835511503812,0.549835511503812
2026-01-27,695.489990234375,0.003984250492172103,1.556010444403307,0.5560104444033069
2026-01-28,695.4199829101562,-0.0001006589961060067,1.5558538179540429,0.5558538179540429
2026-01-29,694.0399780273438,-0.001984419367757506,1.5527663515042953,0.5527663515042953
2026-01-30,691.969970703125,-0.002982547677011782,1.5481351518296742,0.5481351518296742
2026-02-02,695.4099731445312,0.004971317523953855,1.555831423239414,0.5558314232394139
2026-02-03,689.530029296875,-0.008455363130712823,1.542676303585751,0.5426763035857509
2026-02-04,686.1900024414062,-0.0048439179057576665,1.5352037062160238,0.5352037062160238
2026-02-05,677.6199951171875,-0.0124892628772314,1.516030143558992,0.516030143558992
2026-02-06,690.6199951171875,0.019184793975496328,1.5451148695238135,0.5451148695238135
2026-02-09,693.9500122070312,0.004821779145387506,1.5525650721789115,0.5525650721789115
2026-02-10,692.1199951171875,-0.0026371021797716443,1.548470799442831,0.5484707994428311
2026-02-11,691.9600219726562,-0.00023113498477123073,1.5481128936681832,0.5481128936681832
2026-02-12,681.27001953125,-0.015448872914552103,1.524196294316524,0.5241962943165239
2026-02-13,681.75,0.0007045377823615695,1.5252701481936055,0.5252701481936055
2026-02-17,682.8499755859375,0.0016134588719287635,1.5277311088462966,0.5277311088462966
2026-02-18,686.2899780273438,0.005037713354905549,1.5354273802560363,0.5354273802560363
2026-02-19,684.47998046875,-0.002637365569283623,1.5313778969492138,0.5313778969492138
2026-02-20,689.4299926757812,0.007231785221302411,1.5424524929926002,0.5424524929926002
2026-02-23,682.3900146484375,-0.010211302238274489,1.526702044398473,0.5267020443984729
2026-02-24,687.3499755859375,0.007268513358970052,1.5377988986033502,0.5377988986033502
2026-02-25,693.1500244140625,0.008438276037153747,1.5507752701993962,0.5507752701993962
2026-02-26,689.2999877929688,-0.005554405951797015,1.542161634808701,0.542161634808701
2026-02-27,685.989990234375,-0.004801969559279806,1.5347562215828605,0.5347562215828605
2026-03-02,686.3800048828125,0.0005685427688300049,1.5356287961345583,0.5356287961345583
2026-03-03,680.3300170898438,-0.008814341545397508,1.5220932394384807,0.5220932394384807
2026-03-04,685.1300048828125,0.007055381465455479,1.5328321878687101,0.5328321878687101
2026-03-05,681.3099975585938,-0.0055755948462250515,1.5242857366219014,0.5242857366219014
2026-03-06,672.3800048828125,-0.013107091790493297,1.5043067835570585,0.5043067835570585
2026-03-09,678.27001953125,0.008759949144329537,1.5174844344784884,0.5174844344784884
2026-03-10,677.1799926757812,-0.001607069196751576,1.515045731987288,0.5150457319872881
2026-03-11,676.3300170898438,-0.0012551693717042234,1.5131440929877664,0.5131440929877664
2026-03-12,666.0599975585938,-0.0151849234423167,1.4901671157785534,0.49016711577855343
2026-03-13,662.2899780273438,-0.005660180081477395,1.481732501551751,0.48173250155175107
2026-03-16,669.030029296875,0.010176888512803295,1.4968119280258403,0.4968119280258403
2026-03-17,670.7899780273438,0.0026305975119209624,1.5007494377595187,0.5007494377595187
2026-03-18,661.4299926757812,-0.013953675007322364,1.4798084678376007,0.47980846783760067
2026-03-19,659.7999877929688,-0.002464364937880159,1.4761616797346835,0.4761616797346835
2026-03-20,648.5700073242188,-0.017020279897722146,1.4510369947713075,0.45103699477130754
2026-03-23,655.3800048828125,0.01050001924493782,1.466272911141523,0.4662729111415229
2026-03-24,653.1799926757812,-0.0033568497522664664,1.4613508532830024,0.4613508532830024
2026-03-25,656.8200073242188,0.0055727589473859585,1.4694946093259054,0.46949460932590537
2026-03-26,645.0900268554688,-0.017858744158138706,1.44325128105619,0.44325128105618994
2026-03-27,634.0900268554688,-0.017051883523327982,1.418641128316726,0.41864112831672595
2026-03-30,631.969970703125,-0.0033434623831846144,1.4138979550689603,0.4138979550689603
2026-03-31,650.3400268554688,0.02906792569891481,1.4549970357727524,0.4549970357727524
2026-04-01,655.239990234375,0.007534463782890022,1.4659596582429946,0.46595965824299457
2026-04-02,655.8300170898438,0.0009004744280911581,1.4672797174278556,0.46727971742785557
2026-04-06,658.9299926757812,0.004726797348638012,1.474215251305904,0.4742152513059039
2026-04-07,659.219970703125,0.0004400741058487867,1.474864015264451,0.474864015264451
2026-04-08,676.010009765625,0.025469554638327674,1.5124281448853323,0.5124281448853323
2026-04-09,679.9099731445312,0.00576909117108837,1.521153480742896,0.5211534807428959
2026-04-10,679.4600219726562,-0.0006617805145495703,1.520146811009701,0.520146811009701
2026-04-13,686.0999755859375,0.009772397784351794,1.5350022903375016,0.5350022903375016
2026-04-14,694.4600219726562,0.01218488075237012,1.553706110199879,0.553706110199879
2026-04-15,699.9400024414062,0.007890994867038925,1.5659663971403532,0.5659663971403532
2026-04-16,701.6599731445312,0.002457311622604319,1.569814464568654,0.569814464568654
2026-04-17,710.1400146484375,0.012085685130224011,1.588786747900302,0.5887867479003019
2026-04-20,708.719970703125,-0.001999667552905704,1.585609702592039,0.585609702592039
2026-04-21,704.0800170898438,-0.006546949154936255,1.5752287964895955,0.5752287964895955
2026-04-22,711.2100219726562,0.010126696838070659,1.5911806609622445,0.5911806609622445
2026-04-23,708.4500122070312,-0.0038807239498251933,1.5850057280627496,0.5850057280627496
2026-04-24,713.9400024414062,0.007749297960024215,1.597288409717853,0.597288409717853
2026-04-27,715.1699829101562,0.0017228064887020444,1.6000402285544435,0.6000402285544435
2026-04-28,711.6900024414062,-0.004865948728146163,1.5922545148393263,0.5922545148393263
2026-04-29,711.5800170898438,-0.00015454109399481997,1.5920084460846848,0.5920084460846848
2026-04-30,718.6599731445312,0.009949627427204177,1.6078483369841898,0.6078483369841898
2026-05-01,720.6500244140625,0.0027691138283709726,1.612300652048056,0.6123006520480561
2026-05-04,718.010009765625,-0.0036633796697419507,1.6063941826178316,0.6063941826178316
2026-05-05,723.77001953125,0.008022185884992261,1.619280975355362,0.6192809753553621
2026-05-06,733.8300170898438,0.013899439445017592,1.6417880732167829,0.6417880732167829
2026-05-07,731.5800170898438,-0.0030661051573263043,1.636754178338256,0.636754178338256
2026-05-08,737.6199951171875,0.008256073001242203,1.6502673403197048,0.6502673403197048
2026-05-11,739.2999877929688,0.002277585595431564,1.6540259654426281,0.6540259654426281
2026-05-12,738.1799926757812,-0.0015149399914519135,1.6515202153606792,0.6515202153606792
2026-05-13,742.3099975585938,0.005594848036780231,1.6607602199952927,0.6607602199952927
2026-05-14,748.1699829101562,0.007894256268722755,1.673870686772836,0.6738706867728359
2026-05-15,739.1699829101562,-0.012029351892724582,1.653735107258729,0.653735107258729
2026-05-18,738.6500244140625,-0.0007034356211904624,1.65257181107627,0.6525718110762699
2026-05-19,733.72998046875,-0.006660859382243145,1.641564262623632,0.641564262623632
2026-05-20,741.25,0.010249028568310337,1.6583887016479788,0.6583887016479788
2026-05-21,742.719970703125,0.0019830970699832307,1.6616774474231102,0.6616774474231102
2026-05-22,745.6400146484375,0.00393155436839554,1.6682104226503909,0.6682104226503909
2026-05-26,750.5900268554688,0.0066386085909901915,1.679285018693777,0.6792850186937771
2026-05-27,750.4600219726562,-0.0001732035840619206,1.678994160509878,0.6789941605098779
2026-05-28,754.5999755859375,0.0055165545026623075,1.6882564233059825,0.6882564233059825
2026-05-29,756.47998046875,0.002491392716190699,1.692462533062069,0.6924625330620691
2026-06-01,758.5399780273438,0.00272313559086812,1.6970713380220612,0.6970713380220612
2026-06-02,759.5700073242188,0.0013579103629497435,1.6993758087786264,0.6993758087786264
2026-06-03,754.239990234375,-0.007017150543661033,1.687451032898171,0.6874510328981711
2026-06-04,757.0900268554688,0.003778686701839007,1.693827381676188,0.693827381676188
2026-06-05,737.5499877929688,-0.0258093996346227,1.6501107138704407,0.6501107138704407
2026-06-08,739.219970703125,0.0022642301373410056,1.6538469442787354,0.6538469442787354
2026-06-09,737.0499877929688,-0.002935503633772485,1.6489920705641017,0.6489920705641017
2026-06-10,725.4299926757812,-0.015765545498457323,1.622994811049028,0.622994811049028
2026-06-11,737.760009765625,0.016996839411566045,1.6505805932182334,0.6505805932182334
2026-06-12,741.75,0.005408249541260179,1.6595073449543187,0.6595073449543187
2026-06-15,754.8300170898438,0.017633996750716197,1.6887710920830328,0.6887710920830328
2026-06-16,750.3300170898438,-0.005961607114339795,1.6787033023259792,0.6787033023259792
2026-06-17,740.9600219726562,-0.012487831892330603,1.6577399376894322,0.6577399376894322
2026-06-18,746.739990234375,0.007800647930141791,1.6706713833030826,0.6706713833030826
2026-06-22,744.3900146484375,-0.003146979693962715,1.6654138143845432,0.6654138143845432
2026-06-23,733.5800170898438,-0.014521954010491611,1.6412287515636135,0.6412287515636135
2026-06-24,733.239990234375,-0.0004635170636431152,1.640468014031922,0.6404680140319221
2026-06-25,734.2999877929688,0.0014456352254532678,1.642839532379236,0.642839532379236
2026-06-26,728.989990234375,-0.007231373616869652,1.6309595459280384,0.6309595459280384
2026-06-29,741.0,0.016474862380159383,1.65782937999481,0.6578293799948101
2026-06-30,746.77001953125,0.007786800986842035,1.6707385674469695,0.6707385674469695
2026-07-01,745.760009765625,-0.001352504438058455,1.668478886119662,0.668478886119662
2026-07-02,744.780029296875,-0.001314069480687241,1.6662863889362411,0.6662863889362411
2026-07-06,751.280029296875,0.008727409093039817,1.6808287519186518,0.6808287519186518
2026-07-07,747.7100219726562,-0.004751899671231685,1.6728416223250129,0.6728416223250129
2026-07-08,745.4000244140625,-0.0030894297130047432,1.6676734957118509,0.6676734957118509
2026-07-09,751.7100219726562,0.00846525000257925,1.681790768775727,0.681790768775727
2026-07-10,754.9500122070312,0.0043101596888019955,1.6890395555523035,0.6890395555523035
2026-07-13,749.1699829101562,-0.007656174850540931,1.676107973385515,0.6761079733855151
2026-07-14,751.8300170898438,0.00355064169730146,1.6820592322449972,0.6820592322449972
2026-07-15,754.8099975585938,0.003963635929681075,1.6887263026537753,0.6887263026537753
2026-07-16,750.719970703125,-0.005418617756386079,1.6795757403245393,0.6795757403245393
2026-07-17,743.2899780273438,-0.009897156017872222,1.662952717178714,0.662952717178714
2026-07-20,742.0900268554688,-0.0016143782471810253,1.66026808248601,0.6602680824860101
2026-07-21,748.280029296875,0.008341309298597777,1.6741168920806158,0.6741168920806158
2026-07-22,747.4099731445312,-0.0011627413779321527,1.6721703270986985,0.6721703270986985
2026-07-23,738.1799926757812,-0.012349287272575782,1.6515202153606796,0.6515202153606796
2026-07-24,738.9299926757812,0.0010160123647910968,1.6531981803201885,0.6531981803201885
2026-07-27,739.0900268554688,0.0002165755636849287,1.6535562226479743,0.6535562226479743
2026-07-28,740.8599853515625,0.002394780651586048,1.6575161270962815,0.6575161270962815
2026-07-29,729.4600219726562,-0.015387473482586067,1.6320111416436287,0.6320111416436287
2026-07-30,741.6900024414062,0.01676579949601198,1.6593731132196834,0.6593731132196834
2026-07-31,747.030029296875,0.007199809675054292,1.6713202838147674,0.6713202838147674
2026-08-03,757.6699829101562,0.01424300656734756,1.6951249095932823,0.6951249095932823
2026-08-04,771.3300170898438,0.018029002715958642,1.7256863211922289,0.7256863211922289
2026-08-05,769.7899780273438,-0.0019966020100066206,1.7222408124146955,0.7222408124146955
2026-08-06,768.5599975585938,-0.001597813044932006,1.719488993578105,0.719488993578105
2026-08-07,773.260009765625,0.006115348472417681,1.7300042679683219,0.7300042679683219
2026-08-10,773.030029296875,-0.00029741673673222557,1.72948973574441,0.7294897357444099
2026-08-11,770.5599975585938,-0.0031952597501651026,1.723963566803462,0.7239635668034621
2026-08-12,772.489990234375,0.0025046624297864195,1.7282815135795553,0.7282815135795553
2026-08-13,777.8800048828125,0.006977455651952402,1.7403405211946459,0.7403405211946459
2026-08-14,776.3400268554688,-0.0019797115463531245,1.7368951489702507,0.7368951489702507
